Source,Created_Date,Updated_Date,Execution_ID,Created_By,Updated_By,DimBenchmarkID,DynamoID,BenchmarkName,BenchmarkDescription,Symbol,CurrencyID
Dynamo,25-03-2026 23:00:02,25-03-2026 23:00:02,85e45f55-7636-4f08-ba27-d998f1f6e513,Sys_User,Sys_User,2786,c916be66-6de3-40f3-ac55-ed9e4de58d9d,Cambridge BO 2001,,,USD
Dynamo,25-03-2026 23:00:02,25-03-2026 23:00:02,85e45f55-7636-4f08-ba27-d998f1f6e513,Sys_User,Sys_User,2846,d13b82e3-9640-4436-acec-5c467263472d,Cambridge BO 2002,,,USD
Dynamo,25-03-2026 23:00:02,25-03-2026 23:00:02,85e45f55-7636-4f08-ba27-d998f1f6e513,Sys_User,Sys_User,1374,c8d4216d-1242-48c9-8087-2eb198e6aed9,Cambridge VC 1990,,,USD
Dynamo,25-03-2026 23:00:02,25-03-2026 23:00:02,85e45f55-7636-4f08-ba27-d998f1f6e513,Sys_User,Sys_User,1434,5f15aabe-fbc7-482e-8adf-119de6e901b7,Cambridge VC 1991,,,USD
Dynamo,25-03-2026 23:00:02,25-03-2026 23:00:02,85e45f55-7636-4f08-ba27-d998f1f6e513,Sys_User,Sys_User,2814,bc4f2be5-76fe-43b5-a43f-95b83245e88f,Cambridge VC 2014,,,USD
Dynamo,25-03-2026 23:00:02,25-03-2026 23:00:02,85e45f55-7636-4f08-ba27-d998f1f6e513,Sys_User,Sys_User,2874,1aabd0a2-b876-4627-aa6a-ad66997a4a87,Cambridge VC 2015,,,USD
Dynamo,25-03-2026 23:00:02,25-03-2026 23:00:02,85e45f55-7636-4f08-ba27-d998f1f6e513,Sys_User,Sys_User,3506,7a3de0bd-c7b7-4d25-9bb6-e048d14f2ffb,Cambridge BO 2013,,,USD
Dynamo,25-03-2026 23:00:02,25-03-2026 23:00:02,85e45f55-7636-4f08-ba27-d998f1f6e513,Sys_User,Sys_User,3566,ec792289-e5a1-4ba5-bbc6-32f188e583ab,Cambridge BO 2014,,,USD
Dynamo,25-03-2026 23:00:02,25-03-2026 23:00:02,85e45f55-7636-4f08-ba27-d998f1f6e513,Sys_User,Sys_User,391,daa44346-23d9-47eb-8fc9-7bc9b5c9d9da,Cambridge NR 2019,,,USD
Dynamo,25-03-2026 23:00:02,25-03-2026 23:00:02,85e45f55-7636-4f08-ba27-d998f1f6e513,Sys_User,Sys_User,451,91ce96bb-cf01-4146-8d0a-1b6f285bdde9,Cambridge NR 2020,,,USD
Dynamo,25-03-2026 23:00:02,25-03-2026 23:00:02,85e45f55-7636-4f08-ba27-d998f1f6e513,Sys_User,Sys_User,1831,f07a17e4-8f8c-4f8b-8db3-e172dc16f5a4,Cambridge PC 2002,,,USD
Dynamo,25-03-2026 23:00:02,25-03-2026 23:00:02,85e45f55-7636-4f08-ba27-d998f1f6e513,Sys_User,Sys_User,1891,6c51666e-766e-4702-8833-64bc75eeae99,Cambridge PC 2003,,,USD
Dynamo,25-03-2026 23:00:02,25-03-2026 23:00:02,85e45f55-7636-4f08-ba27-d998f1f6e513,Sys_User,Sys_User,2671,8b5c323f-0d59-4529-b8d6-4e97ef170130,Cambridge PC 2016,,,USD
Dynamo,25-03-2026 23:00:02,25-03-2026 23:00:02,85e45f55-7636-4f08-ba27-d998f1f6e513,Sys_User,Sys_User,2731,6a8ffd64-8923-4413-b367-df7114a28706,Cambridge PC 2017,,,USD
Dynamo,25-03-2026 23:00:02,25-03-2026 23:00:02,85e45f55-7636-4f08-ba27-d998f1f6e513,Sys_User,Sys_User,3871,2208a413-c91d-47e5-8797-a53003942d6b,Cambridge RE 1988,,,USD
Dynamo,25-03-2026 23:00:02,25-03-2026 23:00:02,85e45f55-7636-4f08-ba27-d998f1f6e513,Sys_User,Sys_User,3931,6f1158be-2f12-4e6d-b090-c31687669e3b,Cambridge RE 1990,,,USD
Dynamo,25-03-2026 23:00:02,25-03-2026 23:00:02,85e45f55-7636-4f08-ba27-d998f1f6e513,Sys_User,Sys_User,5311,69690069-fac8-4927-9a6e-b49ebeb71d7d,Cambridge EM 1994,,,USD
Dynamo,25-03-2026 23:00:02,25-03-2026 23:00:02,85e45f55-7636-4f08-ba27-d998f1f6e513,Sys_User,Sys_User,5371,d10ef87b-d478-4a8b-8042-97bd4f76726b,Cambridge EM 1995,,,USD
Dynamo,25-03-2026 23:00:02,25-03-2026 23:00:02,85e45f55-7636-4f08-ba27-d998f1f6e513,Sys_User,Sys_User,6751,8a46b7f8-bd12-4dda-a374-ebfd10ef0206,Cambridge EM 2018,,,USD
Dynamo,25-03-2026 23:00:02,25-03-2026 23:00:02,85e45f55-7636-4f08-ba27-d998f1f6e513,Sys_User,Sys_User,6811,c96f1ca4-2f43-4242-8b47-0165b1813fc1,Cambridge EM 2019,,,USD
Dynamo,25-03-2026 23:00:02,25-03-2026 23:00:02,85e45f55-7636-4f08-ba27-d998f1f6e513,Sys_User,Sys_User,8191,e6f9f438-541c-4ea4-893f-cf55d6890db2,Cambridge IF 2011,,,USD
Dynamo,25-03-2026 23:00:02,25-03-2026 23:00:02,85e45f55-7636-4f08-ba27-d998f1f6e513,Sys_User,Sys_User,8251,1545b1ee-ef13-4db9-9bf7-1a5565dc99e3,Cambridge IF 2012,,,USD
Dynamo,25-03-2026 23:00:02,25-03-2026 23:00:02,85e45f55-7636-4f08-ba27-d998f1f6e513,Sys_User,Sys_User,9631,cce1b30f-a942-4175-9442-5e7e769c3989,Cambridge NR 1995,,,USD
Dynamo,25-03-2026 23:00:02,25-03-2026 23:00:02,85e45f55-7636-4f08-ba27-d998f1f6e513,Sys_User,Sys_User,9691,6094d994-e6f3-468c-b1db-6b81a64c99bc,Cambridge NR 1996,,,USD
Dynamo,25-03-2026 23:00:02,25-03-2026 23:00:02,85e45f55-7636-4f08-ba27-d998f1f6e513,Sys_User,Sys_User,2186,18c524d0-52e3-4aee-a72e-b909c9a74ac0,Cambridge BO 1991,,,USD
Dynamo,25-03-2026 23:00:02,25-03-2026 23:00:02,85e45f55-7636-4f08-ba27-d998f1f6e513,Sys_User,Sys_User,2246,97880345-6d35-4ed7-9965-dec97054ba20,Cambridge BO 1992,,,USD
Dynamo,25-03-2026 23:00:02,25-03-2026 23:00:02,85e45f55-7636-4f08-ba27-d998f1f6e513,Sys_User,Sys_User,834,d9c742ba-1aa2-4c79-8539-35017d0a9d37,Cambridge VC 1981,,,USD
Dynamo,25-03-2026 23:00:02,25-03-2026 23:00:02,85e45f55-7636-4f08-ba27-d998f1f6e513,Sys_User,Sys_User,2214,9f9fd4e0-bdde-4fea-a8d3-88ba7065da6f,Cambridge VC 2004,,,USD
Dynamo,25-03-2026 23:00:02,25-03-2026 23:00:02,85e45f55-7636-4f08-ba27-d998f1f6e513,Sys_User,Sys_User,2274,e17b4146-bbc5-47f2-9ebf-74559cfffe2a,Cambridge VC 2005,,,USD
Dynamo,25-03-2026 23:00:02,25-03-2026 23:00:02,85e45f55-7636-4f08-ba27-d998f1f6e513,Sys_User,Sys_User,3146,f8b4e954-96bb-45a5-a129-eefd99482ec6,Cambridge BO 2007,,,USD
Dynamo,25-03-2026 23:00:02,25-03-2026 23:00:02,85e45f55-7636-4f08-ba27-d998f1f6e513,Sys_User,Sys_User,3206,39c54cf4-2e7e-4962-b84e-3dbd2b356db1,Cambridge BO 2008,,,USD
Dynamo,25-03-2026 23:00:02,25-03-2026 23:00:02,85e45f55-7636-4f08-ba27-d998f1f6e513,Sys_User,Sys_User,1231,6b77cf0e-5d24-4ce6-b2a9-5b03ec553d31,Cambridge PC 1992,,,USD
Dynamo,25-03-2026 23:00:02,25-03-2026 23:00:02,85e45f55-7636-4f08-ba27-d998f1f6e513,Sys_User,Sys_User,1291,81739143-3dab-4945-b5a9-b3c35fa1a013,Cambridge PC 1993,,,USD
Dynamo,25-03-2026 23:00:02,25-03-2026 23:00:02,85e45f55-7636-4f08-ba27-d998f1f6e513,Sys_User,Sys_User,4711,50e9ed1d-23b9-4f2f-a955-1e1bc28f5cb4,Cambridge RE 2003,,,USD
Dynamo,25-03-2026 23:00:02,25-03-2026 23:00:02,85e45f55-7636-4f08-ba27-d998f1f6e513,Sys_User,Sys_User,4771,3ea0f318-2833-4490-80b7-ef48f3a719f3,Cambridge RE 2004,,,USD
Dynamo,25-03-2026 23:00:02,25-03-2026 23:00:02,85e45f55-7636-4f08-ba27-d998f1f6e513,Sys_User,Sys_User,6151,c79f4ff8-bdd4-4ab2-b68a-72a130560c25,Cambridge EM 2008,,,USD
Dynamo,25-03-2026 23:00:02,25-03-2026 23:00:02,85e45f55-7636-4f08-ba27-d998f1f6e513,Sys_User,Sys_User,6211,cfc9fca4-5060-4907-87c6-6e5d7e0e32c1,Cambridge EM 2009,,,USD
Dynamo,25-03-2026 23:00:02,25-03-2026 23:00:02,85e45f55-7636-4f08-ba27-d998f1f6e513,Sys_User,Sys_User,7591,00cd9cc1-28a5-47a9-ba60-b1c6c401900f,Cambridge IF 1998,,,USD
Dynamo,25-03-2026 23:00:02,25-03-2026 23:00:02,85e45f55-7636-4f08-ba27-d998f1f6e513,Sys_User,Sys_User,7651,3abfab70-8cd5-41dc-91de-c6d57e134e41,Cambridge IF 2002,,,USD
Dynamo,25-03-2026 23:00:02,25-03-2026 23:00:02,85e45f55-7636-4f08-ba27-d998f1f6e513,Sys_User,Sys_User,9091,99f89972-3221-4fb3-b00b-b6efc9a1a2e6,Cambridge NR 1986,,,USD
Dynamo,25-03-2026 23:00:02,25-03-2026 23:00:02,85e45f55-7636-4f08-ba27-d998f1f6e513,Sys_User,Sys_User,10471,4897305d-3080-4891-a40d-2de9ff62d258,Cambridge NR 2009,,,USD
Dynamo,25-03-2026 23:00:02,25-03-2026 23:00:02,85e45f55-7636-4f08-ba27-d998f1f6e513,Sys_User,Sys_User,10531,414ae1a7-f982-41fc-933e-5ef2395496ec,Cambridge NR 2010,,,USD
Dynamo,25-03-2026 23:00:02,25-03-2026 23:00:02,85e45f55-7636-4f08-ba27-d998f1f6e513,Sys_User,Sys_User,2066,47dc8f25-6b7b-48ef-adfd-bf9bbbf61041,Cambridge BO 1989,,,USD
Dynamo,25-03-2026 23:00:02,25-03-2026 23:00:02,85e45f55-7636-4f08-ba27-d998f1f6e513,Sys_User,Sys_User,2126,1d4bb79f-e8c0-46f0-a23e-033db81ca48a,Cambridge BO 1990,,,USD
Dynamo,25-03-2026 23:00:02,25-03-2026 23:00:02,85e45f55-7636-4f08-ba27-d998f1f6e513,Sys_User,Sys_User,654,cbb49979-1c4d-4774-9f96-a5c6670b8001,Cambridge RE 2023,,,USD
Dynamo,25-03-2026 23:00:02,25-03-2026 23:00:02,85e45f55-7636-4f08-ba27-d998f1f6e513,Sys_User,Sys_User,714,08f59aca-ca0e-48e6-995a-31bf2884254a,Cambridge RE 9999,,,USD
Dynamo,25-03-2026 23:00:02,25-03-2026 23:00:02,85e45f55-7636-4f08-ba27-d998f1f6e513,Sys_User,Sys_User,2094,9ed47442-1c1b-47aa-ad62-a43051443b0a,Cambridge VC 2002,,,USD
Dynamo,25-03-2026 23:00:02,25-03-2026 23:00:02,85e45f55-7636-4f08-ba27-d998f1f6e513,Sys_User,Sys_User,2154,4841b573-b2c2-4122-9f9b-40e9680f9157,Cambridge VC 2003,,,USD
Dynamo,25-03-2026 23:00:02,25-03-2026 23:00:02,85e45f55-7636-4f08-ba27-d998f1f6e513,Sys_User,Sys_User,1111,be9233b6-fba4-4d86-b5b6-e7b933fb3a77,Cambridge PC 1990,,,USD
Dynamo,25-03-2026 23:00:02,25-03-2026 23:00:02,85e45f55-7636-4f08-ba27-d998f1f6e513,Sys_User,Sys_User,1171,cb2bccdd-0653-4ef6-8a93-65208e9ff720,Cambridge PC 1991,,,USD
Dynamo,25-03-2026 23:00:02,25-03-2026 23:00:02,85e45f55-7636-4f08-ba27-d998f1f6e513,Sys_User,Sys_User,3570,a6f9d23d-fe54-465f-a532-8d514cbe77ed,MSCI EM - Zephyr,,,USD
Dynamo,25-03-2026 23:00:02,25-03-2026 23:00:02,85e45f55-7636-4f08-ba27-d998f1f6e513,Sys_User,Sys_User,3271,f7d470a4-fbde-418a-a80a-c48d10128516,Cambridge PC 9999,,,USD
Dynamo,25-03-2026 23:00:02,25-03-2026 23:00:02,85e45f55-7636-4f08-ba27-d998f1f6e513,Sys_User,Sys_User,4591,8c439784-ca97-436b-af84-669e637fab78,Cambridge RE 2001,,,USD
Dynamo,25-03-2026 23:00:02,25-03-2026 23:00:02,85e45f55-7636-4f08-ba27-d998f1f6e513,Sys_User,Sys_User,4651,d3ff3878-cde6-493e-80e9-c386b1e7f8d3,Cambridge RE 2002,,,USD
Dynamo,25-03-2026 23:00:02,25-03-2026 23:00:02,85e45f55-7636-4f08-ba27-d998f1f6e513,Sys_User,Sys_User,6031,7aba4f20-7a12-4573-9106-224c70959b77,Cambridge EM 2006,,,USD
Dynamo,25-03-2026 23:00:02,25-03-2026 23:00:02,85e45f55-7636-4f08-ba27-d998f1f6e513,Sys_User,Sys_User,6091,30ae2fff-6028-4421-93b5-c1527d3adcbe,Cambridge EM 2007,,,USD
Dynamo,25-03-2026 23:00:02,25-03-2026 23:00:02,85e45f55-7636-4f08-ba27-d998f1f6e513,Sys_User,Sys_User,7471,ded9194f-a72d-455b-9b86-28ecaaab8b52,Cambridge IF 1996,,,USD
Dynamo,25-03-2026 23:00:02,25-03-2026 23:00:02,85e45f55-7636-4f08-ba27-d998f1f6e513,Sys_User,Sys_User,7531,70aeb7b7-e3aa-4323-a918-2505c302d2b6,Cambridge IF 1997,,,USD
Dynamo,25-03-2026 23:00:02,25-03-2026 23:00:02,85e45f55-7636-4f08-ba27-d998f1f6e513,Sys_User,Sys_User,8911,58c9b466-142c-4b65-9db0-0390359767a9,Cambridge IF 2023,,,USD
Dynamo,25-03-2026 23:00:02,25-03-2026 23:00:02,85e45f55-7636-4f08-ba27-d998f1f6e513,Sys_User,Sys_User,8971,1052b96e-bc38-47ed-8ce1-ae949fcd791e,Cambridge IF 9999,,,USD
Dynamo,25-03-2026 23:00:02,25-03-2026 23:00:02,85e45f55-7636-4f08-ba27-d998f1f6e513,Sys_User,Sys_User,10351,a0bfe7d8-6919-4efe-80a6-5d560a83d6e3,Cambridge NR 2007,,,USD
Dynamo,25-03-2026 23:00:02,25-03-2026 23:00:02,85e45f55-7636-4f08-ba27-d998f1f6e513,Sys_User,Sys_User,10411,4e78adc7-e225-4046-838d-7eb85fdfc123,Cambridge NR 2008,,,USD
Dynamo,25-03-2026 23:00:02,25-03-2026 23:00:02,85e45f55-7636-4f08-ba27-d998f1f6e513,Sys_User,Sys_User,2546,2401575f-0a59-44fd-8ac0-3cf4cbb0bd48,Cambridge BO 1997,,,USD
Dynamo,25-03-2026 23:00:02,25-03-2026 23:00:02,85e45f55-7636-4f08-ba27-d998f1f6e513,Sys_User,Sys_User,2606,e91d7ebc-ac64-4a48-96b8-dda143a5a3ee,Cambridge BO 1998,,,USD
Dynamo,25-03-2026 23:00:02,25-03-2026 23:00:02,85e45f55-7636-4f08-ba27-d998f1f6e513,Sys_User,Sys_User,1134,b143fdfc-d6c7-481f-bbad-1edffbdefd95,Cambridge VC 1986,,,USD
Dynamo,25-03-2026 23:00:02,25-03-2026 23:00:02,85e45f55-7636-4f08-ba27-d998f1f6e513,Sys_User,Sys_User,1194,7d0e8757-61f0-4209-ab46-5c496c12f9da,Cambridge VC 1987,,,USD
Dynamo,25-03-2026 23:00:02,25-03-2026 23:00:02,85e45f55-7636-4f08-ba27-d998f1f6e513,Sys_User,Sys_User,2574,fe23bc97-a80c-429a-915b-407edbc0d66c,Cambridge VC 2010,,,USD
Dynamo,25-03-2026 23:00:02,25-03-2026 23:00:02,85e45f55-7636-4f08-ba27-d998f1f6e513,Sys_User,Sys_User,2634,27053bdc-2c39-450d-a6cb-b97b0e51c5ce,Cambridge VC 2011,,,USD
Dynamo,25-03-2026 23:00:02,25-03-2026 23:00:02,85e45f55-7636-4f08-ba27-d998f1f6e513,Sys_User,Sys_User,3294,4953ac94-671f-4d18-b1ce-2e948f7b1f3a,Cambridge VC 2022,,,USD
Dynamo,25-03-2026 23:00:02,25-03-2026 23:00:02,85e45f55-7636-4f08-ba27-d998f1f6e513,Sys_User,Sys_User,3354,4a102db2-5d89-452d-bc78-a596ac77a0d9,Cambridge VC 2023,,,USD
Dynamo,25-03-2026 23:00:02,25-03-2026 23:00:02,85e45f55-7636-4f08-ba27-d998f1f6e513,Sys_User,Sys_User,151,98d20005-94b4-490e-8ba4-51bb700deed1,Cambridge NR 2015,,,USD
Dynamo,25-03-2026 23:00:02,25-03-2026 23:00:02,85e45f55-7636-4f08-ba27-d998f1f6e513,Sys_User,Sys_User,211,323f82fc-4742-475f-b52e-943f871e6121,Cambridge NR 2016,,,USD
Dynamo,25-03-2026 23:00:02,25-03-2026 23:00:02,85e45f55-7636-4f08-ba27-d998f1f6e513,Sys_User,Sys_User,1591,e5e45baf-5fe3-41e0-a5f4-046be0236909,Cambridge PC 1998,,,USD
Dynamo,25-03-2026 23:00:02,25-03-2026 23:00:02,85e45f55-7636-4f08-ba27-d998f1f6e513,Sys_User,Sys_User,1651,19dc44c7-ef6b-47a8-9c6e-49869889c12a,Cambridge PC 1999,,,USD
Dynamo,25-03-2026 23:00:02,25-03-2026 23:00:02,85e45f55-7636-4f08-ba27-d998f1f6e513,Sys_User,Sys_User,4050,8f18d4ae-e1a2-4f08-908b-211739f963ef,MSCI Europe (Local),,,USD
Dynamo,25-03-2026 23:00:02,25-03-2026 23:00:02,85e45f55-7636-4f08-ba27-d998f1f6e513,Sys_User,Sys_User,3751,8a49b0c4-e4cd-49cc-9436-1975d60f8129,Cambridge RE 1986,,,USD
Dynamo,25-03-2026 23:00:02,25-03-2026 23:00:02,85e45f55-7636-4f08-ba27-d998f1f6e513,Sys_User,Sys_User,3811,590dd6c3-66cd-4f9f-83a8-f19153afb53d,Cambridge RE 1987,,,USD
Dynamo,25-03-2026 23:00:02,25-03-2026 23:00:02,85e45f55-7636-4f08-ba27-d998f1f6e513,Sys_User,Sys_User,5071,d249d1a4-f9fd-4e7d-8015-9f46277c51f1,Cambridge RE 2009,,,USD
Dynamo,25-03-2026 23:00:02,25-03-2026 23:00:02,85e45f55-7636-4f08-ba27-d998f1f6e513,Sys_User,Sys_User,5131,fd13118a-a901-4079-a400-f04f02d1e96b,Cambridge RE 2010,,,USD
Dynamo,25-03-2026 23:00:02,25-03-2026 23:00:02,85e45f55-7636-4f08-ba27-d998f1f6e513,Sys_User,Sys_User,6511,8fd8ddf1-3681-4e1b-9f69-d03cf9fe610b,Cambridge EM 2014,,,USD
Dynamo,25-03-2026 23:00:02,25-03-2026 23:00:02,85e45f55-7636-4f08-ba27-d998f1f6e513,Sys_User,Sys_User,6571,89945a1a-0861-4a92-a585-c37ffce8116a,Cambridge EM 2015,,,USD
Dynamo,25-03-2026 23:00:02,25-03-2026 23:00:02,85e45f55-7636-4f08-ba27-d998f1f6e513,Sys_User,Sys_User,7951,ab2206ce-412d-460a-b0f5-d74efbb5f4f5,Cambridge IF 2007,,,USD
Dynamo,25-03-2026 23:00:02,25-03-2026 23:00:02,85e45f55-7636-4f08-ba27-d998f1f6e513,Sys_User,Sys_User,8011,1a50e2d9-949d-471a-99f9-87a7f0fda026,Cambridge IF 2008,,,USD
Dynamo,25-03-2026 23:00:02,25-03-2026 23:00:02,85e45f55-7636-4f08-ba27-d998f1f6e513,Sys_User,Sys_User,9391,ff060664-0f27-4925-b232-e056df421871,Cambridge NR 1991,,,USD
Dynamo,25-03-2026 23:00:02,25-03-2026 23:00:02,85e45f55-7636-4f08-ba27-d998f1f6e513,Sys_User,Sys_User,9451,aead6262-d339-49ee-aebc-f35fd217eabe,Cambridge NR 1992,,,USD
Dynamo,25-03-2026 23:00:02,25-03-2026 23:00:02,85e45f55-7636-4f08-ba27-d998f1f6e513,Sys_User,Sys_User,2666,526da87d-156a-40f0-8c46-1dddd35a666f,Cambridge BO 1999,,,USD
Dynamo,25-03-2026 23:00:02,25-03-2026 23:00:02,85e45f55-7636-4f08-ba27-d998f1f6e513,Sys_User,Sys_User,2726,49659215-ceea-4b7c-a036-9dd462305e7c,Cambridge BO 2000,,,USD
Dynamo,25-03-2026 23:00:02,25-03-2026 23:00:02,85e45f55-7636-4f08-ba27-d998f1f6e513,Sys_User,Sys_User,1254,347bf7db-d378-46dc-ba6e-5b0ba864fb85,Cambridge VC 1988,,,USD
Dynamo,25-03-2026 23:00:02,25-03-2026 23:00:02,85e45f55-7636-4f08-ba27-d998f1f6e513,Sys_User,Sys_User,1314,44c84f8d-06de-48c2-b92e-f88a6ad8d2cd,Cambridge VC 1989,,,USD
Dynamo,25-03-2026 23:00:02,25-03-2026 23:00:02,85e45f55-7636-4f08-ba27-d998f1f6e513,Sys_User,Sys_User,2694,89aa989f-cf8c-4fd1-964c-d4f8b53a3bad,Cambridge VC 2012,,,USD
Dynamo,25-03-2026 23:00:02,25-03-2026 23:00:02,85e45f55-7636-4f08-ba27-d998f1f6e513,Sys_User,Sys_User,2754,7f4713c6-28e4-484c-8d8b-36531977b8c7,Cambridge VC 2013,,,USD
Dynamo,25-03-2026 23:00:02,25-03-2026 23:00:02,85e45f55-7636-4f08-ba27-d998f1f6e513,Sys_User,Sys_User,2704,6151b0c8-0bc6-4dd0-8aac-755394a5d2ec,Russell Top 200 Index,,,USD
Dynamo,25-03-2026 23:00:02,25-03-2026 23:00:02,85e45f55-7636-4f08-ba27-d998f1f6e513,Sys_User,Sys_User,3386,2983727c-017c-4e35-a400-e60916e54316,Cambridge BO 2011,,,USD
Dynamo,25-03-2026 23:00:02,25-03-2026 23:00:02,85e45f55-7636-4f08-ba27-d998f1f6e513,Sys_User,Sys_User,3446,0672cdea-e17b-47a0-b724-6774e4489a58,Cambridge BO 2012,,,USD
Dynamo,25-03-2026 23:00:02,25-03-2026 23:00:02,85e45f55-7636-4f08-ba27-d998f1f6e513,Sys_User,Sys_User,271,3e331c25-062e-4eb2-9833-e281c919be82,Cambridge NR 2017,,,USD
Dynamo,25-03-2026 23:00:02,25-03-2026 23:00:02,85e45f55-7636-4f08-ba27-d998f1f6e513,Sys_User,Sys_User,331,d88b474b-8089-4ff1-9b8c-0b337111551d,Cambridge NR 2018,,,USD
Dynamo,25-03-2026 23:00:02,25-03-2026 23:00:02,85e45f55-7636-4f08-ba27-d998f1f6e513,Sys_User,Sys_User,1711,8f49254a-e454-4e30-a393-57955243e150,Cambridge PC 2000,,,USD
Dynamo,25-03-2026 23:00:02,25-03-2026 23:00:02,85e45f55-7636-4f08-ba27-d998f1f6e513,Sys_User,Sys_User,1771,9e02ef1f-ad24-4cfd-9d1f-6aeae6ae4e72,Cambridge PC 2001,,,USD
Dynamo,25-03-2026 23:00:02,25-03-2026 23:00:02,85e45f55-7636-4f08-ba27-d998f1f6e513,Sys_User,Sys_User,2551,d89e259e-0e2c-4c92-85fe-9812a27da8c2,Cambridge PC 2014,,,USD
Dynamo,25-03-2026 23:00:02,25-03-2026 23:00:02,85e45f55-7636-4f08-ba27-d998f1f6e513,Sys_User,Sys_User,2611,e6662019-2ac9-4665-9e15-74708877b958,Cambridge PC 2015,,,USD
Dynamo,25-03-2026 23:00:02,25-03-2026 23:00:02,85e45f55-7636-4f08-ba27-d998f1f6e513,Sys_User,Sys_User,5191,69e59e2e-724d-4672-bfc5-bb549bfdb839,Cambridge RE 2011,,,USD
Dynamo,25-03-2026 23:00:02,25-03-2026 23:00:02,85e45f55-7636-4f08-ba27-d998f1f6e513,Sys_User,Sys_User,5251,e5f623e2-72e3-4cd8-9a0e-bb28eb29e659,Cambridge RE 2012,,,USD
Dynamo,25-03-2026 23:00:02,25-03-2026 23:00:02,85e45f55-7636-4f08-ba27-d998f1f6e513,Sys_User,Sys_User,6631,7695fcd2-3138-4ceb-b215-e106a3051ee4,Cambridge EM 2016,,,USD
Dynamo,25-03-2026 23:00:02,25-03-2026 23:00:02,85e45f55-7636-4f08-ba27-d998f1f6e513,Sys_User,Sys_User,6691,94fec686-b5c0-42fe-b83f-d2a166206ffb,Cambridge EM 2017,,,USD
Dynamo,25-03-2026 23:00:02,25-03-2026 23:00:02,85e45f55-7636-4f08-ba27-d998f1f6e513,Sys_User,Sys_User,8071,0e50b4aa-3548-48ee-8b53-b662f84b1530,Cambridge IF 2009,,,USD
Dynamo,25-03-2026 23:00:02,25-03-2026 23:00:02,85e45f55-7636-4f08-ba27-d998f1f6e513,Sys_User,Sys_User,8131,cf2dac10-fb91-499b-9f7b-d66f02d132ab,Cambridge IF 2010,,,USD
Dynamo,25-03-2026 23:00:02,25-03-2026 23:00:02,85e45f55-7636-4f08-ba27-d998f1f6e513,Sys_User,Sys_User,9511,c72fed62-04c2-4fef-b2ba-961c8b8a9fea,Cambridge NR 1993,,,USD
Dynamo,25-03-2026 23:00:02,25-03-2026 23:00:02,85e45f55-7636-4f08-ba27-d998f1f6e513,Sys_User,Sys_User,9571,577dd436-3fdf-441a-ab2e-f4112f555536,Cambridge NR 1994,,,USD
Dynamo,25-03-2026 23:00:02,25-03-2026 23:00:02,85e45f55-7636-4f08-ba27-d998f1f6e513,Sys_User,Sys_User,2306,3e072a17-a717-43d8-8da8-ef5c37d1430e,Cambridge BO 1993,,,USD
Dynamo,25-03-2026 23:00:02,25-03-2026 23:00:02,85e45f55-7636-4f08-ba27-d998f1f6e513,Sys_User,Sys_User,2366,6c61458c-644e-43ec-a757-c0b4a345f657,Cambridge BO 1994,,,USD
Dynamo,25-03-2026 23:00:02,25-03-2026 23:00:02,85e45f55-7636-4f08-ba27-d998f1f6e513,Sys_User,Sys_User,894,cf0f780a-e7ed-4616-85c2-50a8ffc396d9,Cambridge VC 1982,,,USD
Dynamo,25-03-2026 23:00:02,25-03-2026 23:00:02,85e45f55-7636-4f08-ba27-d998f1f6e513,Sys_User,Sys_User,954,dbc9ad14-4e97-4026-bfaf-5fee298f0ca1,Cambridge VC 1983,,,USD
Dynamo,25-03-2026 23:00:02,25-03-2026 23:00:02,85e45f55-7636-4f08-ba27-d998f1f6e513,Sys_User,Sys_User,2334,00fe386c-b2de-44d1-97b1-26d9d5670bb7,Cambridge VC 2006,,,USD
Dynamo,25-03-2026 23:00:02,25-03-2026 23:00:02,85e45f55-7636-4f08-ba27-d998f1f6e513,Sys_User,Sys_User,2394,3615c28b-8bef-422c-b2c2-4730ab806216,Cambridge VC 2007,,,USD
Dynamo,25-03-2026 23:00:02,25-03-2026 23:00:02,85e45f55-7636-4f08-ba27-d998f1f6e513,Sys_User,Sys_User,3266,126c4361-b189-4dd6-a36d-c54205032402,Cambridge BO 2009,,,USD
Dynamo,25-03-2026 23:00:02,25-03-2026 23:00:02,85e45f55-7636-4f08-ba27-d998f1f6e513,Sys_User,Sys_User,3326,4fdd9ca7-b820-4b58-9126-ee37c4455a0e,Cambridge BO 2010,,,USD
Dynamo,25-03-2026 23:00:02,25-03-2026 23:00:02,85e45f55-7636-4f08-ba27-d998f1f6e513,Sys_User,Sys_User,1351,f7baff3b-ac3c-460c-a27d-a0b86fd16659,Cambridge PC 1994,,,USD
Dynamo,25-03-2026 23:00:02,25-03-2026 23:00:02,85e45f55-7636-4f08-ba27-d998f1f6e513,Sys_User,Sys_User,1411,066d406f-c197-4d82-84fa-2c01a4e8e335,Cambridge PC 1995,,,USD
Dynamo,25-03-2026 23:00:02,25-03-2026 23:00:02,85e45f55-7636-4f08-ba27-d998f1f6e513,Sys_User,Sys_User,4831,f9bec46e-4dd1-4dc0-be57-ad73c587a7f2,Cambridge RE 2005,,,USD
Dynamo,25-03-2026 23:00:02,25-03-2026 23:00:02,85e45f55-7636-4f08-ba27-d998f1f6e513,Sys_User,Sys_User,4891,08b06767-0f63-4abc-ad90-e8b1a0221ba7,Cambridge RE 2006,,,USD
Dynamo,25-03-2026 23:00:02,25-03-2026 23:00:02,85e45f55-7636-4f08-ba27-d998f1f6e513,Sys_User,Sys_User,6271,0a697c82-ba9b-4d02-a55d-c5e0bc625623,Cambridge EM 2010,,,USD
Dynamo,25-03-2026 23:00:02,25-03-2026 23:00:02,85e45f55-7636-4f08-ba27-d998f1f6e513,Sys_User,Sys_User,6331,28887654-94a7-4d72-85f1-73d3309309da,Cambridge EM 2011,,,USD
Dynamo,25-03-2026 23:00:02,25-03-2026 23:00:02,85e45f55-7636-4f08-ba27-d998f1f6e513,Sys_User,Sys_User,7711,8c55e3cf-3970-4f02-b9cf-1a8161379ecb,Cambridge IF 2003,,,USD
Dynamo,25-03-2026 23:00:02,25-03-2026 23:00:02,85e45f55-7636-4f08-ba27-d998f1f6e513,Sys_User,Sys_User,7771,319609a1-295f-4f8b-a6e8-804dee1dfff3,Cambridge IF 2004,,,USD
Dynamo,25-03-2026 23:00:02,25-03-2026 23:00:02,85e45f55-7636-4f08-ba27-d998f1f6e513,Sys_User,Sys_User,9151,24734f72-57a7-49f4-9fc5-46aaf0a9e648,Cambridge NR 1987,,,USD
Dynamo,25-03-2026 23:00:02,25-03-2026 23:00:02,85e45f55-7636-4f08-ba27-d998f1f6e513,Sys_User,Sys_User,9211,43500bbc-0a21-4282-b792-1500337a3aac,Cambridge NR 1988,,,USD
Dynamo,25-03-2026 23:00:02,25-03-2026 23:00:02,85e45f55-7636-4f08-ba27-d998f1f6e513,Sys_User,Sys_User,10591,04ff1aa6-ab2a-450b-9645-649be793c0cf,Cambridge NR 2011,,,USD
Dynamo,25-03-2026 23:00:02,25-03-2026 23:00:02,85e45f55-7636-4f08-ba27-d998f1f6e513,Sys_User,Sys_User,10651,a49c11d5-f42d-4d8b-a352-781dfa4c9bd3,Cambridge NR 2012,,,USD
Dynamo,25-03-2026 23:00:02,25-03-2026 23:00:02,85e45f55-7636-4f08-ba27-d998f1f6e513,Sys_User,Sys_User,566,ce423d3a-5ebd-4b14-a179-06c507514f71,AM Mexico Custom BM,,,USD
Dynamo,25-03-2026 23:00:02,25-03-2026 23:00:02,85e45f55-7636-4f08-ba27-d998f1f6e513,Sys_User,Sys_User,1946,6908af08-778c-4d86-a827-6c89c25fa1b2,Cambridge BO 1987,,,USD
Dynamo,25-03-2026 23:00:02,25-03-2026 23:00:02,85e45f55-7636-4f08-ba27-d998f1f6e513,Sys_User,Sys_User,2006,347f7365-0cd7-45df-96a8-c1e587bcf208,Cambridge BO 1988,,,USD
Dynamo,25-03-2026 23:00:02,25-03-2026 23:00:02,85e45f55-7636-4f08-ba27-d998f1f6e513,Sys_User,Sys_User,594,13a8bb6b-abd3-4fe7-a047-876e19cfb676,Cambridge RE 2022,,,USD
Dynamo,25-03-2026 23:00:02,25-03-2026 23:00:02,85e45f55-7636-4f08-ba27-d998f1f6e513,Sys_User,Sys_User,1974,5bfa8b19-a89f-4dbc-95dd-e4a7a6dc20be,Cambridge VC 2000,,,USD
Dynamo,25-03-2026 23:00:02,25-03-2026 23:00:02,85e45f55-7636-4f08-ba27-d998f1f6e513,Sys_User,Sys_User,2034,5c6d45e3-5d61-46de-80a9-4cb0c75aee42,Cambridge VC 2001,,,USD
Dynamo,25-03-2026 23:00:02,25-03-2026 23:00:02,85e45f55-7636-4f08-ba27-d998f1f6e513,Sys_User,Sys_User,484,b118b760-4103-4bd1-8c35-2c47e7fad542,MSCI SE Asia,,,USD
Dynamo,25-03-2026 23:00:02,25-03-2026 23:00:02,85e45f55-7636-4f08-ba27-d998f1f6e513,Sys_User,Sys_User,4826,3e1ba2bd-7921-4ce7-8fcb-ac636dd1880c,Cambridge EM 1993,,,USD
Dynamo,25-03-2026 23:00:02,25-03-2026 23:00:02,85e45f55-7636-4f08-ba27-d998f1f6e513,Sys_User,Sys_User,3150,fd9871cb-920c-4348-8f38-330b6d556897,MSCI China A Shares,,,USD
Dynamo,25-03-2026 23:00:02,25-03-2026 23:00:02,85e45f55-7636-4f08-ba27-d998f1f6e513,Sys_User,Sys_User,1051,b03d4be1-e5a6-436b-a851-ea904295d04b,Cambridge PC 1988,,,USD
Dynamo,25-03-2026 23:00:02,25-03-2026 23:00:02,85e45f55-7636-4f08-ba27-d998f1f6e513,Sys_User,Sys_User,2431,db0d36d0-4f40-427b-9ef7-8a05380f75a5,Cambridge PC 2012,,,USD
Dynamo,25-03-2026 23:00:02,25-03-2026 23:00:02,85e45f55-7636-4f08-ba27-d998f1f6e513,Sys_User,Sys_User,2491,3a9a14c9-6e09-4e91-b619-5d183c40dd8b,Cambridge PC 2013,,,USD
Dynamo,25-03-2026 23:00:02,25-03-2026 23:00:02,85e45f55-7636-4f08-ba27-d998f1f6e513,Sys_User,Sys_User,4471,204b9b6d-f4c4-40f2-8242-2555b393a823,Cambridge RE 1999,,,USD
Dynamo,25-03-2026 23:00:02,25-03-2026 23:00:02,85e45f55-7636-4f08-ba27-d998f1f6e513,Sys_User,Sys_User,4531,7b927d9b-1908-4d57-b000-ec9783468dc2,Cambridge RE 2000,,,USD
Dynamo,25-03-2026 23:00:02,25-03-2026 23:00:02,85e45f55-7636-4f08-ba27-d998f1f6e513,Sys_User,Sys_User,5911,efac166f-c72f-44ff-8f82-8fd2214eb150,Cambridge EM 2004,,,USD
Dynamo,25-03-2026 23:00:02,25-03-2026 23:00:02,85e45f55-7636-4f08-ba27-d998f1f6e513,Sys_User,Sys_User,5971,dd9604cc-54fd-4fd6-ae0e-66e76be66af6,Cambridge EM 2005,,,USD
Dynamo,25-03-2026 23:00:02,25-03-2026 23:00:02,85e45f55-7636-4f08-ba27-d998f1f6e513,Sys_User,Sys_User,7351,52d0bef2-eb50-43bf-b14e-d7e0c9f10211,Cambridge IF 1993,,,USD
Dynamo,25-03-2026 23:00:02,25-03-2026 23:00:02,85e45f55-7636-4f08-ba27-d998f1f6e513,Sys_User,Sys_User,7411,8d4cc6ec-1c8a-4110-a20e-aa2b7f9f8642,Cambridge IF 1994,,,USD
Dynamo,25-03-2026 23:00:02,25-03-2026 23:00:02,85e45f55-7636-4f08-ba27-d998f1f6e513,Sys_User,Sys_User,8851,407cc826-e22a-4234-8f4f-51aae7039c3b,Cambridge IF 2022,,,USD
Dynamo,25-03-2026 23:00:02,25-03-2026 23:00:02,85e45f55-7636-4f08-ba27-d998f1f6e513,Sys_User,Sys_User,10231,ffd81814-6f8c-4834-bec8-e983f1d8a6e5,Cambridge NR 2005,,,USD
Dynamo,25-03-2026 23:00:02,25-03-2026 23:00:02,85e45f55-7636-4f08-ba27-d998f1f6e513,Sys_User,Sys_User,10291,48e5150c-19ca-419c-88a8-e06d1f6c2075,Cambridge NR 2006,,,USD
Dynamo,25-03-2026 23:00:02,25-03-2026 23:00:02,85e45f55-7636-4f08-ba27-d998f1f6e513,Sys_User,Sys_User,986,ebd22b01-d9d8-4d91-92ad-8e67a7cfb08a,Bloomberg Barclays Global Agg ex-US Hedged,,,USD
Dynamo,25-03-2026 23:00:02,25-03-2026 23:00:02,85e45f55-7636-4f08-ba27-d998f1f6e513,Sys_User,Sys_User,2426,13defb08-7d61-4310-8d33-3764b62b3db6,Cambridge BO 1995,,,USD
Dynamo,25-03-2026 23:00:02,25-03-2026 23:00:02,85e45f55-7636-4f08-ba27-d998f1f6e513,Sys_User,Sys_User,2486,15e67e36-e31b-487f-9e3e-cd4244b5d360,Cambridge BO 1996,,,USD
Dynamo,25-03-2026 23:00:02,25-03-2026 23:00:02,85e45f55-7636-4f08-ba27-d998f1f6e513,Sys_User,Sys_User,1014,8c4a6eac-9595-4c00-b820-922a3def19a9,Cambridge VC 1984,,,USD
Dynamo,25-03-2026 23:00:02,25-03-2026 23:00:02,85e45f55-7636-4f08-ba27-d998f1f6e513,Sys_User,Sys_User,1074,941311db-72ac-4c1a-bee8-b2c1c1d3d704,Cambridge VC 1985,,,USD
Dynamo,25-03-2026 23:00:02,25-03-2026 23:00:02,85e45f55-7636-4f08-ba27-d998f1f6e513,Sys_User,Sys_User,2454,7cfc10ba-cdc7-4b8b-8cb5-e1b0029c18ff,Cambridge VC 2008,,,USD
Dynamo,25-03-2026 23:00:02,25-03-2026 23:00:02,85e45f55-7636-4f08-ba27-d998f1f6e513,Sys_User,Sys_User,2514,eee5fe57-2500-49d9-b329-130554b4046d,Cambridge VC 2009,,,USD
Dynamo,25-03-2026 23:00:02,25-03-2026 23:00:02,85e45f55-7636-4f08-ba27-d998f1f6e513,Sys_User,Sys_User,3174,1eb28ff6-9d30-4ee0-a90b-6d6f098e25a7,Cambridge VC 2020,,,USD
Dynamo,25-03-2026 23:00:02,25-03-2026 23:00:02,85e45f55-7636-4f08-ba27-d998f1f6e513,Sys_User,Sys_User,4466,ffc02da4-9dff-4bd3-9ad3-b0b9fcfda03a,Cambridge EM 1987,,,USD
Dynamo,25-03-2026 23:00:02,25-03-2026 23:00:02,85e45f55-7636-4f08-ba27-d998f1f6e513,Sys_User,Sys_User,4526,2879f2a9-b1be-4378-90e7-68638f489e2d,Cambridge EM 1988,,,USD
Dynamo,25-03-2026 23:00:02,25-03-2026 23:00:02,85e45f55-7636-4f08-ba27-d998f1f6e513,Sys_User,Sys_User,31,5ede5e5c-a296-4d3e-b8fe-a02899c6c592,Cambridge NR 2013,,,USD
Dynamo,25-03-2026 23:00:02,25-03-2026 23:00:02,85e45f55-7636-4f08-ba27-d998f1f6e513,Sys_User,Sys_User,91,ec36e223-cd24-4051-80c6-a378e0d91b81,Cambridge NR 2014,,,USD
Dynamo,25-03-2026 23:00:02,25-03-2026 23:00:02,85e45f55-7636-4f08-ba27-d998f1f6e513,Sys_User,Sys_User,1471,3d3be2c5-98cc-42cf-9918-748658545e0f,Cambridge PC 1996,,,USD
Dynamo,25-03-2026 23:00:02,25-03-2026 23:00:02,85e45f55-7636-4f08-ba27-d998f1f6e513,Sys_User,Sys_User,1531,04a7fc0e-8039-4d2c-816f-3e08fefcac57,Cambridge PC 1997,,,USD
Dynamo,25-03-2026 23:00:02,25-03-2026 23:00:02,85e45f55-7636-4f08-ba27-d998f1f6e513,Sys_User,Sys_User,4951,84480409-2161-4b06-829c-ea3b27184e0e,Cambridge RE 2007,,,USD
Dynamo,25-03-2026 23:00:02,25-03-2026 23:00:02,85e45f55-7636-4f08-ba27-d998f1f6e513,Sys_User,Sys_User,5011,9268f952-73ba-454e-808f-271d9f68f855,Cambridge RE 2008,,,USD
Dynamo,25-03-2026 23:00:02,25-03-2026 23:00:02,85e45f55-7636-4f08-ba27-d998f1f6e513,Sys_User,Sys_User,6391,cd48966b-8630-4cf3-a8fa-ce3ed038653f,Cambridge EM 2012,,,USD
Dynamo,25-03-2026 23:00:02,25-03-2026 23:00:02,85e45f55-7636-4f08-ba27-d998f1f6e513,Sys_User,Sys_User,6451,c9d174f6-83aa-4020-bb6e-251ee7558246,Cambridge EM 2013,,,USD
Dynamo,25-03-2026 23:00:02,25-03-2026 23:00:02,85e45f55-7636-4f08-ba27-d998f1f6e513,Sys_User,Sys_User,7831,1bef5466-2acd-4845-bdb6-79ac3e362df9,Cambridge IF 2005,,,USD
Dynamo,25-03-2026 23:00:02,25-03-2026 23:00:02,85e45f55-7636-4f08-ba27-d998f1f6e513,Sys_User,Sys_User,7891,07070f93-be9e-4864-8702-b9a7876d1fcf,Cambridge IF 2006,,,USD
Dynamo,25-03-2026 23:00:02,25-03-2026 23:00:02,85e45f55-7636-4f08-ba27-d998f1f6e513,Sys_User,Sys_User,9271,b1c46d19-adc8-4d94-ac1a-d30608023ad3,Cambridge NR 1989,,,USD
Dynamo,25-03-2026 23:00:02,25-03-2026 23:00:02,85e45f55-7636-4f08-ba27-d998f1f6e513,Sys_User,Sys_User,9331,87b27842-28bf-45d6-8b0d-e31514633e5c,Cambridge NR 1990,,,USD
Dynamo,25-03-2026 23:00:02,25-03-2026 23:00:02,85e45f55-7636-4f08-ba27-d998f1f6e513,Sys_User,Sys_User,174,4318dafe-b21f-4747-8123-89d57170cca4,Cambridge RE 2015,,,USD
Dynamo,25-03-2026 23:00:02,25-03-2026 23:00:02,85e45f55-7636-4f08-ba27-d998f1f6e513,Sys_User,Sys_User,234,b99e695b-d011-47c5-8b97-5e6292a95108,Cambridge RE 2016,,,USD
Dynamo,25-03-2026 23:00:02,25-03-2026 23:00:02,85e45f55-7636-4f08-ba27-d998f1f6e513,Sys_User,Sys_User,1614,4a1d517e-bdb8-4780-8161-e73091d18a17,Cambridge VC 1994,,,USD
Dynamo,25-03-2026 23:00:02,25-03-2026 23:00:02,85e45f55-7636-4f08-ba27-d998f1f6e513,Sys_User,Sys_User,1674,8cc3c01e-85b2-43e8-84a2-6e6ac25d6e52,Cambridge VC 1995,,,USD
Dynamo,25-03-2026 23:00:02,25-03-2026 23:00:02,85e45f55-7636-4f08-ba27-d998f1f6e513,Sys_User,Sys_User,3026,a3d58482-2532-4b92-b8d3-c0869fe88d66,Cambridge BO 2005,,,USD
Dynamo,25-03-2026 23:00:02,25-03-2026 23:00:02,85e45f55-7636-4f08-ba27-d998f1f6e513,Sys_User,Sys_User,3086,c8f5af0b-813f-48bf-adf9-8adf98e4410c,Cambridge BO 2006,,,USD
Dynamo,25-03-2026 23:00:02,25-03-2026 23:00:02,85e45f55-7636-4f08-ba27-d998f1f6e513,Sys_User,Sys_User,3746,a9e0d1d2-ea07-4726-ae51-2e3194ccd1af,Cambridge BO 2017,,,USD
Dynamo,25-03-2026 23:00:02,25-03-2026 23:00:02,85e45f55-7636-4f08-ba27-d998f1f6e513,Sys_User,Sys_User,3806,b33322f8-d914-4a26-81e1-b0f8dfcba36d,Cambridge BO 2018,,,USD
Dynamo,25-03-2026 23:00:02,25-03-2026 23:00:02,85e45f55-7636-4f08-ba27-d998f1f6e513,Sys_User,Sys_User,4046,a9638bdc-fc2b-41e4-b20e-917bb762edc5,Cambridge BO 2022,,,USD
Dynamo,25-03-2026 23:00:02,25-03-2026 23:00:02,85e45f55-7636-4f08-ba27-d998f1f6e513,Sys_User,Sys_User,4286,848e9e1c-1ffb-441e-ad9b-96434f36adef,Cambridge BO 9999,,,USD
Dynamo,25-03-2026 23:00:02,25-03-2026 23:00:02,85e45f55-7636-4f08-ba27-d998f1f6e513,Sys_User,Sys_User,631,06190b89-70c3-4e5c-81a1-009756be2384,Cambridge NR 2023,,,USD
Dynamo,25-03-2026 23:00:02,25-03-2026 23:00:02,85e45f55-7636-4f08-ba27-d998f1f6e513,Sys_User,Sys_User,2071,10543d4f-e2b2-47a7-84b8-54d74cc9c381,Cambridge PC 2006,,,USD
Dynamo,25-03-2026 23:00:02,25-03-2026 23:00:02,85e45f55-7636-4f08-ba27-d998f1f6e513,Sys_User,Sys_User,2131,25942d8e-f2a3-42af-862b-93c5a8150582,Cambridge PC 2007,,,USD
Dynamo,25-03-2026 23:00:02,25-03-2026 23:00:02,85e45f55-7636-4f08-ba27-d998f1f6e513,Sys_User,Sys_User,2791,9a23d14e-62a5-4557-a2b5-736f0b7aa4c9,Cambridge PC 2018,,,USD
Dynamo,25-03-2026 23:00:02,25-03-2026 23:00:02,85e45f55-7636-4f08-ba27-d998f1f6e513,Sys_User,Sys_User,2851,a96e17ab-7a3c-448d-a4e8-fb1f07aa32f3,Cambridge PC 2019,,,USD
Dynamo,25-03-2026 23:00:02,25-03-2026 23:00:02,85e45f55-7636-4f08-ba27-d998f1f6e513,Sys_User,Sys_User,4111,a9de3b2c-1518-404c-8788-8472baebf75a,Cambridge RE 1993,,,USD
Dynamo,25-03-2026 23:00:02,25-03-2026 23:00:02,85e45f55-7636-4f08-ba27-d998f1f6e513,Sys_User,Sys_User,4171,421cb7f2-02fc-4945-878e-053d2f6597de,Cambridge RE 1994,,,USD
Dynamo,25-03-2026 23:00:02,25-03-2026 23:00:02,85e45f55-7636-4f08-ba27-d998f1f6e513,Sys_User,Sys_User,5551,b9db4071-acd3-4dcd-bdba-59992be47c3b,Cambridge EM 1998,,,USD
Dynamo,25-03-2026 23:00:02,25-03-2026 23:00:02,85e45f55-7636-4f08-ba27-d998f1f6e513,Sys_User,Sys_User,5611,6b26fa8a-8ac8-4da4-a8bf-29298d30294d,Cambridge EM 1999,,,USD
Dynamo,25-03-2026 23:00:02,25-03-2026 23:00:02,85e45f55-7636-4f08-ba27-d998f1f6e513,Sys_User,Sys_User,6991,ad1e7ffb-7cc2-4bc6-a001-2f63551614e1,Cambridge EM 2022,,,USD
Dynamo,25-03-2026 23:00:02,25-03-2026 23:00:02,85e45f55-7636-4f08-ba27-d998f1f6e513,Sys_User,Sys_User,7051,7490ba72-12cc-4ef6-81c2-c7ef1d4ebed9,Cambridge EM 2023,,,USD
Dynamo,25-03-2026 23:00:02,25-03-2026 23:00:02,85e45f55-7636-4f08-ba27-d998f1f6e513,Sys_User,Sys_User,8431,68be4006-be3b-46b7-aca3-93d31fc5dce3,Cambridge IF 2015,,,USD
Dynamo,25-03-2026 23:00:02,25-03-2026 23:00:02,85e45f55-7636-4f08-ba27-d998f1f6e513,Sys_User,Sys_User,8491,662d1e1f-d51c-4c3a-ba1a-b057cacba5ce,Cambridge IF 2016,,,USD
Dynamo,25-03-2026 23:00:02,25-03-2026 23:00:02,85e45f55-7636-4f08-ba27-d998f1f6e513,Sys_User,Sys_User,9871,67d9316b-be55-4829-ada8-0a617e160620,Cambridge NR 1999,,,USD
Dynamo,25-03-2026 23:00:02,25-03-2026 23:00:02,85e45f55-7636-4f08-ba27-d998f1f6e513,Sys_User,Sys_User,9931,be63d4fe-a544-4c8f-b28f-5b7b8234a078,Cambridge NR 2000,,,USD
Dynamo,25-03-2026 23:00:02,25-03-2026 23:00:02,85e45f55-7636-4f08-ba27-d998f1f6e513,Sys_User,Sys_User,54,68726b17-eb07-48fb-8829-c7ce032a3387,Cambridge RE 2013,,,USD
Dynamo,25-03-2026 23:00:02,25-03-2026 23:00:02,85e45f55-7636-4f08-ba27-d998f1f6e513,Sys_User,Sys_User,114,553c0c0e-484b-4713-a445-1af7f91567bb,Cambridge RE 2014,,,USD
Dynamo,25-03-2026 23:00:02,25-03-2026 23:00:02,85e45f55-7636-4f08-ba27-d998f1f6e513,Sys_User,Sys_User,1494,a696fd5c-b9aa-42f7-8dba-e3bc405b8721,Cambridge VC 1992,,,USD
Dynamo,25-03-2026 23:00:02,25-03-2026 23:00:02,85e45f55-7636-4f08-ba27-d998f1f6e513,Sys_User,Sys_User,1554,f202d679-b4d3-4c29-8581-9061e61df9df,Cambridge VC 1993,,,USD
Dynamo,25-03-2026 23:00:02,25-03-2026 23:00:02,85e45f55-7636-4f08-ba27-d998f1f6e513,Sys_User,Sys_User,2906,705cb132-c1f9-4764-9635-0b3fe5f588f6,Cambridge BO 2003,,,USD
Dynamo,25-03-2026 23:00:02,25-03-2026 23:00:02,85e45f55-7636-4f08-ba27-d998f1f6e513,Sys_User,Sys_User,2966,fc5327df-9d1e-4df8-94ba-273fb3a5053c,Cambridge BO 2004,,,USD
Dynamo,25-03-2026 23:00:02,25-03-2026 23:00:02,85e45f55-7636-4f08-ba27-d998f1f6e513,Sys_User,Sys_User,3626,add3f5bf-37a1-40a4-9b1e-738262954fb1,Cambridge BO 2015,,,USD
Dynamo,25-03-2026 23:00:02,25-03-2026 23:00:02,85e45f55-7636-4f08-ba27-d998f1f6e513,Sys_User,Sys_User,3686,399ecf6e-0c3c-4ecd-b354-6a857ee051ee,Cambridge BO 2016,,,USD
Dynamo,25-03-2026 23:00:02,25-03-2026 23:00:02,85e45f55-7636-4f08-ba27-d998f1f6e513,Sys_User,Sys_User,4586,5488dc51-7303-4a08-8b79-1e28b10b2938,Cambridge EM 1989,,,USD
Dynamo,25-03-2026 23:00:02,25-03-2026 23:00:02,85e45f55-7636-4f08-ba27-d998f1f6e513,Sys_User,Sys_User,4646,46483623-6170-486f-82df-7b7682db0874,Cambridge EM 1990,,,USD
Dynamo,25-03-2026 23:00:02,25-03-2026 23:00:02,85e45f55-7636-4f08-ba27-d998f1f6e513,Sys_User,Sys_User,571,4206046b-ff9d-4b6c-ac9c-f9de316f9671,Cambridge NR 2022,,,USD
Dynamo,25-03-2026 23:00:02,25-03-2026 23:00:02,85e45f55-7636-4f08-ba27-d998f1f6e513,Sys_User,Sys_User,1951,d8ac2b03-e66b-4db9-9324-077433cc3153,Cambridge PC 2004,,,USD
Dynamo,25-03-2026 23:00:02,25-03-2026 23:00:02,85e45f55-7636-4f08-ba27-d998f1f6e513,Sys_User,Sys_User,2011,68903be0-53e1-4125-8f7e-4cbbba471d3f,Cambridge PC 2005,,,USD
Dynamo,25-03-2026 23:00:02,25-03-2026 23:00:02,85e45f55-7636-4f08-ba27-d998f1f6e513,Sys_User,Sys_User,3991,5000559b-8038-431c-8a9a-f91d171637bc,Cambridge RE 1991,,,USD
Dynamo,25-03-2026 23:00:02,25-03-2026 23:00:02,85e45f55-7636-4f08-ba27-d998f1f6e513,Sys_User,Sys_User,4051,d980fffe-5bee-4ccc-ab64-1188315d0636,Cambridge RE 1992,,,USD
Dynamo,25-03-2026 23:00:02,25-03-2026 23:00:02,85e45f55-7636-4f08-ba27-d998f1f6e513,Sys_User,Sys_User,5431,9d93fd1e-e534-442e-af3e-ef447d2878ac,Cambridge EM 1996,,,USD
Dynamo,25-03-2026 23:00:02,25-03-2026 23:00:02,85e45f55-7636-4f08-ba27-d998f1f6e513,Sys_User,Sys_User,5491,e4464b44-fcf8-4768-a0f0-8bea1121b324,Cambridge EM 1997,,,USD
Dynamo,25-03-2026 23:00:02,25-03-2026 23:00:02,85e45f55-7636-4f08-ba27-d998f1f6e513,Sys_User,Sys_User,6871,1368df91-d5fe-4cab-bf64-09418360f103,Cambridge EM 2020,,,USD
Dynamo,25-03-2026 23:00:02,25-03-2026 23:00:02,85e45f55-7636-4f08-ba27-d998f1f6e513,Sys_User,Sys_User,8311,1af30509-807b-429f-b61e-c9da4b4aa366,Cambridge IF 2013,,,USD
Dynamo,25-03-2026 23:00:02,25-03-2026 23:00:02,85e45f55-7636-4f08-ba27-d998f1f6e513,Sys_User,Sys_User,8371,3670abde-f363-4ba2-ae18-57c8954363c9,Cambridge IF 2014,,,USD
Dynamo,25-03-2026 23:00:02,25-03-2026 23:00:02,85e45f55-7636-4f08-ba27-d998f1f6e513,Sys_User,Sys_User,9751,7f10bec1-b196-4287-9549-ab2764d77368,Cambridge NR 1997,,,USD
Dynamo,25-03-2026 23:00:02,25-03-2026 23:00:02,85e45f55-7636-4f08-ba27-d998f1f6e513,Sys_User,Sys_User,9811,5660587e-ca8c-4735-afc9-404eda4e93cd,Cambridge NR 1998,,,USD
Dynamo,25-03-2026 23:00:02,25-03-2026 23:00:02,85e45f55-7636-4f08-ba27-d998f1f6e513,Sys_User,Sys_User,1886,2c4c426e-9dd3-471e-8005-6d183b118191,Cambridge BO 1986,,,USD
Dynamo,25-03-2026 23:00:02,25-03-2026 23:00:02,85e45f55-7636-4f08-ba27-d998f1f6e513,Sys_User,Sys_User,414,c4076c73-7eed-41a5-aac6-c25752d8fcc5,Cambridge RE 2019,,,USD
Dynamo,25-03-2026 23:00:02,25-03-2026 23:00:02,85e45f55-7636-4f08-ba27-d998f1f6e513,Sys_User,Sys_User,474,1da05a08-2336-451b-9704-ed022b34c03a,Cambridge RE 2020,,,USD
Dynamo,25-03-2026 23:00:02,25-03-2026 23:00:02,85e45f55-7636-4f08-ba27-d998f1f6e513,Sys_User,Sys_User,1854,9966c093-40b7-4e94-ab26-020b1dd3751e,Cambridge VC 1998,,,USD
Dynamo,25-03-2026 23:00:02,25-03-2026 23:00:02,85e45f55-7636-4f08-ba27-d998f1f6e513,Sys_User,Sys_User,1914,99aba2d3-5889-4cd2-9246-2f2aacab3705,Cambridge VC 1999,,,USD
Dynamo,25-03-2026 23:00:02,25-03-2026 23:00:02,85e45f55-7636-4f08-ba27-d998f1f6e513,Sys_User,Sys_User,364,94147c81-f3b8-4963-a989-df82ee229f41,MSCI Korea Small Cap,,,USD
Dynamo,25-03-2026 23:00:02,25-03-2026 23:00:02,85e45f55-7636-4f08-ba27-d998f1f6e513,Sys_User,Sys_User,3054,27cdc774-56dd-4586-871e-fa2db6401217,Cambridge VC 2018,,,USD
Dynamo,25-03-2026 23:00:02,25-03-2026 23:00:02,85e45f55-7636-4f08-ba27-d998f1f6e513,Sys_User,Sys_User,3114,8b42a630-8a82-46e2-8575-ecadff6e9aa9,Cambridge VC 2019,,,USD
Dynamo,25-03-2026 23:00:02,25-03-2026 23:00:02,85e45f55-7636-4f08-ba27-d998f1f6e513,Sys_User,Sys_User,3043,d90c93a9-c5c5-4bb0-8c4d-4429e3227756,HFRI Fund of Funds: Conservative,,,USD
Dynamo,25-03-2026 23:00:02,25-03-2026 23:00:02,85e45f55-7636-4f08-ba27-d998f1f6e513,Sys_User,Sys_User,3534,f4a62deb-53e8-41ab-857c-e3fe0b3f90e7,Cambridge VC 9999,,,USD
Dynamo,25-03-2026 23:00:02,25-03-2026 23:00:02,85e45f55-7636-4f08-ba27-d998f1f6e513,Sys_User,Sys_User,4706,4334f55a-e044-4ad4-9c6a-e26cedfe1831,Cambridge EM 1991,,,USD
Dynamo,25-03-2026 23:00:02,25-03-2026 23:00:02,85e45f55-7636-4f08-ba27-d998f1f6e513,Sys_User,Sys_User,4766,b2287bdf-1778-498f-afd2-e998523adb3a,Cambridge EM 1992,,,USD
Dynamo,25-03-2026 23:00:02,25-03-2026 23:00:02,85e45f55-7636-4f08-ba27-d998f1f6e513,Sys_User,Sys_User,2311,daed7973-16aa-4f57-9fb9-c1a70117d36a,Cambridge PC 2010,,,USD
Dynamo,25-03-2026 23:00:02,25-03-2026 23:00:02,85e45f55-7636-4f08-ba27-d998f1f6e513,Sys_User,Sys_User,2371,7d02acc4-e728-4aa5-aeb2-2987b500d376,Cambridge PC 2011,,,USD
Dynamo,25-03-2026 23:00:02,25-03-2026 23:00:02,85e45f55-7636-4f08-ba27-d998f1f6e513,Sys_User,Sys_User,3031,15dbf890-238e-438f-8f9d-15e27d566af9,Cambridge PC 2022,,,USD
Dynamo,25-03-2026 23:00:02,25-03-2026 23:00:02,85e45f55-7636-4f08-ba27-d998f1f6e513,Sys_User,Sys_User,3091,47290af2-3720-4da1-ad41-8cdfe8929ce7,Cambridge PC 2023,,,USD
Dynamo,25-03-2026 23:00:02,25-03-2026 23:00:02,85e45f55-7636-4f08-ba27-d998f1f6e513,Sys_User,Sys_User,4351,98e1b016-9210-4a61-89a7-c0acf29acfbb,Cambridge RE 1997,,,USD
Dynamo,25-03-2026 23:00:02,25-03-2026 23:00:02,85e45f55-7636-4f08-ba27-d998f1f6e513,Sys_User,Sys_User,4411,062fc9c4-67ba-4f63-ad3f-ee350372b2ee,Cambridge RE 1998,,,USD
Dynamo,25-03-2026 23:00:02,25-03-2026 23:00:02,85e45f55-7636-4f08-ba27-d998f1f6e513,Sys_User,Sys_User,5791,8e28314e-4206-4399-84d1-87a66b83e84a,Cambridge EM 2002,,,USD
Dynamo,25-03-2026 23:00:02,25-03-2026 23:00:02,85e45f55-7636-4f08-ba27-d998f1f6e513,Sys_User,Sys_User,5851,00fc76af-6825-46ef-a184-01af87aba413,Cambridge EM 2003,,,USD
Dynamo,25-03-2026 23:00:02,25-03-2026 23:00:02,85e45f55-7636-4f08-ba27-d998f1f6e513,Sys_User,Sys_User,7231,8cfbee7c-1fba-4e38-bbc3-d317afa66192,Cambridge EM 9999,,,USD
Dynamo,25-03-2026 23:00:02,25-03-2026 23:00:02,85e45f55-7636-4f08-ba27-d998f1f6e513,Sys_User,Sys_User,8671,134f3efb-65ad-43f1-b578-4e67e9d194a3,Cambridge IF 2019,,,USD
Dynamo,25-03-2026 23:00:02,25-03-2026 23:00:02,85e45f55-7636-4f08-ba27-d998f1f6e513,Sys_User,Sys_User,8731,92963c61-dc15-4489-a998-2634ce715708,Cambridge IF 2020,,,USD
Dynamo,25-03-2026 23:00:02,25-03-2026 23:00:02,85e45f55-7636-4f08-ba27-d998f1f6e513,Sys_User,Sys_User,10111,d85393f3-09cd-4673-97c6-baa5826fe750,Cambridge NR 2003,,,USD
Dynamo,25-03-2026 23:00:02,25-03-2026 23:00:02,85e45f55-7636-4f08-ba27-d998f1f6e513,Sys_User,Sys_User,10171,98e7ec1c-5d9a-425a-add0-6d9fa650478a,Cambridge NR 2004,,,USD
Dynamo,25-03-2026 23:00:02,25-03-2026 23:00:02,85e45f55-7636-4f08-ba27-d998f1f6e513,Sys_User,Sys_User,294,9e087738-1cc7-4b8f-9f16-0a3f8ba0fb2d,Cambridge RE 2017,,,USD
Dynamo,25-03-2026 23:00:02,25-03-2026 23:00:02,85e45f55-7636-4f08-ba27-d998f1f6e513,Sys_User,Sys_User,354,5b9caed7-5bf1-4282-8545-62d8323f9188,Cambridge RE 2018,,,USD
Dynamo,25-03-2026 23:00:02,25-03-2026 23:00:02,85e45f55-7636-4f08-ba27-d998f1f6e513,Sys_User,Sys_User,1734,5ed1aa94-eea9-47c1-b1e8-4c28cb592768,Cambridge VC 1996,,,USD
Dynamo,25-03-2026 23:00:02,25-03-2026 23:00:02,85e45f55-7636-4f08-ba27-d998f1f6e513,Sys_User,Sys_User,1794,8ffa90da-f927-482b-b612-76c287059e51,Cambridge VC 1997,,,USD
Dynamo,25-03-2026 23:00:02,25-03-2026 23:00:02,85e45f55-7636-4f08-ba27-d998f1f6e513,Sys_User,Sys_User,2934,711a6d9f-8511-4bfb-9682-4b9a0bf136d3,Cambridge VC 2016,,,USD
Dynamo,25-03-2026 23:00:02,25-03-2026 23:00:02,85e45f55-7636-4f08-ba27-d998f1f6e513,Sys_User,Sys_User,2994,d8adc797-61db-486c-82d5-166bb4454084,Cambridge VC 2017,,,USD
Dynamo,25-03-2026 23:00:02,25-03-2026 23:00:02,85e45f55-7636-4f08-ba27-d998f1f6e513,Sys_User,Sys_User,163,01478856-4c37-4df4-be22-6b6207259f90,Eminence US Custom BM,,,USD
Dynamo,25-03-2026 23:00:02,25-03-2026 23:00:02,85e45f55-7636-4f08-ba27-d998f1f6e513,Sys_User,Sys_User,3866,2d9f7a77-dfdb-4721-ab81-e004f27aa187,Cambridge BO 2019,,,USD
Dynamo,25-03-2026 23:00:02,25-03-2026 23:00:02,85e45f55-7636-4f08-ba27-d998f1f6e513,Sys_User,Sys_User,3926,79a623bd-1db2-47be-845a-662dbcd67300,Cambridge BO 2020,,,USD
Dynamo,25-03-2026 23:00:02,25-03-2026 23:00:02,85e45f55-7636-4f08-ba27-d998f1f6e513,Sys_User,Sys_User,4106,55380ad5-d528-46cd-93e8-88c7083ce35d,Cambridge BO 2023,,,USD
Dynamo,25-03-2026 23:00:02,25-03-2026 23:00:02,85e45f55-7636-4f08-ba27-d998f1f6e513,Sys_User,Sys_User,4406,20838475-7de9-457f-8a69-e9a64343d8fa,Cambridge EM 1986,,,USD
Dynamo,25-03-2026 23:00:02,25-03-2026 23:00:02,85e45f55-7636-4f08-ba27-d998f1f6e513,Sys_User,Sys_User,751,611e4f74-73f3-4e0e-ba8e-43023645399b,Cambridge NR 9999,,,USD
Dynamo,25-03-2026 23:00:02,25-03-2026 23:00:02,85e45f55-7636-4f08-ba27-d998f1f6e513,Sys_User,Sys_User,2191,d19445b4-9622-44a1-ad38-de10e741b242,Cambridge PC 2008,,,USD
Dynamo,25-03-2026 23:00:02,25-03-2026 23:00:02,85e45f55-7636-4f08-ba27-d998f1f6e513,Sys_User,Sys_User,2251,e4b62a10-40f4-47af-871d-e6a9679807fc,Cambridge PC 2009,,,USD
Dynamo,25-03-2026 23:00:02,25-03-2026 23:00:02,85e45f55-7636-4f08-ba27-d998f1f6e513,Sys_User,Sys_User,2911,167cddd3-46f3-4c72-908d-74753fbacf6f,Cambridge PC 2020,,,USD
Dynamo,25-03-2026 23:00:02,25-03-2026 23:00:02,85e45f55-7636-4f08-ba27-d998f1f6e513,Sys_User,Sys_User,4231,615d36f9-d4e2-43ea-ac1b-b640a1bd1bae,Cambridge RE 1995,,,USD
Dynamo,25-03-2026 23:00:02,25-03-2026 23:00:02,85e45f55-7636-4f08-ba27-d998f1f6e513,Sys_User,Sys_User,4291,11cfb60a-f72d-450d-9172-cc9ce96bdcf9,Cambridge RE 1996,,,USD
Dynamo,25-03-2026 23:00:02,25-03-2026 23:00:02,85e45f55-7636-4f08-ba27-d998f1f6e513,Sys_User,Sys_User,5671,79401066-ad2d-4f14-aa93-cc067557a73b,Cambridge EM 2000,,,USD
Dynamo,25-03-2026 23:00:02,25-03-2026 23:00:02,85e45f55-7636-4f08-ba27-d998f1f6e513,Sys_User,Sys_User,5731,5e1e88a1-b8c0-4c1e-9b37-2a9bf0536d1a,Cambridge EM 2001,,,USD
Dynamo,25-03-2026 23:00:02,25-03-2026 23:00:02,85e45f55-7636-4f08-ba27-d998f1f6e513,Sys_User,Sys_User,8551,e274be0f-986f-4bbe-ba4e-6224005aff5b,Cambridge IF 2017,,,USD
Dynamo,25-03-2026 23:00:02,25-03-2026 23:00:02,85e45f55-7636-4f08-ba27-d998f1f6e513,Sys_User,Sys_User,8611,462e412a-03d8-4a5a-b230-795484fac1f6,Cambridge IF 2018,,,USD
Dynamo,25-03-2026 23:00:02,25-03-2026 23:00:02,85e45f55-7636-4f08-ba27-d998f1f6e513,Sys_User,Sys_User,9991,b47beb92-54a1-4f59-8643-a2d8095fb51f,Cambridge NR 2001,,,USD
Dynamo,25-03-2026 23:00:02,25-03-2026 23:00:02,85e45f55-7636-4f08-ba27-d998f1f6e513,Sys_User,Sys_User,10051,9b5078a5-513d-4373-a8d3-64b495bbd0d0,Cambridge NR 2002,,,USD
Dynamo,25-03-2026 23:00:02,25-03-2026 23:00:02,85e45f55-7636-4f08-ba27-d998f1f6e513,Sys_User,Sys_User,4194,5f84cab2-22cd-40de-a4ae-a3da26352959,Custom PIMCO CCAF,,,
Dynamo,25-03-2026 23:00:02,25-03-2026 23:00:02,85e45f55-7636-4f08-ba27-d998f1f6e513,Sys_User,Sys_User,2490,7d0f43c9-8e47-467e-8255-05de7ea46d6a,MSCI ACWI ex-USA ex-China ex-Hong Kong,,,
Dynamo,25-03-2026 23:00:02,25-03-2026 23:00:02,85e45f55-7636-4f08-ba27-d998f1f6e513,Sys_User,Sys_User,2550,c34a79d9-0065-434d-b335-535e029b7cff,MSCI ACWI IMI,,,
Dynamo,25-03-2026 23:00:02,25-03-2026 23:00:02,85e45f55-7636-4f08-ba27-d998f1f6e513,Sys_User,Sys_User,2164,ba90f7b1-3679-470b-b8c5-439461821229,PUF GEF Total Real Return BM,,,
Dynamo,25-03-2026 23:00:02,25-03-2026 23:00:02,85e45f55-7636-4f08-ba27-d998f1f6e513,Sys_User,Sys_User,2224,3b14cd06-cb7c-4c01-ba15-c9a9e4fcf606,PUF GEF Total Stable Value BM,,,
Dynamo,25-03-2026 23:00:02,25-03-2026 23:00:02,85e45f55-7636-4f08-ba27-d998f1f6e513,Sys_User,Sys_User,643,4c3b456a-a00a-4d2b-a6b6-b77aae03ba89,GRT Custom BM,,,
Dynamo,25-03-2026 23:00:02,25-03-2026 23:00:02,85e45f55-7636-4f08-ba27-d998f1f6e513,Sys_User,Sys_User,3784,d9d1c763-5f23-43ed-b024-328a61f30339,TOPIX,,,
Dynamo,25-03-2026 23:00:02,25-03-2026 23:00:02,85e45f55-7636-4f08-ba27-d998f1f6e513,Sys_User,Sys_User,4264,3ba27cb3-4ddc-4ae2-86d1-ccf1b2fb05c0,Tybourne Custom BM,,,
Dynamo,25-03-2026 23:00:02,25-03-2026 23:00:02,85e45f55-7636-4f08-ba27-d998f1f6e513,Sys_User,Sys_User,990,5821f865-e2fd-45e8-a6f8-4fb4e9dcc466,ITF Historical Policy wVE,,,
Dynamo,25-03-2026 23:00:02,25-03-2026 23:00:02,85e45f55-7636-4f08-ba27-d998f1f6e513,Sys_User,Sys_User,626,eb8ffae4-0107-48fc-a103-ba8c99d8b69e,Blended Private Equity ex EM,,,
Dynamo,25-03-2026 23:00:02,25-03-2026 23:00:02,85e45f55-7636-4f08-ba27-d998f1f6e513,Sys_User,Sys_User,2044,ab1feef7-2907-42fb-811e-d26cd7b16849,PUF GEF Total Innovation Disruption BM,,,
Dynamo,25-03-2026 23:00:02,25-03-2026 23:00:02,85e45f55-7636-4f08-ba27-d998f1f6e513,Sys_User,Sys_User,3954,8f0a08a5-228b-41eb-afd6-e56f1994a4ba,Credit Related Composite,,,
Dynamo,25-03-2026 23:00:02,25-03-2026 23:00:02,85e45f55-7636-4f08-ba27-d998f1f6e513,Sys_User,Sys_User,1230,31127417-6160-4d72-a662-1571fb7d82e5,ITF TOT GLOBAL EQ BM,,,
Dynamo,25-03-2026 23:00:02,25-03-2026 23:00:02,85e45f55-7636-4f08-ba27-d998f1f6e513,Sys_User,Sys_User,3844,95afc995-d888-4fa8-9390-da0af707be6f,Total Blended Private Equity BM,,,
Dynamo,25-03-2026 23:00:02,25-03-2026 23:00:02,85e45f55-7636-4f08-ba27-d998f1f6e513,Sys_User,Sys_User,3904,c016b0b0-12fa-4988-9669-bb301991a84f,Total Equity Hedge Composite BM,,,
Dynamo,25-03-2026 23:00:02,25-03-2026 23:00:02,85e45f55-7636-4f08-ba27-d998f1f6e513,Sys_User,Sys_User,2430,9e2a371f-e402-47fb-a02f-1d4f50797578,MSCI ACWI ex-China ex-Hong Kong,,,
Dynamo,25-03-2026 23:00:02,25-03-2026 23:00:02,85e45f55-7636-4f08-ba27-d998f1f6e513,Sys_User,Sys_User,844,4caebf05-610b-430a-ada8-9e1a792ecb10,MSCI US Microcap,,,
Dynamo,25-03-2026 23:00:02,25-03-2026 23:00:02,85e45f55-7636-4f08-ba27-d998f1f6e513,Sys_User,Sys_User,904,5fa8ac1f-3384-4e3e-8e5b-65d56f488157,MSCI US Midcap Value,,,
Dynamo,25-03-2026 23:00:02,25-03-2026 23:00:02,85e45f55-7636-4f08-ba27-d998f1f6e513,Sys_User,Sys_User,2344,a662b0a1-fb7a-418c-82a2-b762fb633b27,RTS Index,,,
Dynamo,25-03-2026 23:00:02,25-03-2026 23:00:02,85e45f55-7636-4f08-ba27-d998f1f6e513,Sys_User,Sys_User,2010,7be4d13c-2507-42a8-98d5-aed17d8d0de1,Maverick LE Custom BM,,,
Dynamo,25-03-2026 23:00:02,25-03-2026 23:00:02,85e45f55-7636-4f08-ba27-d998f1f6e513,Sys_User,Sys_User,506,0ca82dc6-7f92-455a-abed-374e9a375ba4,Albourne Tail Hedge,,,
Dynamo,25-03-2026 23:00:02,25-03-2026 23:00:02,85e45f55-7636-4f08-ba27-d998f1f6e513,Sys_User,Sys_User,534,4a363449-428c-41c3-bdcd-caeecee873c9,Cambridge RE 2021,,,
Dynamo,25-03-2026 23:00:02,25-03-2026 23:00:02,85e45f55-7636-4f08-ba27-d998f1f6e513,Sys_User,Sys_User,1984,e7231991-22b6-4f77-9608-b94fb01b098a,PUF GEF Total Global Equity BM,,,
Dynamo,25-03-2026 23:00:02,25-03-2026 23:00:02,85e45f55-7636-4f08-ba27-d998f1f6e513,Sys_User,Sys_User,2944,767bd252-e589-4ee7-8b60-9c44936eb70b,S&P 500 Healthcare,,,
Dynamo,25-03-2026 23:00:02,25-03-2026 23:00:02,85e45f55-7636-4f08-ba27-d998f1f6e513,Sys_User,Sys_User,403,278a95ee-0218-4d38-a947-1815377fd414,FTSE EPRA/NAREIT DEVELOPED EX US INDEX NET TRI,,,
Dynamo,25-03-2026 23:00:02,25-03-2026 23:00:02,85e45f55-7636-4f08-ba27-d998f1f6e513,Sys_User,Sys_User,3774,fa330e74-23e9-4e57-859a-7b1d78bea35b,Colchester Custom BM,,,
Dynamo,25-03-2026 23:00:02,25-03-2026 23:00:02,85e45f55-7636-4f08-ba27-d998f1f6e513,Sys_User,Sys_User,4434,5e1a556f-a31e-4830-a4ce-69e9ad6dec35,DE Shaw AE Composite Custom,,,
Dynamo,25-03-2026 23:00:02,25-03-2026 23:00:02,85e45f55-7636-4f08-ba27-d998f1f6e513,Sys_User,Sys_User,3151,22d16183-3ef4-4ead-9596-2a1bbf751680,Cambridge PC 2024,,,
Dynamo,25-03-2026 23:00:02,25-03-2026 23:00:02,85e45f55-7636-4f08-ba27-d998f1f6e513,Sys_User,Sys_User,3211,0f38d824-3329-43c9-85b8-27602f352013,Cambridge PC 2025,,,
Dynamo,25-03-2026 23:00:02,25-03-2026 23:00:02,85e45f55-7636-4f08-ba27-d998f1f6e513,Sys_User,Sys_User,8791,5dd33796-1046-4e73-badb-f8fc07d2cf41,Cambridge IF 2021,,,
Dynamo,25-03-2026 23:00:02,25-03-2026 23:00:02,85e45f55-7636-4f08-ba27-d998f1f6e513,Sys_User,Sys_User,3234,c6939c0d-0cc0-4fc5-b48f-f14fd17e8c08,Cambridge VC 2021,,,
Dynamo,25-03-2026 23:00:02,25-03-2026 23:00:02,85e45f55-7636-4f08-ba27-d998f1f6e513,Sys_User,Sys_User,3930,0710232a-875b-427d-b9ab-6f0a9dc17985,MSCI EM: Frontier Africa ex-South Africa,,,
Dynamo,25-03-2026 23:00:02,25-03-2026 23:00:02,85e45f55-7636-4f08-ba27-d998f1f6e513,Sys_User,Sys_User,146,e2eaa973-fb2f-45aa-8869-ba74463b67ba,67/33 EM Policy BM,,,
Dynamo,25-03-2026 23:00:02,25-03-2026 23:00:02,85e45f55-7636-4f08-ba27-d998f1f6e513,Sys_User,Sys_User,1586,48b92745-38dd-4774-b9c3-41c23ca66934,Bloomberg Global Aggregate Ex China HTOT Index,,,
Dynamo,25-03-2026 23:00:02,25-03-2026 23:00:02,85e45f55-7636-4f08-ba27-d998f1f6e513,Sys_User,Sys_User,1646,f926591b-0516-49f0-8ff8-0ddf23d40a02,Bloomberg US Treasury Long,,,
Dynamo,25-03-2026 23:00:02,25-03-2026 23:00:02,85e45f55-7636-4f08-ba27-d998f1f6e513,Sys_User,Sys_User,1624,c75a70ec-a3c7-48fe-8ed8-60c2f8f36bc3,Nasdaq Biotech,,,
Dynamo,25-03-2026 23:00:02,25-03-2026 23:00:02,85e45f55-7636-4f08-ba27-d998f1f6e513,Sys_User,Sys_User,3986,b98a5092-c9e2-4925-ba87-9c5b9bab3585,Cambridge BO 2021,,,
Dynamo,25-03-2026 23:00:02,25-03-2026 23:00:02,85e45f55-7636-4f08-ba27-d998f1f6e513,Sys_User,Sys_User,4226,c6611b43-0adc-4cfd-87b3-1922c625d478,Cambridge BO 2025,,,
Dynamo,25-03-2026 23:00:02,25-03-2026 23:00:02,85e45f55-7636-4f08-ba27-d998f1f6e513,Sys_User,Sys_User,691,be76f451-3f83-4d33-b38f-b907699801fc,Cambridge NR 2024,,,
Dynamo,25-03-2026 23:00:02,25-03-2026 23:00:02,85e45f55-7636-4f08-ba27-d998f1f6e513,Sys_User,Sys_User,86,75c9a376-01a9-4f0c-bf7f-121e03bbf191,50% S&P Biotech / 50% Nasdaq Biotech,,,
Dynamo,25-03-2026 23:00:02,25-03-2026 23:00:02,85e45f55-7636-4f08-ba27-d998f1f6e513,Sys_User,Sys_User,690,76b048f0-c476-4a1f-a823-954ea02f3822,HSBC Global Mining Custom BM,,,
Dynamo,25-03-2026 23:00:02,25-03-2026 23:00:02,85e45f55-7636-4f08-ba27-d998f1f6e513,Sys_User,Sys_User,511,3ed75a81-7212-4405-87be-492c0deff667,Cambridge NR 2021,,,
Dynamo,25-03-2026 23:00:02,25-03-2026 23:00:02,85e45f55-7636-4f08-ba27-d998f1f6e513,Sys_User,Sys_User,6931,c6efd470-589f-4d39-ba5d-c8ba201875c6,Cambridge EM 2021,,,
Dynamo,25-03-2026 23:00:02,25-03-2026 23:00:02,85e45f55-7636-4f08-ba27-d998f1f6e513,Sys_User,Sys_User,386,e4a3fd4c-0134-4fb0-a004-3571b0842ef7,AKO Europe LO Custom BM,,,
Dynamo,25-03-2026 23:00:02,25-03-2026 23:00:02,85e45f55-7636-4f08-ba27-d998f1f6e513,Sys_User,Sys_User,1804,af74d5fd-e429-49e1-9cd2-644816b5585d,PIMCO Custom Benchmark,,,
Dynamo,25-03-2026 23:00:02,25-03-2026 23:00:02,85e45f55-7636-4f08-ba27-d998f1f6e513,Sys_User,Sys_User,4254,aec9b33d-762c-4e8a-b000-b70d49a5f186,Custom PIMCO StocksPlus,,,
Dynamo,25-03-2026 23:00:02,25-03-2026 23:00:02,85e45f55-7636-4f08-ba27-d998f1f6e513,Sys_User,Sys_User,4914,43a751f7-20e0-4707-986e-ff649f759730,Dynamo Custom BM,,,
Dynamo,25-03-2026 23:00:02,25-03-2026 23:00:02,85e45f55-7636-4f08-ba27-d998f1f6e513,Sys_User,Sys_User,326,733cea3a-88f8-4543-a3ae-efea722a83e3,Aggregate Endowment Policy Portfolio,,,
Dynamo,25-03-2026 23:00:02,25-03-2026 23:00:02,85e45f55-7636-4f08-ba27-d998f1f6e513,Sys_User,Sys_User,1744,5aa980c1-6135-4cc5-8278-69570540d813,Petra Korea Custom Blended,,,
Dynamo,25-03-2026 23:00:02,25-03-2026 23:00:02,85e45f55-7636-4f08-ba27-d998f1f6e513,Sys_User,Sys_User,3414,5cc7bc9f-82ee-46b3-ac74-bb9e41ab5c26,Cambridge VC 2024,,,
Dynamo,25-03-2026 23:00:02,25-03-2026 23:00:02,85e45f55-7636-4f08-ba27-d998f1f6e513,Sys_User,Sys_User,3474,b4c72bef-16a6-43d7-9aad-eba0709b6519,Cambridge VC 2025,,,
Dynamo,25-03-2026 23:00:02,25-03-2026 23:00:02,85e45f55-7636-4f08-ba27-d998f1f6e513,Sys_User,Sys_User,4166,b75029aa-4364-4547-aef3-60c2603ab07d,Cambridge BO 2024,,,
Dynamo,25-03-2026 23:00:02,25-03-2026 23:00:02,85e45f55-7636-4f08-ba27-d998f1f6e513,Sys_User,Sys_User,1650,6f184fa2-4a29-43cb-8a69-0608c5ae28dc,Janchor Opp Custom BM,,,
Dynamo,25-03-2026 23:00:02,25-03-2026 23:00:02,85e45f55-7636-4f08-ba27-d998f1f6e513,Sys_User,Sys_User,2910,4e533cd4-2e78-4eab-9aef-c2b5e56ccc69,MSCI Brazil - INTERNAL DELETE,,,
Dynamo,25-03-2026 23:00:02,25-03-2026 23:00:02,85e45f55-7636-4f08-ba27-d998f1f6e513,Sys_User,Sys_User,2971,27a080df-3260-495d-aec2-9ff6d501b31b,Cambridge PC 2021,,,
Dynamo,25-03-2026 23:00:02,25-03-2026 23:00:02,85e45f55-7636-4f08-ba27-d998f1f6e513,Sys_User,Sys_User,7111,98b4ccf0-5652-4274-8c4a-4cf8d6c6084c,Cambridge EM 2024,,,
Dynamo,25-03-2026 23:00:02,25-03-2026 23:00:02,85e45f55-7636-4f08-ba27-d998f1f6e513,Sys_User,Sys_User,7171,2e2eaeb4-a423-46ee-849c-121e07b1254c,Cambridge EM 2025,,,
Dynamo,25-03-2026 23:00:02,25-03-2026 23:00:02,85e45f55-7636-4f08-ba27-d998f1f6e513,Sys_User,Sys_User,1346,521f9b26-c576-473c-8748-de75586047b6,Bloomberg Barclays US Corporate HY,Bloomberg Barclays U.S. Corporate High Yield (IX1F0003354C),,USD
Dynamo,25-03-2026 23:00:02,25-03-2026 23:00:02,85e45f55-7636-4f08-ba27-d998f1f6e513,Sys_User,Sys_User,1406,4848b1e9-08cc-46dd-9400-baf602881fd8,Bloomberg Barclays US Credit,Bloomberg Barclays U.S. Credit Index (IX1F00001958),,USD
Dynamo,25-03-2026 23:00:02,25-03-2026 23:00:02,85e45f55-7636-4f08-ba27-d998f1f6e513,Sys_User,Sys_User,1324,c3ab579d-3b8e-4461-a79b-ce9a58681df5,MSCI World Energy: ex-US,MSCI World Ex US Energy Net Sector Index (IX1F00000417),,USD
Dynamo,25-03-2026 23:00:02,25-03-2026 23:00:02,85e45f55-7636-4f08-ba27-d998f1f6e513,Sys_User,Sys_User,2764,007f2169-2612-4b6a-ba62-d28821d6e0dd,Russian Prosperity Custom BM - Zephyr,Returns uploaded from Zephyr,,USD
Dynamo,25-03-2026 23:00:02,25-03-2026 23:00:02,85e45f55-7636-4f08-ba27-d998f1f6e513,Sys_User,Sys_User,523,32fcb667-dbea-4b2b-af6b-2e9d6ec031f5,Gold Spot,Gold Spot Price Index (IX1F00283137),,USD
Dynamo,25-03-2026 23:00:02,25-03-2026 23:00:02,85e45f55-7636-4f08-ba27-d998f1f6e513,Sys_User,Sys_User,810,3d1900d6-e34f-4065-b836-2fa465923f55,ICE BofAML Us Treasury 1-3 yr,ICE BofAML US Treasuries 1-3 Yr (G1O2) (IX1F0002928C),,USD
Dynamo,25-03-2026 23:00:02,25-03-2026 23:00:02,85e45f55-7636-4f08-ba27-d998f1f6e513,Sys_User,Sys_User,870,88b46600-c1fb-4a43-a8fb-b5ea4b387fa9,ICE LIBOR 1 Month,ICE LIBOR USD 1 Month Index (IX1F00063528),,USD
Dynamo,25-03-2026 23:00:02,25-03-2026 23:00:02,85e45f55-7636-4f08-ba27-d998f1f6e513,Sys_User,Sys_User,1106,f39bcab3-5028-4995-a79c-3aeba2892139,Bloomberg Barclays Global HY,Bloomberg Barclays Global High Yield Index (IX1F00300908),,USD
Dynamo,25-03-2026 23:00:02,25-03-2026 23:00:02,85e45f55-7636-4f08-ba27-d998f1f6e513,Sys_User,Sys_User,2310,08578550-d950-49ab-a088-3116a879307e,MSCI AC World ex-US,MSCI All Country World Ex United States Net Index (IX1F00269138),,USD
Dynamo,25-03-2026 23:00:02,25-03-2026 23:00:02,85e45f55-7636-4f08-ba27-d998f1f6e513,Sys_User,Sys_User,1226,30bf4649-88d0-4f1e-a7d8-6412cc09526d,Bloomberg Barclays Government Bond,Bloomberg Barclays Government Bond Index (IX1F00001968),,USD
Dynamo,25-03-2026 23:00:02,25-03-2026 23:00:02,85e45f55-7636-4f08-ba27-d998f1f6e513,Sys_User,Sys_User,1286,6496cc37-0682-4b2e-87df-aa8fa90f18da,Bloomberg Barclays US Agg Bond,Bloomberg Barclays U.S. Aggregate Bond Index (IX1F00003848),,USD
Dynamo,25-03-2026 23:00:02,25-03-2026 23:00:02,85e45f55-7636-4f08-ba27-d998f1f6e513,Sys_User,Sys_User,1264,b837c039-76fe-4fb5-aeb8-4627d3698444,MSCI World Energy: Equipment & Services,MSCI World Energy Equipment & Services Net Index (IX1F0005579C),,USD
Dynamo,25-03-2026 23:00:02,25-03-2026 23:00:02,85e45f55-7636-4f08-ba27-d998f1f6e513,Sys_User,Sys_User,3124,f22103aa-9835-46db-8535-8073d6658fc5,S&P Pan Arab,S&P Pan Arab Net Index (IX1F0005296C),,USD
Dynamo,25-03-2026 23:00:02,25-03-2026 23:00:02,85e45f55-7636-4f08-ba27-d998f1f6e513,Sys_User,Sys_User,4014,e42fe5cb-1385-4ecd-9c63-75449a6a8017,Credit Suisse High Yield,Credit Suisse High Yield Index (IX1F00010518),,USD
Dynamo,25-03-2026 23:00:02,25-03-2026 23:00:02,85e45f55-7636-4f08-ba27-d998f1f6e513,Sys_User,Sys_User,866,e88310e1-9ea4-4ef8-8869-17df41ad126e,Bloomberg Barclays Global Agg,Bloomberg Barclays Global Aggregate Index (IX1F00258898),,USD
Dynamo,25-03-2026 23:00:02,25-03-2026 23:00:02,85e45f55-7636-4f08-ba27-d998f1f6e513,Sys_User,Sys_User,926,2223c6a7-52c5-4a5f-b512-3598240363a5,Bloomberg Barclays Global Agg ex-US,Bloomberg Barclays Global Aggregate ex-USD (IX1F00260798),,USD
Dynamo,25-03-2026 23:00:02,25-03-2026 23:00:02,85e45f55-7636-4f08-ba27-d998f1f6e513,Sys_User,Sys_User,4324,a3ac41c9-a553-468a-869c-adb98e03233a,US CPI,US Consumer Price Index (IX1F00021378),,USD
Dynamo,25-03-2026 23:00:02,25-03-2026 23:00:02,85e45f55-7636-4f08-ba27-d998f1f6e513,Sys_User,Sys_User,2070,a3fdc538-3b31-4b0d-877f-dc69d869b7ff,MSCI AC Asia ex-Japan,MSCI All Country Asia x Japan Net Dividend Index (IX1F00309178),,USD
Dynamo,25-03-2026 23:00:02,25-03-2026 23:00:02,85e45f55-7636-4f08-ba27-d998f1f6e513,Sys_User,Sys_User,3870,2c908e7e-fa4d-431f-89ac-b5c642b6de42,MSCI EM Small Cap,MSCI Emerging Markets Small Cap Net Index (IX1F0005747C),,USD
Dynamo,25-03-2026 23:00:02,25-03-2026 23:00:02,85e45f55-7636-4f08-ba27-d998f1f6e513,Sys_User,Sys_User,2464,2d1d906f-ab3b-491b-a8af-45027e1f9775,Russell 2000,IX1F00003878,,USD
Dynamo,25-03-2026 23:00:02,25-03-2026 23:00:02,85e45f55-7636-4f08-ba27-d998f1f6e513,Sys_User,Sys_User,2130,e7b060f3-dea9-4624-80b3-2c037da48966,MSCI AC Asia Pac ex-Japan,IX1F00091478,,USD
Dynamo,25-03-2026 23:00:02,25-03-2026 23:00:02,85e45f55-7636-4f08-ba27-d998f1f6e513,Sys_User,Sys_User,2190,ad418cd0-2eb5-4189-b7e0-f7a7d69a7d6d,MSCI AC Asia Pacific,MSCI All Country Asia Pacific Net Index (IX1F00285408),,USD
Dynamo,25-03-2026 23:00:02,25-03-2026 23:00:02,85e45f55-7636-4f08-ba27-d998f1f6e513,Sys_User,Sys_User,184,73bcc2df-f0a8-402c-aafa-2f899302b40c,MSCI Korea,MSCI Korea Net Dividend Index (IX1F00281788),,USD
Dynamo,25-03-2026 23:00:02,25-03-2026 23:00:02,85e45f55-7636-4f08-ba27-d998f1f6e513,Sys_User,Sys_User,1564,7a1b9784-e089-4813-b5fb-d0f93e7f115b,MSCI World Natural Resources,MSCI World Natural Resource NET Index~ (IX1F00112737),,USD
Dynamo,25-03-2026 23:00:02,25-03-2026 23:00:02,85e45f55-7636-4f08-ba27-d998f1f6e513,Sys_User,Sys_User,2730,655da2cb-0e35-484e-8e31-2c7e9acde810,MSCI Arabia,MSCI Arabia Net Index (IX1F00109847),,USD
Dynamo,25-03-2026 23:00:02,25-03-2026 23:00:02,85e45f55-7636-4f08-ba27-d998f1f6e513,Sys_User,Sys_User,2790,772c3eef-fb62-4c22-b34c-128aa83367ff,MSCI Australia,MSCI Australia Net Dividend Index (IX1F00052448),,USD
Dynamo,25-03-2026 23:00:02,25-03-2026 23:00:02,85e45f55-7636-4f08-ba27-d998f1f6e513,Sys_User,Sys_User,26,419cafcd-a9c6-4312-bf5d-d5efca9323fd,50% MSCI US/50% MSCI US Midcap Value,"50% MSCI US/50% MSCI US Midcap Value
IX1F00053058/IX1F00268927",,USD
Dynamo,25-03-2026 23:00:02,25-03-2026 23:00:02,85e45f55-7636-4f08-ba27-d998f1f6e513,Sys_User,Sys_User,1466,238d6fcf-356b-480f-815d-a260675aab9f,Bloomberg Barclays US TIPS,Bloomberg Barclays Global Inflation-Linked: U.S. TIPS Index (IX1F00130948),,USD
Dynamo,25-03-2026 23:00:02,25-03-2026 23:00:02,85e45f55-7636-4f08-ba27-d998f1f6e513,Sys_User,Sys_User,1526,3007a5d7-8527-4500-8ce9-7ceab2514cc2,Bloomberg Commodity,Bloomberg Commodity Index Total Return (IX1F00298908),,USD
Dynamo,25-03-2026 23:00:02,25-03-2026 23:00:02,85e45f55-7636-4f08-ba27-d998f1f6e513,Sys_User,Sys_User,750,14be9726-969f-48a2-bb0d-2dd951fad1d6,ICE BofAML 3 Month US T-Bill,ICE BofAML 3 Month US Treasury Bill G0O1 (IX1F0000572C),,USD
Dynamo,25-03-2026 23:00:02,25-03-2026 23:00:02,85e45f55-7636-4f08-ba27-d998f1f6e513,Sys_User,Sys_User,2610,bc55f378-0de3-458c-8e57-4b340054e128,MSCI Africa ex-South Africa,MSCI Emerging Frontier Markets Africa Ex South Africa Net In (IX1F00335937),,USD
Dynamo,25-03-2026 23:00:02,25-03-2026 23:00:02,85e45f55-7636-4f08-ba27-d998f1f6e513,Sys_User,Sys_User,4230,5b3da0e9-aaaa-4111-84da-bd5c77f9af58,MSCI India,IX1F00046088 or M1IN Index,,USD
Dynamo,25-03-2026 23:00:02,25-03-2026 23:00:02,85e45f55-7636-4f08-ba27-d998f1f6e513,Sys_User,Sys_User,343,08127f9e-d353-4597-9d4b-aad29c1bc299,FTSE EPRA/NAREIT Developed,FTSE EPRA/NAREIT Developed Index Net TRIUSD,,USD
Dynamo,25-03-2026 23:00:02,25-03-2026 23:00:02,85e45f55-7636-4f08-ba27-d998f1f6e513,Sys_User,Sys_User,3654,c4413ca8-7615-46d5-a345-142b7e2c70ab,Citigroup World Government Bond: Non-US,Citigroup WGBI Non-U.S. (IX1F00083048),,USD
Dynamo,25-03-2026 23:00:02,25-03-2026 23:00:02,85e45f55-7636-4f08-ba27-d998f1f6e513,Sys_User,Sys_User,3714,97a85519-12f1-4b95-a307-da6e466a3b91,Citigroup World Government Bond: Non-US 1-3 Yrs,Citigroup WGBI Non-U.S. 1-3 yrs (IX1F00081048),,USD
Dynamo,25-03-2026 23:00:02,25-03-2026 23:00:02,85e45f55-7636-4f08-ba27-d998f1f6e513,Sys_User,Sys_User,2970,8988c676-5bb1-4397-b6d7-2b9a9ebdcd9d,MSCI Canada,MSCI Canada Net Dividend Index (IX1F00052828),,USD
Dynamo,25-03-2026 23:00:02,25-03-2026 23:00:02,85e45f55-7636-4f08-ba27-d998f1f6e513,Sys_User,Sys_User,3030,f5ebdec6-7677-46e7-bddf-dfb32418534e,MSCI China,Returns uploaded from Zephyr,,USD
Dynamo,25-03-2026 23:00:02,25-03-2026 23:00:02,85e45f55-7636-4f08-ba27-d998f1f6e513,Sys_User,Sys_User,2983,fd60fd71-2a95-4de0-a40f-2055f25d9ff7,HFRI Fund of Funds,HFRI Fund of Funds Composite Index (IX1F0000607C),,USD
Dynamo,25-03-2026 23:00:02,25-03-2026 23:00:02,85e45f55-7636-4f08-ba27-d998f1f6e513,Sys_User,Sys_User,1710,bd2d27c8-6e5e-44d8-821f-464f9b54afa0,JP Morgan EM Bond Global,JP Morgan Emerging Markets Bond Index Global (IX1F0000194C),,USD
Dynamo,25-03-2026 23:00:02,25-03-2026 23:00:02,85e45f55-7636-4f08-ba27-d998f1f6e513,Sys_User,Sys_User,1384,f779bab2-0a43-480c-87e6-2b957125a669,MSCI World EW,MSCI World Equal Weighted Net Return Index (M1WOEW Index),,
Dynamo,25-03-2026 23:00:02,25-03-2026 23:00:02,85e45f55-7636-4f08-ba27-d998f1f6e513,Sys_User,Sys_User,2824,e59c3d34-42ee-46a2-b999-55c3b5dcbb86,S&P 400 Midcap,MID Index (IX1F00028598),,
Dynamo,25-03-2026 23:00:02,25-03-2026 23:00:02,85e45f55-7636-4f08-ba27-d998f1f6e513,Sys_User,Sys_User,3244,d662c81b-82f3-4673-8cc5-bec46bb565b8,Slate Path HF Market Benchmark,Market Index MSCI World,,
Dynamo,25-03-2026 23:00:02,25-03-2026 23:00:02,85e45f55-7636-4f08-ba27-d998f1f6e513,Sys_User,Sys_User,3304,6bc7839f-5042-4949-94d4-ae7f6b53cd8c,SP500 minus 1.5,"S&P 500 minus 1.5%
UGEGX0903141",,
Dynamo,25-03-2026 23:00:02,25-03-2026 23:00:02,85e45f55-7636-4f08-ba27-d998f1f6e513,Sys_User,Sys_User,3964,d291e6e8-9ac7-434f-8550-162579bd89a1,Total Public Equity BM,UGEGX0903083,,
Dynamo,25-03-2026 23:00:02,25-03-2026 23:00:02,85e45f55-7636-4f08-ba27-d998f1f6e513,Sys_User,Sys_User,4024,1c78b527-b18c-4f7d-851a-2e0fed12444d,TPG TPEP HF CAPM Benchmark,0.45 Beta to MSCI World (IX1F00052438) - 55% Cash (IX1F0000572C),,
Dynamo,25-03-2026 23:00:02,25-03-2026 23:00:02,85e45f55-7636-4f08-ba27-d998f1f6e513,Sys_User,Sys_User,4134,8fff71c6-8e8f-4cb3-8ea2-50b05d52c946,Custom Cambridge Infrastructure,UGEGX0903099,,
Dynamo,25-03-2026 23:00:02,25-03-2026 23:00:02,85e45f55-7636-4f08-ba27-d998f1f6e513,Sys_User,Sys_User,4734,25cec5e8-1636-478c-a544-7c1224b15352,Dockside II CAPM Benchmark,"0.25 Beta to Blend of 50% S&P 500 (IX1F00079488), 50% Russell 2000 (IX1F00003878) - 75% Cash (IX1F0000572C) - Adjusted Weights of 12.5% each",,
Dynamo,25-03-2026 23:00:02,25-03-2026 23:00:02,85e45f55-7636-4f08-ba27-d998f1f6e513,Sys_User,Sys_User,4794,3036acff-0a63-4bf9-96e5-a951e7410ab7,Dockside II Market Benchmark,"Market Index Blend of 50% S&P 500 (IX1F00079488), 50% Russell 2000 (IX1F00003878)",,
Dynamo,25-03-2026 23:00:02,25-03-2026 23:00:02,85e45f55-7636-4f08-ba27-d998f1f6e513,Sys_User,Sys_User,1410,c49b89b5-f35c-40bc-8621-cf61db1faa53,ITF Total Public Equity BM,UGEGX0903084,,
Dynamo,25-03-2026 23:00:02,25-03-2026 23:00:02,85e45f55-7636-4f08-ba27-d998f1f6e513,Sys_User,Sys_User,1470,a0f0ebd7-1595-4670-afcf-e4d230c7d132,ITF Total Real Ret BM,UGEGX0903090,,
Dynamo,25-03-2026 23:00:02,25-03-2026 23:00:02,85e45f55-7636-4f08-ba27-d998f1f6e513,Sys_User,Sys_User,746,997100be-6a35-452f-b77c-fca5d468de25,Blended Private Real Estate,UGEGX0903068,,
Dynamo,25-03-2026 23:00:02,25-03-2026 23:00:02,85e45f55-7636-4f08-ba27-d998f1f6e513,Sys_User,Sys_User,806,82091e70-739c-45e4-8685-3048c13a6331,Blended Venture Economics Custom,"Blended Cambridge Buyouts, EM PE and Venture, Credit Opportunities, Venture
UGEGX0903019",,
Dynamo,25-03-2026 23:00:02,25-03-2026 23:00:02,85e45f55-7636-4f08-ba27-d998f1f6e513,Sys_User,Sys_User,774,fac30731-559d-4951-b66d-2d5a39724024,Cambridge VC,Venture,,
Dynamo,25-03-2026 23:00:02,25-03-2026 23:00:02,85e45f55-7636-4f08-ba27-d998f1f6e513,Sys_User,Sys_User,724,a6f5dd9c-3c4f-4407-9384-fccdbe917333,MSCI United States Gross,MSCI UNITED STATES INDEX (IX1F00039798),,
Dynamo,25-03-2026 23:00:02,25-03-2026 23:00:02,85e45f55-7636-4f08-ba27-d998f1f6e513,Sys_User,Sys_User,703,01b82254-e3c0-4be8-80b0-474173792cef,Hawk Ridge II CAPM Benchmark,0.45 Beta to MID Index (IX1F00028598) - 55% Cash (IX1F0000572C),,
Dynamo,25-03-2026 23:00:02,25-03-2026 23:00:02,85e45f55-7636-4f08-ba27-d998f1f6e513,Sys_User,Sys_User,3724,2f7700c2-3489-4dc2-a9a1-91c438b72be0,Tokyo Price Index Local,TPXDDVD Index (JPY) - Local currency,,
Dynamo,25-03-2026 23:00:02,25-03-2026 23:00:02,85e45f55-7636-4f08-ba27-d998f1f6e513,Sys_User,Sys_User,4204,d33a9f92-3868-4989-924e-edda3d6f4158,Two Creeks Market Benchmark,Market Index MSCI World,,
Dynamo,25-03-2026 23:00:02,25-03-2026 23:00:02,85e45f55-7636-4f08-ba27-d998f1f6e513,Sys_User,Sys_User,1890,a0d77406-aab2-41b9-90a7-4881ead7ed98,Marshall Wace Eureka CAPM Benchmark,0.30 Beta to MSCI World (IX1F00052438) - 70% Cash (IX1F0000572C),,
Dynamo,25-03-2026 23:00:02,25-03-2026 23:00:02,85e45f55-7636-4f08-ba27-d998f1f6e513,Sys_User,Sys_User,1950,bd74562f-bf6b-4da9-831d-5d870918bbaa,Marshall Wace Eureka Market Benchmark,Market Index MSCI World,,
Dynamo,25-03-2026 23:00:02,25-03-2026 23:00:02,85e45f55-7636-4f08-ba27-d998f1f6e513,Sys_User,Sys_User,3330,138578d2-5361-4d58-9621-e4ef6c84f485,MSCI EAFE and Canada,MSCI EAFE and Canada with Net Dividends,,
Dynamo,25-03-2026 23:00:02,25-03-2026 23:00:02,85e45f55-7636-4f08-ba27-d998f1f6e513,Sys_User,Sys_User,3390,2f48ad87-adc8-4731-a7c2-1b7ad4f9fc73,MSCI EAFE EW,MSCI EAFE Equal Weighted Net Return Index (M1EAEWGT Index),,
Dynamo,25-03-2026 23:00:02,25-03-2026 23:00:02,85e45f55-7636-4f08-ba27-d998f1f6e513,Sys_User,Sys_User,3690,048a5a20-ad53-48b9-a1d7-92d4085cdb68,MSCI EM ex-China,"Gross Index: IX1F00396137
Net Index: IX1F00008935",,
Dynamo,25-03-2026 23:00:02,25-03-2026 23:00:02,85e45f55-7636-4f08-ba27-d998f1f6e513,Sys_User,Sys_User,3750,acd3900f-bdad-498e-809d-4ddb0925e87a,MSCI EM Horizon,MSCI EM Horizon Index (M1EFH Index),,
Dynamo,25-03-2026 23:00:02,25-03-2026 23:00:02,85e45f55-7636-4f08-ba27-d998f1f6e513,Sys_User,Sys_User,9031,4458b951-3a59-4e7e-acb0-e293ee1db06b,Cambridge NR,Natural Resources,,
Dynamo,25-03-2026 23:00:02,25-03-2026 23:00:02,85e45f55-7636-4f08-ba27-d998f1f6e513,Sys_User,Sys_User,686,00fc3107-48f7-4ed0-b01b-9be0aa077aa0,Blended Private Nat Resources,Blended Private Nat Resources UGEGX0903100,,
Dynamo,25-03-2026 23:00:02,25-03-2026 23:00:02,85e45f55-7636-4f08-ba27-d998f1f6e513,Sys_User,Sys_User,2104,32bceee4-868e-47a2-8d29-effebc1a3466,PUF GEF Total Public Equity BM,PUF/GEF MCC Tot Dev and EM Eq UGEGX0903083,,
Dynamo,25-03-2026 23:00:02,25-03-2026 23:00:02,85e45f55-7636-4f08-ba27-d998f1f6e513,Sys_User,Sys_User,3004,007ff21b-5650-47c6-8867-d3aecea16c13,S&P Biotech Select,"S&P Biotech Select Index
Account Number IX1F00380867
Bloomberg Ticker SPSIBITR",,
Dynamo,25-03-2026 23:00:02,25-03-2026 23:00:02,85e45f55-7636-4f08-ba27-d998f1f6e513,Sys_User,Sys_User,3064,e08d2b50-ee10-4790-b6e0-59dbd26dfaa0,S&P Healthcare,S&P 500 Healthcare Large Cap Index - S5HLTH Index,,
Dynamo,25-03-2026 23:00:02,25-03-2026 23:00:02,85e45f55-7636-4f08-ba27-d998f1f6e513,Sys_User,Sys_User,583,9ca738f1-71f5-4f11-a3d1-8cc69525ec2f,GQG Custom Benchmark,"MSCI ACWI (IX1F00285998) until Aug 30, 2025 - Then MSCI ACWI ex-China ex-Hong Kong (IX1F00015825)",,
Dynamo,25-03-2026 23:00:02,25-03-2026 23:00:02,85e45f55-7636-4f08-ba27-d998f1f6e513,Sys_User,Sys_User,3604,9925122d-baaf-4200-8567-cd35a10a0ebf,Tiger Pacific CAPM Benchmark,"0.45 Beta to Blend of 40% MSCI China (IX1F00078668), 30% TOPIX (IX1G00262758), 15% MSCI Korea 10-40 (M1KR40 Index), 15% MSCI India (IX1F00046088) - 55% Cash (IX1F0000572C) - Adjusted Weights of 18%, 13.5%, 6.75%, 6.75%, respectively",,
Dynamo,25-03-2026 23:00:02,25-03-2026 23:00:02,85e45f55-7636-4f08-ba27-d998f1f6e513,Sys_User,Sys_User,3664,a81ee04c-d0a0-4b00-b0f4-2801308878bd,Tiger Pacific Market Benchmark,"Market Index Blend of 40% MSCI China (IX1F00078668), 30% TOPIX (IX1G00262758), 15% MSCI Korea 10-40 (M1KR40 Index), 15% MSCI India (IX1F00046088)",,
Dynamo,25-03-2026 23:00:02,25-03-2026 23:00:02,85e45f55-7636-4f08-ba27-d998f1f6e513,Sys_User,Sys_User,3894,bd802c9e-bc75-4435-b768-761f1deae584,Contrarian EM II Market Benchmark,"Market Index Blend of 30% MSCI EM (IX1F00274888), 50% CEMBIV Index, 20% EMBIV Index",,
Dynamo,25-03-2026 23:00:02,25-03-2026 23:00:02,85e45f55-7636-4f08-ba27-d998f1f6e513,Sys_User,Sys_User,1770,97b9f6ea-6ec2-4cbe-9e2c-c22459d20afe,Junto CAPM Benchmark,"0.20 Beta to Blend of 50% MID Index (IX1F00028598), 50% S&P 500 (IX1F00079488) - 80% Cash (IX1F0000572C) - Adjusted Weights of 10% each",,
Dynamo,25-03-2026 23:00:02,25-03-2026 23:00:02,85e45f55-7636-4f08-ba27-d998f1f6e513,Sys_User,Sys_User,1830,d6e500d3-72aa-4932-9aec-4af48622570c,Junto Market Benchmark,"Market Index Blend of 50% MID Index (IX1F00028598), 50% S&P 500 (IX1F00079488)",,
Dynamo,25-03-2026 23:00:02,25-03-2026 23:00:02,85e45f55-7636-4f08-ba27-d998f1f6e513,Sys_User,Sys_User,3630,12cd48d5-e773-47aa-9629-8d7901fccf81,MSCI EM EW,MSCI EM Equal Weighted Net Return Index (M1EFEW Index),,
Dynamo,25-03-2026 23:00:02,25-03-2026 23:00:02,85e45f55-7636-4f08-ba27-d998f1f6e513,Sys_User,Sys_User,1166,7e01f18b-be6e-4315-b3e8-4d1ca6db8821,Bloomberg Barclays Global TIPS,Bloomberg Barclays Global Inflation Linked TR Index,,
Dynamo,25-03-2026 23:00:02,25-03-2026 23:00:02,85e45f55-7636-4f08-ba27-d998f1f6e513,Sys_User,Sys_User,1084,3d5290b5-3878-420f-804b-2d3accb92225,MSCI USA EW,MSCI United States Equal Weighted Net Returns Index (M1USEW Index),,
Dynamo,25-03-2026 23:00:02,25-03-2026 23:00:02,85e45f55-7636-4f08-ba27-d998f1f6e513,Sys_User,Sys_User,1144,c463ebff-72eb-4128-817c-4aa73229b58c,MSCI USA IMI,"BNY name: MSCI United States Investable Markets Index
IX1F00270627 - MSCI USA IMI Gross Net Total Return",,
Dynamo,25-03-2026 23:00:02,25-03-2026 23:00:02,85e45f55-7636-4f08-ba27-d998f1f6e513,Sys_User,Sys_User,166,960fd967-bf17-4a0f-a67e-70a9c148f21d,ValueAct Custom BM,Russell 2K & S&P 400 Midcap,,
Dynamo,25-03-2026 23:00:02,25-03-2026 23:00:02,85e45f55-7636-4f08-ba27-d998f1f6e513,Sys_User,Sys_User,226,694bb0c9-52c9-4947-98e7-fda0dfb65f19,Viking HF CAPM Benchmark,0.30 Beta to MSCI World - 70% Cash (IX1F0000572C),,
Dynamo,25-03-2026 23:00:02,25-03-2026 23:00:02,85e45f55-7636-4f08-ba27-d998f1f6e513,Sys_User,Sys_User,450,a4d10da2-3b27-4317-a9d0-01da61ccc9b2,Hound HF CAPM Benchmark,0.40 Beta to MSCI World (IX1F00052438) - 60% Cash (IX1F0000572C),,
Dynamo,25-03-2026 23:00:02,25-03-2026 23:00:02,85e45f55-7636-4f08-ba27-d998f1f6e513,Sys_User,Sys_User,510,518da168-814d-4bb8-8908-c1d96dfa27ac,Hound HF Market Benchmark,Market Index MSCI World,,
Dynamo,25-03-2026 23:00:02,25-03-2026 23:00:02,85e45f55-7636-4f08-ba27-d998f1f6e513,Sys_User,Sys_User,1170,4e5cfe98-85aa-44ec-8405-d9fea2b4bdab,ITF Public RE Custom BM,UGEGX0903065,,
Dynamo,25-03-2026 23:00:02,25-03-2026 23:00:02,85e45f55-7636-4f08-ba27-d998f1f6e513,Sys_User,Sys_User,4110,45d14ee6-dc79-49e2-8477-3f32a7536f5a,MSCI Europe EW,MSCI Europe Equal Weighted Net Return Index (M1EUEW Index),,
Dynamo,25-03-2026 23:00:02,25-03-2026 23:00:02,85e45f55-7636-4f08-ba27-d998f1f6e513,Sys_User,Sys_User,2644,a32ea596-e711-48e2-929d-1cda51d00ca4,Russell Healthcare,Russell 2000 Healthcare Small Cap (RGUSHS Index),,
Dynamo,25-03-2026 23:00:02,25-03-2026 23:00:02,85e45f55-7636-4f08-ba27-d998f1f6e513,Sys_User,Sys_User,3184,6478c805-9160-40bf-aeee-05dd5307df0d,Slate Path HF CAPM Benchmark,0.50 Beta to MSCI World (IX1F00052438) - 50% Cash (IX1F0000572C),,
Dynamo,25-03-2026 23:00:02,25-03-2026 23:00:02,85e45f55-7636-4f08-ba27-d998f1f6e513,Sys_User,Sys_User,286,7814dd3f-00ab-4c00-b60a-6654ba07749c,Viking HF Market Benchmark,Market Index MSCI World,,
Dynamo,25-03-2026 23:00:02,25-03-2026 23:00:02,85e45f55-7636-4f08-ba27-d998f1f6e513,Sys_User,Sys_User,346,13121096-8aca-4e03-b3d1-3e3d66c17d08,Wells FIA Custom Benchmark,"Backfill this benchmark’s returns using data in the attached spreadsheet
Set future monthly index returns for Wells FIA Custom Benchmark to equal Bloomberg Barclays Global Agg ex-US Hedged",,
Dynamo,25-03-2026 23:00:02,25-03-2026 23:00:02,85e45f55-7636-4f08-ba27-d998f1f6e513,Sys_User,Sys_User,4074,7c5b2400-044b-4eaf-b0e9-fc27f6d50c55,CSI 700 Net,UGEGX0903106,,
Dynamo,25-03-2026 23:00:02,25-03-2026 23:00:02,85e45f55-7636-4f08-ba27-d998f1f6e513,Sys_User,Sys_User,570,af31b584-4952-4d07-83d0-b85d3b8f4662,Hound Variable Beta CAPM Benchmark,"0.25 Beta to Blend of 50% S&P 500 (IX1F00079488), 50% Russell 2000 (IX1F00003878) - 75% Cash (IX1F0000572C) - Adjusted Weights of 12.5% each",,
Dynamo,25-03-2026 23:00:02,25-03-2026 23:00:02,85e45f55-7636-4f08-ba27-d998f1f6e513,Sys_User,Sys_User,630,054b1bd5-d26d-4fd4-8196-d743e53041f8,Hound Variable Beta Market Benchmark,"Market Index Blend of 50% S&P 500 (IX1F00079488), 50% Russell 2000 (IX1F00003878)",,
Dynamo,25-03-2026 23:00:02,25-03-2026 23:00:02,85e45f55-7636-4f08-ba27-d998f1f6e513,Sys_User,Sys_User,1290,ac8c0418-e193-48e8-80f7-da2eaa7d0088,ITF Tot Stable Val BM,UGEGX0903092,,
Dynamo,25-03-2026 23:00:02,25-03-2026 23:00:02,85e45f55-7636-4f08-ba27-d998f1f6e513,Sys_User,Sys_User,1350,36c5dc00-5d7f-429c-92da-956d5502e090,ITF Total Global Equity BM,UGEGX0903094,,
Dynamo,25-03-2026 23:00:02,25-03-2026 23:00:02,85e45f55-7636-4f08-ba27-d998f1f6e513,Sys_User,Sys_User,2370,09f2935e-3bbf-48f8-b0fb-9634656b7d64,MSCI ACWI EW,MSCI ACWI (AC World) Equal Weighted Net Return Index (M1WDEWGT Index),,
Dynamo,25-03-2026 23:00:02,25-03-2026 23:00:02,85e45f55-7636-4f08-ba27-d998f1f6e513,Sys_User,Sys_User,4290,4fd401d8-b4de-4a75-92ee-b56088dedbb8,MSCI India Index Local,M7IN Index (INR) - Local currency,,
Dynamo,25-03-2026 23:00:02,25-03-2026 23:00:02,85e45f55-7636-4f08-ba27-d998f1f6e513,Sys_User,Sys_User,2284,1137f74e-f032-48aa-bf3b-1db9f370cc5c,Real Estate Combined Custom,UGEGX0903127,,
Dynamo,25-03-2026 23:00:02,25-03-2026 23:00:02,85e45f55-7636-4f08-ba27-d998f1f6e513,Sys_User,Sys_User,763,5d48d0e7-2e1b-4eef-ba47-5ed5f1119712,Hawk Ridge II Market Benchmark,Market Index S&P 400 Mid Cap (MID Index) - {IX1F00028598},,
Dynamo,25-03-2026 23:00:02,25-03-2026 23:00:02,85e45f55-7636-4f08-ba27-d998f1f6e513,Sys_User,Sys_User,823,749550c4-ac64-4740-b7ec-3458ced9fc75,Hengistbury CAPM Benchmark,0.70 Beta to MSCI Europe (Local) - {UGEGX0903073} - 30% Cash (IX1F0000572C),,
Dynamo,25-03-2026 23:00:02,25-03-2026 23:00:02,85e45f55-7636-4f08-ba27-d998f1f6e513,Sys_User,Sys_User,4494,e541fecc-039c-4294-b6f2-6cd7a4ba487d,Deerfield Partners CAPM Benchmark,"Beta 0.35 to Blend of 1/3 S5HLTH Index, 1/3 SPSIBITR Index, 1/3 RGUSHS Index - 65% Cash (IX1F0000572C) - Adjusted Weights of 0.11666 each - Corresponding Internal Accounts of: INTERNAL-211049, SBSIBITR Index, INTERNAL-211048",,
Dynamo,25-03-2026 23:00:02,25-03-2026 23:00:02,85e45f55-7636-4f08-ba27-d998f1f6e513,Sys_User,Sys_User,4554,5e3934da-d47a-4f8e-b779-b6c392a69136,Deerfield Partners Market Benchmark,"Market Index Blend of 1/3 S5HLTH Index, 1/3 SPSIBITR Index, 1/3 RGUSHS Index - Corresponding Internal Accounts of: INTERNAL-211049, SBSIBITR Index, INTERNAL-211048",,
Dynamo,25-03-2026 23:00:02,25-03-2026 23:00:02,85e45f55-7636-4f08-ba27-d998f1f6e513,Sys_User,Sys_User,1050,e0abf339-3c25-4c2e-9cea-d0b40d1b281b,ITF InvGrd Asset Class BM,UGEGX0903063,,
Dynamo,25-03-2026 23:00:02,25-03-2026 23:00:02,85e45f55-7636-4f08-ba27-d998f1f6e513,Sys_User,Sys_User,1110,010fe2f6-d482-4ade-9241-397149af2b2a,ITF Policy Portfolio,UGEGX0903003,,
Dynamo,25-03-2026 23:00:02,25-03-2026 23:00:02,85e45f55-7636-4f08-ba27-d998f1f6e513,Sys_User,Sys_User,1924,ccb58584-9094-4785-87a0-bb5d1ee8d350,Public SPN Custom Blend,Total Strategic Partnerships BM,,
Dynamo,25-03-2026 23:00:02,25-03-2026 23:00:02,85e45f55-7636-4f08-ba27-d998f1f6e513,Sys_User,Sys_User,463,6ad33ca6-665f-4833-8e85-484e4cc6902d,GEF Endowment Policy Portfolio,UGEGX0903002,,
Dynamo,25-03-2026 23:00:02,25-03-2026 23:00:02,85e45f55-7636-4f08-ba27-d998f1f6e513,Sys_User,Sys_User,3484,9ae87c1e-b265-4352-8d96-f69d0681622a,Strategic Partnerships Custom BM,"37% MSCI US, 21% MSCI EAFE + Canada, 24% MSCI EM, 18% Bloomberg Barclays Global Agg Hedged",,
Dynamo,25-03-2026 23:00:02,25-03-2026 23:00:02,85e45f55-7636-4f08-ba27-d998f1f6e513,Sys_User,Sys_User,3834,d3227081-e2b6-4bd4-ac46-a734934b53e0,Contrarian EM II CAPM Benchmark,"Beta 1 to Blend of 30% MSCI EM (IX1F00274888), 50% CEMBIV Index, 20% EMBIV Index",,
Dynamo,25-03-2026 23:00:02,25-03-2026 23:00:02,85e45f55-7636-4f08-ba27-d998f1f6e513,Sys_User,Sys_User,4374,182df887-9b41-4d35-847b-bf4e9e19b7c5,D1 HF Market Benchmark,Market Index MSCI World,,
Dynamo,25-03-2026 23:00:02,25-03-2026 23:00:02,85e45f55-7636-4f08-ba27-d998f1f6e513,Sys_User,Sys_User,4974,52e710cf-6f85-4ad7-bed2-3013816edbd5,EM Corporate Bond,CEMBIV Index,,
Dynamo,25-03-2026 23:00:02,25-03-2026 23:00:02,85e45f55-7636-4f08-ba27-d998f1f6e513,Sys_User,Sys_User,991,41fe4fb5-6c96-4b68-a78b-92f74d423ed4,Cambridge PC,Credit,,
Dynamo,25-03-2026 23:00:02,25-03-2026 23:00:02,85e45f55-7636-4f08-ba27-d998f1f6e513,Sys_User,Sys_User,1046,526c8db0-31ab-4ae8-9797-c75acaf2d2ea,Bloomberg Barclays Global Agg Hedged,Bloomberg Barclays Global Aggregate Index - Hedged,,
Dynamo,25-03-2026 23:00:02,25-03-2026 23:00:02,85e45f55-7636-4f08-ba27-d998f1f6e513,Sys_User,Sys_User,2404,09060b42-d7cd-4bb0-8bc6-47e61a7a0b3b,Russell 1000,RU10INTR Index or RIY Index,,
Dynamo,25-03-2026 23:00:02,25-03-2026 23:00:02,85e45f55-7636-4f08-ba27-d998f1f6e513,Sys_User,Sys_User,883,aee61737-d43d-4c07-9d99-6a08c363e89b,Hengistbury Market Benchmark,Market Index MSCI Europe (Local) - {UGEGX0903073},,
Dynamo,25-03-2026 23:00:02,25-03-2026 23:00:02,85e45f55-7636-4f08-ba27-d998f1f6e513,Sys_User,Sys_User,46,328d6928-d1e4-4ff1-91d8-9e3e46baa5f9,Valiant CAPM Benchmark,"0.20 Beta to Blend of 50% MSCI World (IX1F00052438), 50% MSCI EM (IX1F00274888) - 80% Cash (IX1F0000572C) - Adjusted Weights of 10% each",,
Dynamo,25-03-2026 23:00:02,25-03-2026 23:00:02,85e45f55-7636-4f08-ba27-d998f1f6e513,Sys_User,Sys_User,106,4074a01a-371e-448c-a535-909153821be9,Valiant Market Benchmark,"Market Index Blend of 50% MSCI World (IX1F00052438), 50% MSCI EM (IX1F00274888)",,
Dynamo,25-03-2026 23:00:02,25-03-2026 23:00:02,85e45f55-7636-4f08-ba27-d998f1f6e513,Sys_User,Sys_User,4614,2d0fa377-b7b9-43be-9af1-d49f1903a05a,Developed Markets Public Equity Custom BM,UGEGX0903060,,
Dynamo,25-03-2026 23:00:02,25-03-2026 23:00:02,85e45f55-7636-4f08-ba27-d998f1f6e513,Sys_User,Sys_User,4674,4ec8e7d6-5310-4c37-b44b-87ad8e56d346,Developed Public Equity ITF BM,UGEGX0903066,,
Dynamo,25-03-2026 23:00:02,25-03-2026 23:00:02,85e45f55-7636-4f08-ba27-d998f1f6e513,Sys_User,Sys_User,3691,f17e8a08-71c5-44bf-8c21-3ac28eee316d,Cambridge RE,Real Estate,,
Dynamo,25-03-2026 23:00:02,25-03-2026 23:00:02,85e45f55-7636-4f08-ba27-d998f1f6e513,Sys_User,Sys_User,206,fb33a333-c6f4-41cc-8554-94ef8265f5f7,ACWI DM Historical Policy BM,"MSCI World (IX1F00052438) through 8/31/2025
MSCI ACWI ex-China ex-HK (IX1F00015825) starting 9/1/2025",,
Dynamo,25-03-2026 23:00:02,25-03-2026 23:00:02,85e45f55-7636-4f08-ba27-d998f1f6e513,Sys_User,Sys_User,124,60401a9f-d721-4621-b458-2ccb6e4ab1af,MSCI Japan EW,MSCI Japan Equal Weighted Net Return Index (M1JPEW Index),,
Dynamo,25-03-2026 23:00:02,25-03-2026 23:00:02,85e45f55-7636-4f08-ba27-d998f1f6e513,Sys_User,Sys_User,43,1b50516c-abd6-4eef-82f6-f8ab61c8ce9e,EM Government Bond,EMBIV Index,,
Dynamo,25-03-2026 23:00:02,25-03-2026 23:00:02,85e45f55-7636-4f08-ba27-d998f1f6e513,Sys_User,Sys_User,103,f88eb788-0146-41d7-824f-30900b97052b,EM Policy Blended BM,"MSCI EM up to 8/31, then 67/33 blended EM",,
Dynamo,25-03-2026 23:00:02,25-03-2026 23:00:02,85e45f55-7636-4f08-ba27-d998f1f6e513,Sys_User,Sys_User,2863,e6b34839-4742-4e74-8da3-54ce5e9358b5,HFRI FoF Conservative Custom,HFRI Fund of Funds Conservative UGEGX0903103,,
Dynamo,25-03-2026 23:00:02,25-03-2026 23:00:02,85e45f55-7636-4f08-ba27-d998f1f6e513,Sys_User,Sys_User,406,770c3ce7-0bb1-42f5-8ba5-1c25f61a97db,Westwood GEM Custom BM,"MSCI EM from inception to 1/31/21, MSCI EM ex China from 2/1/2021 to present
UGEGX0903126",,
Dynamo,25-03-2026 23:00:02,25-03-2026 23:00:02,85e45f55-7636-4f08-ba27-d998f1f6e513,Sys_User,Sys_User,1530,d002af85-162f-401e-8cbc-0e0e8064efa0,Janchor HF CAPM Benchmark,"0.35 Beta to Blend of 50% MSCI AC Asia Pacific (IX1F00285408), 50% MSCI AC Asia Pac ex-Japan (IX1F00091478) - 65% Cash (IX1F0000572C) - Adjusted Weights of 17.5% each",,
Dynamo,25-03-2026 23:00:02,25-03-2026 23:00:02,85e45f55-7636-4f08-ba27-d998f1f6e513,Sys_User,Sys_User,1590,94d89d66-cce0-4b2b-877e-8db0298b1b63,Janchor HF Market Benchmark,"Market Index Blend of 50% MSCI AC Asia Pacific (IX1F00285408), 50% MSCI AC Asia Pac ex-Japan (IX1F00091478)",,
Dynamo,25-03-2026 23:00:02,25-03-2026 23:00:02,85e45f55-7636-4f08-ba27-d998f1f6e513,Sys_User,Sys_User,4,32418d18-8d31-4086-a40a-c0e6c134d091,MSCI India Net Dividend USD,IX1F00267537,,
Dynamo,25-03-2026 23:00:02,25-03-2026 23:00:02,85e45f55-7636-4f08-ba27-d998f1f6e513,Sys_User,Sys_User,64,92cce2ae-679d-45a2-ba07-8ee03be3ba26,MSCI Japan,MSCI Japan Net Return USD Index (IX1F00007665),,
Dynamo,25-03-2026 23:00:02,25-03-2026 23:00:02,85e45f55-7636-4f08-ba27-d998f1f6e513,Sys_User,Sys_User,1504,210739cf-43f7-4e37-8dbe-de8249c4cfd4,MSCI World IMI,MSCI World IMI - W1WOIM Index - INTERNAL-211249,,
Dynamo,25-03-2026 23:00:02,25-03-2026 23:00:02,85e45f55-7636-4f08-ba27-d998f1f6e513,Sys_User,Sys_User,3364,a860009c-4248-4bd7-8fc1-2d43d91900fe,Steadfast CAPM Benchmark,0.30 Beta to S&P 500 (IX1F00079488) - 70% Cash (IX1F0000572C) — Switches to 0.175 Beta & 82.5% Cash on Jan 2022,,
Dynamo,25-03-2026 23:00:02,25-03-2026 23:00:02,85e45f55-7636-4f08-ba27-d998f1f6e513,Sys_User,Sys_User,3424,7f252d0b-ba09-4ef9-b25d-059f5e539681,Steadfast Market Benchmark,Market Index S&P 500 (IX1F00079488),,
Dynamo,25-03-2026 23:00:02,25-03-2026 23:00:02,85e45f55-7636-4f08-ba27-d998f1f6e513,Sys_User,Sys_User,4084,061ac343-fe1a-436d-ade5-ca918ab095cd,TPG TPEP HF Market Benchmark,Market Index MSCI World,,
Dynamo,25-03-2026 23:00:02,25-03-2026 23:00:02,85e45f55-7636-4f08-ba27-d998f1f6e513,Sys_User,Sys_User,4144,7ef6cea8-a541-4bf2-b311-41a83f3f0363,Two Creeks CAPM Benchmark,0.45 Beta to MSCI World (IX1F00052438) - 55% Cash (IX1F0000572C),,
Dynamo,25-03-2026 23:00:02,25-03-2026 23:00:02,85e45f55-7636-4f08-ba27-d998f1f6e513,Sys_User,Sys_User,2670,e4a02213-e74c-46db-a6fd-a6e7c5238f6d,MSCI APAC EW,MSCI AC Asia Pacific Equal Weighted Net Return Index (M1APEW Index),,
Dynamo,25-03-2026 23:00:02,25-03-2026 23:00:02,85e45f55-7636-4f08-ba27-d998f1f6e513,Sys_User,Sys_User,4170,2ece86da-f541-4f20-922e-cfaab4a7eaa2,MSCI FoF,HFRI Fund of Funds Composite,,
Dynamo,25-03-2026 23:00:02,25-03-2026 23:00:02,85e45f55-7636-4f08-ba27-d998f1f6e513,Sys_User,Sys_User,446,b59be605-d972-45c5-a1ee-6567c5d44b4b,Albourne Insurance HF,UGEGX0903105,,
Dynamo,25-03-2026 23:00:02,25-03-2026 23:00:02,85e45f55-7636-4f08-ba27-d998f1f6e513,Sys_User,Sys_User,1826,6a17c01d-f948-4069-83bf-51e9d07d6362,Cambridge BO,Buyout,,
Dynamo,25-03-2026 23:00:02,25-03-2026 23:00:02,85e45f55-7636-4f08-ba27-d998f1f6e513,Sys_User,Sys_User,1864,8a09b51a-57bb-49ca-85cb-6a52e955db3d,Private Capital ex EM Benchmark,UGEGX0903140,,
Dynamo,25-03-2026 23:00:02,25-03-2026 23:00:02,85e45f55-7636-4f08-ba27-d998f1f6e513,Sys_User,Sys_User,283,98ec8143-1b66-4693-be3d-4681bf49bb30,Farallon CIP VI Market Benchmark,Market Index MSCI World,,
Dynamo,25-03-2026 23:00:02,25-03-2026 23:00:02,85e45f55-7636-4f08-ba27-d998f1f6e513,Sys_User,Sys_User,3594,d0faccc2-71b4-4d80-a7ad-43997fcafcb3,Cantillon Custom Benchmark,"MSCI ACWI until Sep 30, then MSCI World",,
Dynamo,25-03-2026 23:00:02,25-03-2026 23:00:02,85e45f55-7636-4f08-ba27-d998f1f6e513,Sys_User,Sys_User,4314,19304046-02e4-4e53-a448-1b2031485889,D1 HF CAPM Benchmark,Beta 0.50 to MSCI World (IX1F00052438) - 50% Cash (IX1F0000572C),,
Dynamo,25-03-2026 23:00:02,25-03-2026 23:00:02,85e45f55-7636-4f08-ba27-d998f1f6e513,Sys_User,Sys_User,4854,ebb7a89e-3c6b-4196-a5d1-1a63f06da9e8,Dreyfus Benchmark,Dreyfus STF Benchmark,,
Dynamo,25-03-2026 23:00:02,25-03-2026 23:00:02,85e45f55-7636-4f08-ba27-d998f1f6e513,Sys_User,Sys_User,7291,094c169f-062e-4522-9c0c-b7f10d9ed65a,Cambridge IF,Infrastructure,,
Dynamo,25-03-2026 23:00:02,25-03-2026 23:00:02,85e45f55-7636-4f08-ba27-d998f1f6e513,Sys_User,Sys_User,266,9ca02c1a-b19d-4654-8d02-4829f0dbd08b,ACWI EM Historical Policy BM,"MSCI EM (IX1F00274888) through 8/31/2023
MSCI EM Policy Blended BM (UGEGX0903061) through 8/31/2025
MSCI ACWI ex-China ex-HK (IX1F00015825) starting 9/1/2025",,
Dynamo,25-03-2026 23:00:02,25-03-2026 23:00:02,85e45f55-7636-4f08-ba27-d998f1f6e513,Sys_User,Sys_User,1706,6c24d787-1c86-4806-a477-f00e0909e0e0,Brandywine Custom Benchmark,"For Brandywine, can you please
- Create a custom IDM Primary Benchmark named Brandywine Custom Benchmark
- Backfill this benchmark’s returns using data in the attached spreadsheet
- Set future monthly index returns for Brandywine Custom Benchmark to equal Bloomberg Barclays Global Agg Hedged (which is Brandywine’s current Primary Benchmark in IDM)",,
Dynamo,25-03-2026 23:00:02,25-03-2026 23:00:02,85e45f55-7636-4f08-ba27-d998f1f6e513,Sys_User,Sys_User,244,b1203450-cfe4-43b0-bd06-2f41ebf64a3b,MSCI Korea 10-40,"MSCI Korea 10-40 (M1KR40 Index)

10% of a fund’s total assets and the sum of the weights of all group entities representing more than 5% of the fund at 40% of the fund’s total assets",,
Dynamo,25-03-2026 23:00:02,25-03-2026 23:00:02,85e45f55-7636-4f08-ba27-d998f1f6e513,Sys_User,Sys_User,304,ebbbabb5-3b14-46aa-8319-e1dc0a3b181f,MSCI Korea 10-40 Index Local,M1KR40 Index (KRW) - Local currency,,
Dynamo,25-03-2026 23:00:02,25-03-2026 23:00:02,85e45f55-7636-4f08-ba27-d998f1f6e513,Sys_User,Sys_User,1684,50086539-0e08-4c8f-8c16-fbdb68e7cb55,NASDAQ BioTech Total Return Index,IX1F00278727,,
Dynamo,25-03-2026 23:00:02,25-03-2026 23:00:02,85e45f55-7636-4f08-ba27-d998f1f6e513,Sys_User,Sys_User,223,5d1f2b76-929a-4b31-947d-621528bf730c,Farallon CIP VI CAPM Benchmark,Beta 0.25 to MSCI World (IX1F00052438) - 75% Cash (IX1F0000572C),,
Dynamo,25-03-2026 23:00:02,25-03-2026 23:00:02,85e45f55-7636-4f08-ba27-d998f1f6e513,Sys_User,Sys_User,2923,62ea9107-889c-441f-b1a4-37f3007161c3,HFRI FoF Custom,HFRI Fund of Funds Composite UGEGX0903006,,
Dynamo,25-03-2026 23:00:02,25-03-2026 23:00:02,85e45f55-7636-4f08-ba27-d998f1f6e513,Sys_User,Sys_User,4346,e14db025-a454-4aa3-9d28-58a551971e4f,Cambridge EM,Emerging Markets,,
Dynamo,25-03-2026 23:00:02,25-03-2026 23:00:02,85e45f55-7636-4f08-ba27-d998f1f6e513,Sys_User,Sys_User,2850,7307dca9-0cdd-4ad6-8f7a-42961cbee1f6,MSCI Brazil,MSCI Brazil NDUEBRAF Index,,
Dynamo,25-03-2026 23:00:02,25-03-2026 23:00:02,85e45f55-7636-4f08-ba27-d998f1f6e513,Sys_User,Sys_User,1123,af40b570-84b8-465b-a9ac-f4471dab447a,HFRI Credit,HFRI Credit Index,HFRICRDT,
Dynamo,25-03-2026 23:00:02,25-03-2026 23:00:02,85e45f55-7636-4f08-ba27-d998f1f6e513,Sys_User,Sys_User,1183,5720b0b0-2aec-4921-bc98-7807be7dc3b3,HFRI Diversity,HFRI Diversity Index,HFRIDVRS,
Dynamo,25-03-2026 23:00:02,25-03-2026 23:00:02,85e45f55-7636-4f08-ba27-d998f1f6e513,Sys_User,Sys_User,2563,6a2e7b1c-8ed7-4807-a2dd-a459bb46ba61,HFRI Event Driven: Credit Arb,HFRI ED: Credit Arbitrage Index,HFRICRED,
Dynamo,25-03-2026 23:00:02,25-03-2026 23:00:02,85e45f55-7636-4f08-ba27-d998f1f6e513,Sys_User,Sys_User,784,fa4bff4a-ca7c-44e8-94bd-ff9c8ba51ade,MSCI United States Mid Cap Net,MSCI USA Mid Cap Net Index (IX1F00268947),IX1F00268947,
Dynamo,25-03-2026 23:00:02,25-03-2026 23:00:02,85e45f55-7636-4f08-ba27-d998f1f6e513,Sys_User,Sys_User,1963,9139f143-9207-4b92-a42b-c849669da745,HFRI Equity Hedge: Fundamental Value,HFRI EH: Fundamental Value Index,HFRIEHFV,
Dynamo,25-03-2026 23:00:02,25-03-2026 23:00:02,85e45f55-7636-4f08-ba27-d998f1f6e513,Sys_User,Sys_User,2023,9f05343c-e5b9-4fe3-9a7c-c819802eb13b,HFRI Equity Hedge: Healthcare,HFRI EH: Sector - Healthcare Index,HFRIHLTH,
Dynamo,25-03-2026 23:00:02,25-03-2026 23:00:02,85e45f55-7636-4f08-ba27-d998f1f6e513,Sys_User,Sys_User,3463,5219cc58-ca50-4459-ab33-6b07c7321916,HFRI Macro: Active Trading,HFRI Macro: Active Trading Index,HFRIMACT,
Dynamo,25-03-2026 23:00:02,25-03-2026 23:00:02,85e45f55-7636-4f08-ba27-d998f1f6e513,Sys_User,Sys_User,330,cb94365e-11db-4e83-83ca-3c320d4cf8fc,HFRI Women,HFRI Women Index,HFRIWOMN,
Dynamo,25-03-2026 23:00:02,25-03-2026 23:00:02,85e45f55-7636-4f08-ba27-d998f1f6e513,Sys_User,Sys_User,390,abb60908-6bfb-4c5c-aece-f4c3a35cc62d,HFRI World,HFRI World Index,HFRIWRLD,
Dynamo,25-03-2026 23:00:02,25-03-2026 23:00:02,85e45f55-7636-4f08-ba27-d998f1f6e513,Sys_User,Sys_User,930,a04b4843-6cdf-4b3c-823f-4bb62cb55c67,Inflation Linked Bonds Custom,Inflation Linked Bonds Custom,UGEGX0903122,
Dynamo,25-03-2026 23:00:02,25-03-2026 23:00:02,85e45f55-7636-4f08-ba27-d998f1f6e513,Sys_User,Sys_User,3391,07204f58-9368-4423-b78a-4d97a2a7472e,Cambridge PE Credit,Cambridge Credit Opportunities lagged return,UGEGX0903142,
Dynamo,25-03-2026 23:00:02,25-03-2026 23:00:02,85e45f55-7636-4f08-ba27-d998f1f6e513,Sys_User,Sys_User,3451,75a0a813-2089-4b54-8f58-b2773efad652,Cambridge PE Emerg Mkts,Cambridge Emerging Markets lagged return,UGEGX0903145,
Dynamo,25-03-2026 23:00:02,25-03-2026 23:00:02,85e45f55-7636-4f08-ba27-d998f1f6e513,Sys_User,Sys_User,664,0136088f-a5af-4e70-9965-38cc817af30f,MSCI United States,MSCI United States Net Dividend Index (IX1F00053058),NDDUUS Index,
Dynamo,25-03-2026 23:00:02,25-03-2026 23:00:02,85e45f55-7636-4f08-ba27-d998f1f6e513,Sys_User,Sys_User,1903,9132ff48-ab6b-42a1-882b-44bc43737972,HFRI Equity Hedge: Fundamental Growth,HFRI EH: Fundamental Growth Index,HFRIEHFG,
Dynamo,25-03-2026 23:00:02,25-03-2026 23:00:02,85e45f55-7636-4f08-ba27-d998f1f6e513,Sys_User,Sys_User,3343,fcd1b0e3-11cb-43d9-9b35-fae5eede90ef,HFRI Japan,HFRI Japan Index,HFRIJPN,
Dynamo,25-03-2026 23:00:02,25-03-2026 23:00:02,85e45f55-7636-4f08-ba27-d998f1f6e513,Sys_User,Sys_User,210,023c314a-45de-4b08-91ff-e42fa20d4829,HFRI Relative Value: Yield Alternatives,HFRI RV: Yield Alternatives Index,HFRISRE,
Dynamo,25-03-2026 23:00:02,25-03-2026 23:00:02,85e45f55-7636-4f08-ba27-d998f1f6e513,Sys_User,Sys_User,270,2e8dd639-f27d-4769-a03b-b37614f2a3bd,HFRI Western-Pan Europe,HFRI Western/Pan Europe Index,HFRIWEU,
Dynamo,25-03-2026 23:00:02,25-03-2026 23:00:02,85e45f55-7636-4f08-ba27-d998f1f6e513,Sys_User,Sys_User,3210,8fe323e7-88f1-4a70-835a-d75b88749b3f,MSCI China All Shares,"MSCI China All Shares Net Total Return
IX1F00337457",MXCNANM Index,
Dynamo,25-03-2026 23:00:02,25-03-2026 23:00:02,85e45f55-7636-4f08-ba27-d998f1f6e513,Sys_User,Sys_User,3331,09e750c5-ea72-4c81-b696-8107fc4b1b1f,Cambridge PE Buyout,Cambridge PE Buyout lagged return,UGEGX0903144,
Dynamo,25-03-2026 23:00:02,25-03-2026 23:00:02,85e45f55-7636-4f08-ba27-d998f1f6e513,Sys_User,Sys_User,2524,601d7160-e8c5-4c84-a485-1969147b09bc,Russell 3000,,RU30INTR,
Dynamo,25-03-2026 23:00:02,25-03-2026 23:00:02,85e45f55-7636-4f08-ba27-d998f1f6e513,Sys_User,Sys_User,2584,a056edb5-84b9-4a87-887f-5b1e1d76a965,Russell 3000 Value,,RAV,
Dynamo,25-03-2026 23:00:02,25-03-2026 23:00:02,85e45f55-7636-4f08-ba27-d998f1f6e513,Sys_User,Sys_User,1003,a6a37566-6d18-491e-bea5-bd5f2c6dc31e,HFRI Asia + Japan Index,HFRI Asia + Japan,HFRIAWJ,
Dynamo,25-03-2026 23:00:02,25-03-2026 23:00:02,85e45f55-7636-4f08-ba27-d998f1f6e513,Sys_User,Sys_User,1063,1da6f014-9e4d-4e4c-8bcb-5de55f9e1977,HFRI Asset Weighted Composite,HFRI Asset Weighted Composite Index,HFRIAWC,
Dynamo,25-03-2026 23:00:02,25-03-2026 23:00:02,85e45f55-7636-4f08-ba27-d998f1f6e513,Sys_User,Sys_User,2323,af146187-a003-4aa9-80f0-ada531868f79,HFRI Equity Hedge: Technology,HFRI EH: Sector - Technology Index,HFRITECH,
Dynamo,25-03-2026 23:00:02,25-03-2026 23:00:02,85e45f55-7636-4f08-ba27-d998f1f6e513,Sys_User,Sys_User,3883,7958e293-4f14-42f7-a486-ca005fef7074,HFRI North America,HFRI North America Index,HFRINA,
Dynamo,25-03-2026 23:00:02,25-03-2026 23:00:02,85e45f55-7636-4f08-ba27-d998f1f6e513,Sys_User,Sys_User,4123,cf4660e4-f777-4ed5-a6d6-79bbb735a02f,HFRI Relative Value: FI Convert Arb,HFRI RV: Fixed Income-Convertible Arbitrage Index,HFRICAI,
Dynamo,25-03-2026 23:00:02,25-03-2026 23:00:02,85e45f55-7636-4f08-ba27-d998f1f6e513,Sys_User,Sys_User,4183,be422575-97b9-437a-aadc-9e920eca1987,HFRI Relative Value: FI Corporate,HFRI RV: Fixed Income-Corporate Index,HFRIFIHY,
Dynamo,25-03-2026 23:00:02,25-03-2026 23:00:02,85e45f55-7636-4f08-ba27-d998f1f6e513,Sys_User,Sys_User,2503,54a47c37-2bc0-4cb7-b415-eb214c65de07,HFRI Event Driven: Asset Weighted,HFRI Event-Driven (Total) Index - Asset Weighted,HFRIAWED,
Dynamo,25-03-2026 23:00:02,25-03-2026 23:00:02,85e45f55-7636-4f08-ba27-d998f1f6e513,Sys_User,Sys_User,2143,27748da0-bdc9-481c-89db-9b82a226088d,HFRI Equity Hedge: Multi-Strat,HFRI EH: Multi-Strategy Index,HFRIEHMS,
Dynamo,25-03-2026 23:00:02,25-03-2026 23:00:02,85e45f55-7636-4f08-ba27-d998f1f6e513,Sys_User,Sys_User,3523,db4a4e28-792e-4f46-977e-0d2e3bc7479e,HFRI Macro: Asset Weighted,HFRI Macro (Total) Index - Asset Weighted,HFRIAWM,
Dynamo,25-03-2026 23:00:02,25-03-2026 23:00:02,85e45f55-7636-4f08-ba27-d998f1f6e513,Sys_User,Sys_User,3583,ecc127d8-c060-47e1-9d51-e6d88f40897a,HFRI Macro: Commodity,HFRI Macro: Commodity Index,HFRIMCOM,
Dynamo,25-03-2026 23:00:02,25-03-2026 23:00:02,85e45f55-7636-4f08-ba27-d998f1f6e513,Sys_User,Sys_User,3643,809214a9-96a6-437f-a629-1fc871b76dab,HFRI Macro: Currency,HFRI Macro: Currency Index,HFRIMCUR,
Dynamo,25-03-2026 23:00:02,25-03-2026 23:00:02,85e45f55-7636-4f08-ba27-d998f1f6e513,Sys_User,Sys_User,3703,39732b17-3645-4709-90a9-2c81baeb8cec,HFRI Macro: Discretionary Thematic,HFRI Macro: Discretionary Thematic Index,HFRIMDT,
Dynamo,25-03-2026 23:00:02,25-03-2026 23:00:02,85e45f55-7636-4f08-ba27-d998f1f6e513,Sys_User,Sys_User,30,8d79f845-80b0-4ff6-bcd7-cdf723fe5add,HFRI Relative Value: FI Sovereign,HFRI RV: Fixed Income-Sovereign Index,HFRIFISV,
Dynamo,25-03-2026 23:00:02,25-03-2026 23:00:02,85e45f55-7636-4f08-ba27-d998f1f6e513,Sys_User,Sys_User,3450,e20137e9-f8f4-4e00-baf1-d65da3735c8b,MSCI EAFE Value,MSCI EAFE Value Net Dividend Index - IX1F00126038,M1EA000V,
Dynamo,25-03-2026 23:00:02,25-03-2026 23:00:02,85e45f55-7636-4f08-ba27-d998f1f6e513,Sys_User,Sys_User,3810,1acb85c8-3dd3-4c82-a456-85e31dd53dcd,MSCI EM IMI,,M1EFIM Index,
Dynamo,25-03-2026 23:00:02,25-03-2026 23:00:02,85e45f55-7636-4f08-ba27-d998f1f6e513,Sys_User,Sys_User,3511,83ae256f-c55b-4ca5-8ee5-2b87ad9622df,Cambridge PE Infrastructure,Cambridge PE Infrastructure lagged return,UGEGX0903149,
Dynamo,25-03-2026 23:00:02,25-03-2026 23:00:02,85e45f55-7636-4f08-ba27-d998f1f6e513,Sys_User,Sys_User,3571,0728102b-0f51-454d-a86b-fe5423ea99b4,Cambridge PE Real Estate,Cambridge PE Real Estate lagged return,UGEGX0903150,
Dynamo,25-03-2026 23:00:02,25-03-2026 23:00:02,85e45f55-7636-4f08-ba27-d998f1f6e513,Sys_User,Sys_User,544,9bbdacae-86b6-4811-83c4-f2e3343d7c95,MSCI Taiwan,Updated to IX1F00281838 from IX1F00093888,IX1F00093888,
Dynamo,25-03-2026 23:00:02,25-03-2026 23:00:02,85e45f55-7636-4f08-ba27-d998f1f6e513,Sys_User,Sys_User,1783,cc839412-5dc4-4634-9dd9-3a1699c8d52d,HFRI Equity Hedge: Asset Weighted,HFRI Equity Hedge (Total) Index - Asset Weighted,HFRIAWEH,
Dynamo,25-03-2026 23:00:02,25-03-2026 23:00:02,85e45f55-7636-4f08-ba27-d998f1f6e513,Sys_User,Sys_User,3163,fb26d0b4-bbb7-429c-97e2-8dfda9189b89,HFRI Fund of Funds: Market Defensive,HFRI FOF: Market Defensive Index,HFRIFOFM,
Dynamo,25-03-2026 23:00:02,25-03-2026 23:00:02,85e45f55-7636-4f08-ba27-d998f1f6e513,Sys_User,Sys_User,3223,bc75e984-c4a2-40bd-a5fd-271c6b1c0399,HFRI Fund of Funds: Strategic,HFRI FOF: Strategic Index,HFRIFOFS,
Dynamo,25-03-2026 23:00:02,25-03-2026 23:00:02,85e45f55-7636-4f08-ba27-d998f1f6e513,Sys_User,Sys_User,3544,d0096230-b74f-4f29-873c-46803713dfc7,TAIEX,TAIEX Total Return USD,TWSEDVD Index,
Dynamo,25-03-2026 23:00:02,25-03-2026 23:00:02,85e45f55-7636-4f08-ba27-d998f1f6e513,Sys_User,Sys_User,3090,58449f8b-743e-42fb-8241-9b19042b38bd,MSCI China A International,,M1CNAI,
Dynamo,25-03-2026 23:00:02,25-03-2026 23:00:02,85e45f55-7636-4f08-ba27-d998f1f6e513,Sys_User,Sys_User,964,0d2f5605-929b-46a6-9116-9012c43b5168,MSCI US REIT,,RMSG Index,
Dynamo,25-03-2026 23:00:02,25-03-2026 23:00:02,85e45f55-7636-4f08-ba27-d998f1f6e513,Sys_User,Sys_User,1024,c2d4a02a-fb56-4365-9471-d6df5487e8f3,MSCI US Value,MSCI UNITED STATES-VALUE INDEX (IX1F00128388),M1US000V Index,
Dynamo,25-03-2026 23:00:02,25-03-2026 23:00:02,85e45f55-7636-4f08-ba27-d998f1f6e513,Sys_User,Sys_User,943,44e35c83-49d2-4fdf-9ff6-dc87418ed893,HFRI Activist,HFRI ED: Activist Index,HFRIACT,
Dynamo,25-03-2026 23:00:02,25-03-2026 23:00:02,85e45f55-7636-4f08-ba27-d998f1f6e513,Sys_User,Sys_User,2203,798a8a5e-0c22-480e-b37d-4362d8e22dbc,HFRI Equity Hedge: Qualitative Directional,HFRI EH: Quantitative Directional Index,HFRIENHI,
Dynamo,25-03-2026 23:00:02,25-03-2026 23:00:02,85e45f55-7636-4f08-ba27-d998f1f6e513,Sys_User,Sys_User,2263,b8789f52-4e21-4293-a27e-a2a1b465cb72,HFRI Equity Hedge: Short Bias,HFRI EH: Short Bias Index,HFRISHSE,
Dynamo,25-03-2026 23:00:02,25-03-2026 23:00:02,85e45f55-7636-4f08-ba27-d998f1f6e513,Sys_User,Sys_User,3763,47b75c40-9fd9-40f3-9d01-300773dbf122,HFRI Macro: Multi Strat,HFRI Macro: Multi-Strategy Index,HFRIMMS,
Dynamo,25-03-2026 23:00:02,25-03-2026 23:00:02,85e45f55-7636-4f08-ba27-d998f1f6e513,Sys_User,Sys_User,3823,8a7f50b7-22b3-4449-8ffc-64bfcd5195cc,HFRI Macro: Systematic Diversified,HFRI Macro: Systematic Diversified Index,HFRIMTI,
Dynamo,25-03-2026 23:00:02,25-03-2026 23:00:02,85e45f55-7636-4f08-ba27-d998f1f6e513,Sys_User,Sys_User,4003,b8337a63-5762-4931-8902-3e8f8ecbf505,HFRI Relative Value: Asset Weighted,HFRI Relative Value (Total) Index - Asset Weighted,HFRIAWRV,
Dynamo,25-03-2026 23:00:02,25-03-2026 23:00:02,85e45f55-7636-4f08-ba27-d998f1f6e513,Sys_User,Sys_User,4063,26be7fd8-9b7d-4089-9098-94e68c958d5b,HFRI Relative Value: FI Asset Backed,HFRI RV: Fixed Income-Asset Backed Index,HFRIFIMB,
Dynamo,25-03-2026 23:00:02,25-03-2026 23:00:02,85e45f55-7636-4f08-ba27-d998f1f6e513,Sys_User,Sys_User,3631,b0001685-a848-4151-8437-547f5b276c13,Cambridge PE Venture,Cambridge Venture lagged return,UGEGX0903143,
Dynamo,25-03-2026 23:00:02,25-03-2026 23:00:02,85e45f55-7636-4f08-ba27-d998f1f6e513,Sys_User,Sys_User,1363,a0fb2381-5bb8-4629-b601-db61f1d52d08,HFRI Emerging Markets: China,HFRI Emerging Markets: China Index,HFRICHN,
Dynamo,25-03-2026 23:00:02,25-03-2026 23:00:02,85e45f55-7636-4f08-ba27-d998f1f6e513,Sys_User,Sys_User,2803,25f2fbe9-a756-4802-9c33-3110f2cd2917,HFRI Event Driven: Special Sits,HFRI ED: Special Situations Index,HFRIEDSS,
Dynamo,25-03-2026 23:00:02,25-03-2026 23:00:02,85e45f55-7636-4f08-ba27-d998f1f6e513,Sys_User,Sys_User,2683,89e79904-7aa7-4371-993f-638c8fb2eca8,HFRI Event Driven: Merger Arb,HFRI ED: Merger Arbitrage Index,HFRIMAI,
Dynamo,25-03-2026 23:00:02,25-03-2026 23:00:02,85e45f55-7636-4f08-ba27-d998f1f6e513,Sys_User,Sys_User,90,1d4aebf9-a49d-49f3-8f47-396df9be8aa2,HFRI Relative Value: Multi Strat,HFRI RV: Multi-Strategy Index,HFRIFI,
Dynamo,25-03-2026 23:00:02,25-03-2026 23:00:02,85e45f55-7636-4f08-ba27-d998f1f6e513,Sys_User,Sys_User,150,a84ce7c8-a3ad-4b41-8165-31a3013bfdcb,HFRI Relative Value: Volatility,HFRI RV: Volatility Index,HFRIVOL,
Dynamo,25-03-2026 23:00:02,25-03-2026 23:00:02,85e45f55-7636-4f08-ba27-d998f1f6e513,Sys_User,Sys_User,424,0e4a0698-ac10-4476-824d-16d4d64e5779,MSCI Russia,IX1F00267467,M1RU Index,
Dynamo,25-03-2026 23:00:02,25-03-2026 23:00:02,85e45f55-7636-4f08-ba27-d998f1f6e513,Sys_User,Sys_User,1603,389aa9ec-2310-4434-94fd-97df5053f8cc,HFRI Emerging Markets: MENA,HFRI Emerging Markets: MENA Index,HFRIMENA,
Dynamo,25-03-2026 23:00:02,25-03-2026 23:00:02,85e45f55-7636-4f08-ba27-d998f1f6e513,Sys_User,Sys_User,1663,2c2b9212-f7e6-4cad-8685-d445eb93cdd0,HFRI Emerging Markets: Russia/Eastern Europe,HFRI Emerging Markets: Russia/Eastern Europe Index,HFRICIS,
Dynamo,25-03-2026 23:00:02,25-03-2026 23:00:02,85e45f55-7636-4f08-ba27-d998f1f6e513,Sys_User,Sys_User,3103,bb7df47c-2bf7-4415-a13f-15f3bb756013,HFRI Fund of Funds: Diversified,HFRI FOF: Diversified Index,HFRIFOFD,
Dynamo,25-03-2026 23:00:02,25-03-2026 23:00:02,85e45f55-7636-4f08-ba27-d998f1f6e513,Sys_User,Sys_User,871,170c5896-f815-4b7d-89b0-125684d5d2ec,Cambridge NR Mining,Cambridge NR Mining lagged return,UGEGX0903146,
Dynamo,25-03-2026 23:00:02,25-03-2026 23:00:02,85e45f55-7636-4f08-ba27-d998f1f6e513,Sys_User,Sys_User,931,d0446cdb-3855-40b2-9384-749beac70161,Cambridge NR Timber,Cambridge NR Timber lagged return,UGEGX0903147,
Dynamo,25-03-2026 23:00:02,25-03-2026 23:00:02,85e45f55-7636-4f08-ba27-d998f1f6e513,Sys_User,Sys_User,1483,9648df9d-9039-4369-8727-72a6e959d77a,HFRI Emerging Markets: India,HFRI Emerging Markets: India Index,HFRIIND,
Dynamo,25-03-2026 23:00:02,25-03-2026 23:00:02,85e45f55-7636-4f08-ba27-d998f1f6e513,Sys_User,Sys_User,1543,c9216538-eb29-4f9e-b675-a2093fea113e,HFRI Emerging Markets: Latin America,HFRI Emerging Markets: Latin America Index,HFRIEMLA,
Dynamo,25-03-2026 23:00:02,25-03-2026 23:00:02,85e45f55-7636-4f08-ba27-d998f1f6e513,Sys_User,Sys_User,811,810cdf71-65d6-4d9e-9f8d-0e21fc6db205,Cambridge NR Engy Upstream Roy,Cambridge NR Engy Upstream Roy lagged return,UGEGX0903148,
Dynamo,25-03-2026 23:00:02,25-03-2026 23:00:02,85e45f55-7636-4f08-ba27-d998f1f6e513,Sys_User,Sys_User,2623,b8942db5-2ed3-4036-b811-84c9172da130,HFRI Event Driven: Distressed/Restructuring,HFRI ED: Distressed/Restructuring Index (IX1F0000538C),HFRIDSI,USD
Dynamo,25-03-2026 23:00:02,25-03-2026 23:00:02,85e45f55-7636-4f08-ba27-d998f1f6e513,Sys_User,Sys_User,3403,55f0e0d6-1761-49a4-a0a9-a48c3b4cc61a,HFRI Macro,HFRI Macro (Total) Index (IX1F0000536C),HFRIMI,USD
Dynamo,25-03-2026 23:00:02,25-03-2026 23:00:02,85e45f55-7636-4f08-ba27-d998f1f6e513,Sys_User,Sys_User,604,8ea837ee-9036-40cc-b3eb-17b50654bdcf,MSCI Taiwan Net Dividend,MSCI Taiwan Net Dividend Index (IX1F00281838),NDEUSTW Index,USD
Dynamo,25-03-2026 23:00:02,25-03-2026 23:00:02,85e45f55-7636-4f08-ba27-d998f1f6e513,Sys_User,Sys_User,1843,e0bc9acd-ad5c-4122-9caf-388fa1e8255a,HFRI Equity Hedge: Energy+Materials,HFRI EH: Sector - Energy/Basic Materials Index,HFRISEN,USD
Dynamo,25-03-2026 23:00:02,25-03-2026 23:00:02,85e45f55-7636-4f08-ba27-d998f1f6e513,Sys_User,Sys_User,3283,f7439225-90f2-44ef-9aa8-1227eb0b7562,HFRI Fund Weighted Composite,HFRI Fund Weighted Composite Index (IX1F0000927C),HFRIFWI,USD
Dynamo,25-03-2026 23:00:02,25-03-2026 23:00:02,85e45f55-7636-4f08-ba27-d998f1f6e513,Sys_User,Sys_User,3270,c89c197e-d79f-401a-a003-162671479ef4,MSCI EAFE,MSCI EAFE Net Dividend Index (IX1F00052708),NDDUEAFE Index,USD
Dynamo,25-03-2026 23:00:02,25-03-2026 23:00:02,85e45f55-7636-4f08-ba27-d998f1f6e513,Sys_User,Sys_User,2383,c887dd79-4ded-4037-961b-2a9c2a092f82,HFRI Equity Hedge: Technology/Healthcare,HFRI EH: Technology/Healthcare Index (IX1F0000936C),HFRISTI,USD
Dynamo,25-03-2026 23:00:02,25-03-2026 23:00:02,85e45f55-7636-4f08-ba27-d998f1f6e513,Sys_User,Sys_User,3943,e9df68bd-8ffc-49a5-aa0b-8f3973577333,HFRI Relative Value,HFRI Relative Value (Total) Index (IX1F0000537C),HFRIRVA,USD
Dynamo,25-03-2026 23:00:02,25-03-2026 23:00:02,85e45f55-7636-4f08-ba27-d998f1f6e513,Sys_User,Sys_User,2250,dfe4c56a-4ab5-4835-b084-4c73a09d0fcf,MSCI AC World,MSCI All Country World Net Index (IX1F00285998),NDUEACWF Index,USD
Dynamo,25-03-2026 23:00:02,25-03-2026 23:00:02,85e45f55-7636-4f08-ba27-d998f1f6e513,Sys_User,Sys_User,1204,311cfa64-3260-46f6-9ba7-ec3fbb85eafa,MSCI World,MSCI World Net Dividend Index (IX1F00052438),NDDUWI Index,USD
Dynamo,25-03-2026 23:00:02,25-03-2026 23:00:02,85e45f55-7636-4f08-ba27-d998f1f6e513,Sys_User,Sys_User,2443,3f385958-8bf7-4b7a-aa2c-610d6186629b,HFRI Event Driven,HFRI Event-Driven (Total) Index (IX1F0000929C),HFRIEDI,USD
Dynamo,25-03-2026 23:00:02,25-03-2026 23:00:02,85e45f55-7636-4f08-ba27-d998f1f6e513,Sys_User,Sys_User,4350,95eb2be9-c79f-49c0-b5c4-4adde2afc401,MSCI India Mid Cap,,MMDUINDN Index,USD
Dynamo,25-03-2026 23:00:02,25-03-2026 23:00:02,85e45f55-7636-4f08-ba27-d998f1f6e513,Sys_User,Sys_User,2083,3b632035-2ee2-49cd-b900-ccb14c80c20d,HFRI Equity Hedge: Market Neutral,HFRI EH: Equity Market Neutral Index (IX1F0000933C),HFRIEMNI,USD
Dynamo,25-03-2026 23:00:02,25-03-2026 23:00:02,85e45f55-7636-4f08-ba27-d998f1f6e513,Sys_User,Sys_User,3510,6daabc79-b765-40fe-a9d1-eb426ca92f47,MSCI EM,MSCI Emerging Markets Net Dividend Index (IX1F00274888),NDDUEEGF Index,USD
Dynamo,25-03-2026 23:00:02,25-03-2026 23:00:02,85e45f55-7636-4f08-ba27-d998f1f6e513,Sys_User,Sys_User,2884,e86a66d6-00a7-4ed4-8c1c-fae49950b226,S&P 500,S&P 500 Total Return,SPX,USD
Dynamo,25-03-2026 23:00:02,25-03-2026 23:00:02,85e45f55-7636-4f08-ba27-d998f1f6e513,Sys_User,Sys_User,1723,0cb8fda5-3c40-445c-856a-84e42c188620,HFRI Equity Hedge,HFRI Equity Hedge (Total) Index (IX1F0000533C),HFRIEHI,USD
Dynamo,25-03-2026 23:00:02,25-03-2026 23:00:02,85e45f55-7636-4f08-ba27-d998f1f6e513,Sys_User,Sys_User,3990,3794ae63-74f1-4a66-a06a-c515b8c1896f,MSCI Europe,MSCI Europe Net Dividend Index (IX1F00052728),NDDLE15 Index,USD
Dynamo,25-03-2026 23:00:02,25-03-2026 23:00:02,85e45f55-7636-4f08-ba27-d998f1f6e513,Sys_User,Sys_User,1423,7c57b8c8-33c2-433e-8c82-b8dedb280163,HFRI Emerging Markets: Global,HFRI Emerging Markets: Global Index (IX1F0000938C),HFRIEMG,USD
Dynamo,25-03-2026 23:00:02,25-03-2026 23:00:02,85e45f55-7636-4f08-ba27-d998f1f6e513,Sys_User,Sys_User,1444,36d85279-ecfa-4d25-9a02-a21ffffbd65a,MSCI World ex-US,MSCI World ex-US Net Return Index (M1WOU Index),M1WOU,USD
Dynamo,25-03-2026 23:00:02,25-03-2026 23:00:02,85e45f55-7636-4f08-ba27-d998f1f6e513,Sys_User,Sys_User,1243,5cc5b048-7433-48b5-a231-3b96eb384e7d,HFRI Emerging Markets,HFRI Emerging Markets (Total) Index (IX1F0000937C),HFRIEM,USD
Dynamo,25-03-2026 23:00:02,25-03-2026 23:00:02,85e45f55-7636-4f08-ba27-d998f1f6e513,Sys_User,Sys_User,1303,e42693a7-bbff-48ce-ba2c-da96f22d9802,HFRI Emerging Markets: Asia ex-Japan,HFRI Emerging Markets: Asia ex-Japan Index (IX1F0000534C),HFRIEMA,USD
Dynamo,25-03-2026 23:00:02,25-03-2026 23:00:02,85e45f55-7636-4f08-ba27-d998f1f6e513,Sys_User,Sys_User,2743,8011839f-216d-469d-990b-0cc12bc66814,HFRI Event Driven: Multi-Strat,HFRI ED: Multi-Strategy Index,HFRIEDMS,USD
Dynamo,25-03-2026 23:00:02,25-03-2026 23:00:02,85e45f55-7636-4f08-ba27-d998f1f6e513,Sys_User,Sys_User,1766,43b3cea4-9bc6-4b00-8f62-6e20c0865151,Brazil Bovespa,,IBOV Index,USD