DimInvestmentID,Investment Regime,Asset Class,Sub Asset Class,SubAssetClassNew,AssetClassNew,Original_AssetClass,Original_SubAssetClass,SortOrder_Regime,SortOrder_AssetClass,SortOrder_SubAssetClass,IsAssetClass Total,IsConsolidation Account,IsRegime Total,IsSubassetClass Total,Name,IsAssetClassTotal,IsConsolidationAccount,InvestmentManagerID,IsRegimeTotal,IsSubassetClass_Total
9088,Global Equity,Developed Markets Public Equity,Hedge Fund Overlay,Hedge Fund Overlay,Developed Markets Public Equity,Developed Markets Public Equity,Hedge Fund Overlay,1,1,4,0,0,0,0,Dockside I US-PA,0,0,Walleye Capital LLC,0,0
8771,Global Equity,Developed Markets Public Equity,Hedge Fund Overlay,Hedge Fund Overlay,Developed Markets Public Equity,Developed Markets Public Equity,Hedge Fund Overlay,1,1,4,0,0,0,0,Farallon CIP VI DM-PA,0,0,Farallon,0,0
8378,Global Equity,Developed Markets Public Equity,Hedge Fund Overlay,Hedge Fund Overlay,Developed Markets Public Equity,Developed Markets Public Equity,Hedge Fund Overlay,1,1,4,0,0,0,0,Burford Alternative Income DM-PA,0,0,Burford Capital LLC,0,0
8288,Global Equity,Developed Markets Public Equity,Hedge Fund Overlay,Hedge Fund Overlay,Developed Markets Public Equity,Developed Markets Public Equity,Hedge Fund Overlay,1,1,4,0,0,0,0,Marshall Wace Systematic Alpha DM-PA,0,0,Marshall Wace,0,0
8205,Global Equity,Developed Markets Public Equity,Hedge Fund Overlay,Hedge Fund Overlay,Developed Markets Public Equity,Developed Markets Public Equity,Hedge Fund Overlay,1,1,4,0,0,0,0,Weiss Brookdale International US-PA,0,0,Weiss Asset Management,0,0
8121,Global Equity,Developed Markets Public Equity,Hedge Fund Overlay,Hedge Fund Overlay,Developed Markets Public Equity,Developed Markets Public Equity,Hedge Fund Overlay,1,1,4,0,0,0,0,DE Shaw Alkali IV US-PA,0,0,DE Shaw,0,0
8054,Global Equity,Developed Markets Public Equity,Hedge Fund Overlay,Hedge Fund Overlay,Developed Markets Public Equity,Developed Markets Public Equity,Hedge Fund Overlay,1,1,4,0,0,0,0,Ilex Onshore US-PA,0,0,ILEX Capital Partners,0,0
7928,Global Equity,Developed Markets Public Equity,Hedge Fund Overlay,Hedge Fund Overlay,Developed Markets Public Equity,Developed Markets Public Equity,Hedge Fund Overlay,1,1,4,0,0,0,0,Farallon CIP VI US-PA,0,0,Farallon,0,0
7545,Global Equity,Developed Markets Public Equity,Hedge Fund Overlay,Hedge Fund Overlay,Developed Markets Public Equity,Developed Markets Public Equity,Hedge Fund Overlay,1,1,4,0,0,0,0,Holocene Offshore DM-PA,0,0,Holocene,0,0
5400,Global Equity,Developed Markets Public Equity,Hedge Fund Overlay,Hedge Fund Overlay,Developed Markets Public Equity,Developed Markets Public Equity,Hedge Fund Overlay,1,1,4,0,0,0,0,Silver Point Specialty Credit II US-PA,0,0,Silver Point,0,0
5340,Global Equity,Developed Markets Public Equity,Hedge Fund Overlay,Hedge Fund Overlay,Developed Markets Public Equity,Developed Markets Public Equity,Hedge Fund Overlay,1,1,4,0,0,0,0,Pillar TX US-PA,0,0,Pillar Capital,0,0
5040,Global Equity,Developed Markets Public Equity,Hedge Fund Overlay,Hedge Fund Overlay,Developed Markets Public Equity,Developed Markets Public Equity,Hedge Fund Overlay,1,1,4,0,0,0,0,Balyasny Atlas Enhanced DM-PA,0,0,Balyasny,0,0
5031,Global Equity,Developed Markets Public Equity,Hedge Fund Overlay,Hedge Fund Overlay,Developed Markets Public Equity,Developed Markets Public Equity,Hedge Fund Overlay,1,1,4,0,0,0,0,Woodline US-PA,0,0,Woodline Partners,0,0
4613,Global Equity,Developed Markets Public Equity,Hedge Fund Overlay,Hedge Fund Overlay,Developed Markets Public Equity,Developed Markets Public Equity,Hedge Fund Overlay,1,1,4,0,0,0,0,Hound Variable Beta US-PA,0,0,Hound,0,0
4361,Global Equity,Developed Markets Public Equity,Hedge Fund Overlay,Hedge Fund Overlay,Developed Markets Public Equity,Developed Markets Public Equity,Hedge Fund Overlay,1,1,4,0,0,0,0,Burford Alternative Income US-PA,0,0,Burford Capital LLC,0,0
4301,Global Equity,Developed Markets Public Equity,Hedge Fund Overlay,Hedge Fund Overlay,Developed Markets Public Equity,Developed Markets Public Equity,Hedge Fund Overlay,1,1,4,0,0,0,0,Millennium HF US-PA,0,0,Millennium Management,0,0
4246,Global Equity,Developed Markets Public Equity,Hedge Fund Overlay,Hedge Fund Overlay,Developed Markets Public Equity,Developed Markets Public Equity,Hedge Fund Overlay,1,1,4,0,0,0,0,Holocene Onshore US-PA,0,0,Holocene,0,0
4241,Global Equity,Developed Markets Public Equity,Hedge Fund Overlay,Hedge Fund Overlay,Developed Markets Public Equity,Developed Markets Public Equity,Hedge Fund Overlay,1,1,4,0,0,0,0,Freestone Grove DM-PA,0,0,Freestone Grove Partners,0,0
4214,Global Equity,Developed Markets Public Equity,Hedge Fund Overlay,Hedge Fund Overlay,Developed Markets Public Equity,Developed Markets Public Equity,Hedge Fund Overlay,1,1,4,0,0,0,0,Millennium Intl US-PA,0,0,Millennium Management,0,0
4154,Global Equity,Developed Markets Public Equity,Hedge Fund Overlay,Hedge Fund Overlay,Developed Markets Public Equity,Developed Markets Public Equity,Hedge Fund Overlay,1,1,4,0,0,0,0,Holocene Offshore US-PA,0,0,Holocene,0,0
4122,Global Equity,Developed Markets Public Equity,Hedge Fund Overlay,Hedge Fund Overlay,Developed Markets Public Equity,Developed Markets Public Equity,Hedge Fund Overlay,1,1,4,0,0,0,0,ExodusPoint Offshore DM-PA,0,0,ExodusPoint,0,0
4121,Global Equity,Developed Markets Public Equity,Hedge Fund Overlay,Hedge Fund Overlay,Developed Markets Public Equity,Developed Markets Public Equity,Hedge Fund Overlay,1,1,4,0,0,0,0,Juniperus US-PA,0,0,Pillar Capital,0,0
4064,Global Equity,Developed Markets Public Equity,Hedge Fund Overlay,Hedge Fund Overlay,Developed Markets Public Equity,Developed Markets Public Equity,Hedge Fund Overlay,1,1,4,0,0,0,0,Jain Offshore DM-PA,0,0,Jain Global,0,0
3953,Global Equity,Developed Markets Public Equity,Hedge Fund Overlay,Hedge Fund Overlay,Developed Markets Public Equity,Developed Markets Public Equity,Hedge Fund Overlay,1,1,4,0,0,0,0,Weiss Brookdale International DM-PA,0,0,Weiss Asset Management,0,0
3928,Global Equity,Developed Markets Public Equity,Hedge Fund Overlay,Hedge Fund Overlay,Developed Markets Public Equity,Developed Markets Public Equity,Hedge Fund Overlay,1,1,4,0,0,0,0,Jain Onshore US-PA,0,0,Jain Global,0,0
3786,Global Equity,Developed Markets Public Equity,Hedge Fund Overlay,Hedge Fund Overlay,Developed Markets Public Equity,Developed Markets Public Equity,Hedge Fund Overlay,1,1,4,0,0,0,0,FifthDelta US-PA,0,0,FifthDelta,0,0
3765,Global Equity,Developed Markets Public Equity,Hedge Fund Overlay,Hedge Fund Overlay,Developed Markets Public Equity,Developed Markets Public Equity,Hedge Fund Overlay,1,1,4,0,0,0,0,Balyasny Atlas Enhanced US-PA,0,0,Balyasny,0,0
3697,Global Equity,Developed Markets Public Equity,Hedge Fund Overlay,Hedge Fund Overlay,Developed Markets Public Equity,Developed Markets Public Equity,Hedge Fund Overlay,1,1,4,0,0,0,0,Millennium Intl DM-PA,0,0,Millennium Management,0,0
3665,Global Equity,Developed Markets Public Equity,Hedge Fund Overlay,Hedge Fund Overlay,Developed Markets Public Equity,Developed Markets Public Equity,Hedge Fund Overlay,1,1,4,0,0,0,0,DE Shaw Alkali IV DM-PA,0,0,DE Shaw,0,0
3548,Global Equity,Developed Markets Public Equity,Hedge Fund Overlay,Hedge Fund Overlay,Developed Markets Public Equity,Developed Markets Public Equity,Hedge Fund Overlay,1,1,4,0,0,0,0,DE Shaw Diopter Offshore DM-PA,0,0,DE Shaw,0,0
3437,Global Equity,Developed Markets Public Equity,Hedge Fund Overlay,Hedge Fund Overlay,Developed Markets Public Equity,Developed Markets Public Equity,Hedge Fund Overlay,1,1,4,0,0,0,0,DE Shaw Alkali V Onshore US-PA,0,0,DE Shaw,0,0
3425,Global Equity,Developed Markets Public Equity,Hedge Fund Overlay,Hedge Fund Overlay,Developed Markets Public Equity,Developed Markets Public Equity,Hedge Fund Overlay,1,1,4,0,0,0,0,Weiss Brookdale Global US-PA,0,0,Weiss Asset Management,0,0
3306,Global Equity,Developed Markets Public Equity,Hedge Fund Overlay,Hedge Fund Overlay,Developed Markets Public Equity,Developed Markets Public Equity,Hedge Fund Overlay,1,1,4,0,0,0,0,Weiss Brookdale Global DM-PA,0,0,Weiss Asset Management,0,0
2977,Global Equity,Developed Markets Public Equity,Hedge Fund Overlay,Hedge Fund Overlay,Developed Markets Public Equity,Developed Markets Public Equity,Hedge Fund Overlay,1,1,4,0,0,0,0,Pillar TX DM-PA,0,0,Pillar Capital,0,0
2805,Global Equity,Developed Markets Public Equity,Hedge Fund Overlay,Hedge Fund Overlay,Developed Markets Public Equity,Developed Markets Public Equity,Hedge Fund Overlay,1,1,4,0,0,0,0,Highbridge Tactical Credit DM-PA,0,0,Highbridge,0,0
2788,Global Equity,Developed Markets Public Equity,Hedge Fund Overlay,Hedge Fund Overlay,Developed Markets Public Equity,Developed Markets Public Equity,Hedge Fund Overlay,1,1,4,0,0,0,0,ExodusPoint Onshore DM-PA,0,0,ExodusPoint,0,0
2588,Global Equity,Developed Markets Public Equity,Hedge Fund Overlay,Hedge Fund Overlay,Developed Markets Public Equity,Developed Markets Public Equity,Hedge Fund Overlay,1,1,4,0,0,0,0,Walleye DM-PA,0,0,Walleye Capital LLC,0,0
2541,Global Equity,Developed Markets Public Equity,Hedge Fund Overlay,Hedge Fund Overlay,Developed Markets Public Equity,Developed Markets Public Equity,Hedge Fund Overlay,1,1,4,0,0,0,0,BSOF Co-Invest US-PA,0,0,Blackstone,0,0
2417,Global Equity,Developed Markets Public Equity,Hedge Fund Overlay,Hedge Fund Overlay,Developed Markets Public Equity,Developed Markets Public Equity,Hedge Fund Overlay,1,1,4,0,0,0,0,FifthDelta DM-PA,0,0,FifthDelta,0,0
2364,Global Equity,Developed Markets Public Equity,Hedge Fund Overlay,Hedge Fund Overlay,Developed Markets Public Equity,Developed Markets Public Equity,Hedge Fund Overlay,1,1,4,0,0,0,0,Holocene Onshore DM-PA,0,0,Holocene,0,0
34957,Global Equity,Developed Markets Public Equity,Non-U.S. Developed Public Equity,Non-U.S. Developed Public Equity,Developed Markets Public Equity,Developed Markets Public Equity,Non-U.S. Developed Public Equity,1,1,2,0,0,0,0,Indus Japan LO,0,0,Indus,0,0
27605,Global Equity,Developed Markets Public Equity,Global Developed Public Equity,Global Developed Public Equity,Developed Markets Public Equity,Developed Markets Public Equity,Global Developed Public Equity,1,1,3,0,0,0,0,DE Shaw AE - Combined Returns,0,0,DE Shaw,0,0
25925,Global Equity,Developed Markets Public Equity,Global Developed Public Equity,Global Developed Public Equity,Developed Markets Public Equity,Developed Markets Public Equity,Global Developed Public Equity,1,1,3,0,0,0,0,Arrowstreet ACWI,0,0,Arrowstreet,0,0
25304,Global Equity,Developed Markets Public Equity,Global Developed Public Equity,Global Developed Public Equity,Developed Markets Public Equity,Developed Markets Public Equity,Global Developed Public Equity,1,1,3,0,0,0,0,Tybourne LO,0,0,Tybourne,0,0
24313,Global Equity,Developed Markets Public Equity,Global Developed Public Equity,Global Developed Public Equity,Developed Markets Public Equity,Developed Markets Public Equity,Global Developed Public Equity,1,1,3,0,0,0,0,AKO Global LO,0,0,AKO,0,0
24277,Global Equity,Developed Markets Public Equity,U.S. Public Equity,U.S. Public Equity,Developed Markets Public Equity,Developed Markets Public Equity,U.S. Public Equity,1,1,1,0,0,0,0,Marshall Wace US LO,0,0,Marshall Wace,0,0
23557,Global Equity,Developed Markets Public Equity,U.S. Public Equity,U.S. Public Equity,Developed Markets Public Equity,Developed Markets Public Equity,U.S. Public Equity,1,1,1,0,0,0,0,CCL DM Portable Alpha,0,0,CCL,0,0
22887,Global Equity,Developed Markets Public Equity,U.S. Public Equity,U.S. Public Equity,Developed Markets Public Equity,Developed Markets Public Equity,U.S. Public Equity,1,1,1,0,0,0,0,MBA Fund,0,0,MBA Fund,0,0
22685,Global Equity,Developed Markets Public Equity,U.S. Public Equity,U.S. Public Equity,Developed Markets Public Equity,Developed Markets Public Equity,U.S. Public Equity,1,1,1,0,0,0,0,WhiteSpruce,0,0,BlueSpruce,0,0
21932,Global Equity,Developed Markets Public Equity,U.S. Public Equity,U.S. Public Equity,Developed Markets Public Equity,Developed Markets Public Equity,U.S. Public Equity,1,1,1,0,0,0,0,Fidelity Fusion AE Dockside,0,0,Fidelity,0,0
21058,Global Equity,Developed Markets Public Equity,Non-U.S. Developed Public Equity,Non-U.S. Developed Public Equity,Developed Markets Public Equity,Developed Markets Public Equity,Non-U.S. Developed Public Equity,1,1,2,0,0,0,0,GSAM Intl Flex,0,0,GSAM,0,0
20176,Global Equity,Developed Markets Public Equity,U.S. Public Equity,U.S. Public Equity,Developed Markets Public Equity,Developed Markets Public Equity,U.S. Public Equity,1,1,1,0,0,0,0,Janus Henderson with Hedge,0,0,Janus Henderson,0,0
19527,Global Equity,Developed Markets Public Equity,U.S. Public Equity,U.S. Public Equity,Developed Markets Public Equity,Developed Markets Public Equity,U.S. Public Equity,1,1,1,0,0,0,0,Microcap Hedge RU20INTR,0,0,US Microcap Hedge,0,0
19347,Global Equity,Developed Markets Public Equity,U.S. Public Equity,U.S. Public Equity,Developed Markets Public Equity,Developed Markets Public Equity,U.S. Public Equity,1,1,1,0,0,0,0,Janus Bio Hedge SPSIBITR,0,0,Janus Bio Hedge,0,0
18987,Global Equity,Developed Markets Public Equity,U.S. Public Equity,U.S. Public Equity,Developed Markets Public Equity,Developed Markets Public Equity,U.S. Public Equity,1,1,1,0,0,0,0,Voleon US 150-50,0,0,Voleon Capital,0,0
18848,Global Equity,Developed Markets Public Equity,Global Developed Public Equity,Global Developed Public Equity,Developed Markets Public Equity,Developed Markets Public Equity,Global Developed Public Equity,1,1,3,0,0,0,0,Cantillon,0,0,Cantillon Capital,0,0
18693,Global Equity,Developed Markets Public Equity,U.S. Public Equity,U.S. Public Equity,Developed Markets Public Equity,Developed Markets Public Equity,U.S. Public Equity,1,1,1,0,0,0,0,Acadian US LO,0,0,Acadian,0,0
17938,Global Equity,Developed Markets Public Equity,U.S. Public Equity,U.S. Public Equity,Developed Markets Public Equity,Developed Markets Public Equity,U.S. Public Equity,1,1,1,0,0,0,0,Woodline Spire US,0,0,Woodline Partners,0,0
17707,Global Equity,Developed Markets Public Equity,U.S. Public Equity,U.S. Public Equity,Developed Markets Public Equity,Developed Markets Public Equity,U.S. Public Equity,1,1,1,0,0,0,0,Acadian US MicroCap,0,0,Acadian,0,0
17654,Global Equity,Developed Markets Public Equity,U.S. Public Equity,U.S. Public Equity,Developed Markets Public Equity,Developed Markets Public Equity,U.S. Public Equity,1,1,1,0,0,0,0,UT Dallas Student Fund,0,0,UTSDSOM Investment Corporation,0,0
17357,Global Equity,Developed Markets Public Equity,U.S. Public Equity,U.S. Public Equity,Developed Markets Public Equity,Developed Markets Public Equity,U.S. Public Equity,1,1,1,0,0,0,0,Jacobs Levy 130-30 Core,0,0,Jacobs Levy,0,0
17264,Global Equity,Developed Markets Public Equity,U.S. Public Equity,U.S. Public Equity,Developed Markets Public Equity,Developed Markets Public Equity,U.S. Public Equity,1,1,1,0,0,0,0,Stelliam LO,0,0,Stelliam,0,0
17164,Global Equity,Developed Markets Public Equity,Global Developed Public Equity,Global Developed Public Equity,Developed Markets Public Equity,Developed Markets Public Equity,Global Developed Public Equity,1,1,3,0,0,0,0,AKO Europe LS,0,0,AKO,0,0
17016,Global Equity,Developed Markets Public Equity,Non-U.S. Developed Public Equity,Non-U.S. Developed Public Equity,Developed Markets Public Equity,Developed Markets Public Equity,Non-U.S. Developed Public Equity,1,1,2,0,0,0,0,AKO Europe LO USD-hedged,0,0,AKO,0,0
16946,Global Equity,Developed Markets Public Equity,U.S. Public Equity,U.S. Public Equity,Developed Markets Public Equity,Developed Markets Public Equity,U.S. Public Equity,1,1,1,0,0,0,0,Stelliam Opp,0,0,Stelliam,0,0
16573,Global Equity,Developed Markets Public Equity,Global Developed Public Equity,Global Developed Public Equity,Developed Markets Public Equity,Developed Markets Public Equity,Global Developed Public Equity,1,1,3,0,0,0,0,TPG LO,0,0,TPG Capital,0,0
15864,Global Equity,Developed Markets Public Equity,Global Developed Public Equity,Global Developed Public Equity,Developed Markets Public Equity,Developed Markets Public Equity,Global Developed Public Equity,1,1,3,0,0,0,0,Dockside EQ,0,0,Walleye Capital LLC,0,0
15564,Global Equity,Developed Markets Public Equity,U.S. Public Equity,U.S. Public Equity,Developed Markets Public Equity,Developed Markets Public Equity,U.S. Public Equity,1,1,1,0,0,0,0,Jacobs Levy 150-50 Core,0,0,Jacobs Levy,0,0
14777,Global Equity,Developed Markets Public Equity,Global Developed Public Equity,Global Developed Public Equity,Developed Markets Public Equity,Developed Markets Public Equity,Global Developed Public Equity,1,1,3,0,0,0,0,Arrowstreet World,0,0,Arrowstreet,0,0
14164,Global Equity,Developed Markets Public Equity,Non-U.S. Developed Public Equity,Non-U.S. Developed Public Equity,Developed Markets Public Equity,Developed Markets Public Equity,Non-U.S. Developed Public Equity,1,1,2,0,0,0,0,Westwood Developed,0,0,Westwood Global,0,0
12917,Global Equity,Developed Markets Public Equity,Non-U.S. Developed Public Equity,Non-U.S. Developed Public Equity,Developed Markets Public Equity,Developed Markets Public Equity,Non-U.S. Developed Public Equity,1,1,2,0,0,0,0,AKO Europe LO EUR-hedged,0,0,AKO,0,0
11138,Global Equity,Developed Markets Public Equity,U.S. Public Equity,U.S. Public Equity,Developed Markets Public Equity,Developed Markets Public Equity,U.S. Public Equity,1,1,1,0,0,0,0,Cooke & Bieler CV,0,0,Cooke & Bieler,0,0
10718,Global Equity,Developed Markets Public Equity,U.S. Public Equity,U.S. Public Equity,Developed Markets Public Equity,Developed Markets Public Equity,U.S. Public Equity,1,1,1,0,0,0,0,PIMCO StocksPlus,0,0,PIMCO,0,0
10473,Global Equity,Developed Markets Public Equity,U.S. Public Equity,U.S. Public Equity,Developed Markets Public Equity,Developed Markets Public Equity,U.S. Public Equity,1,1,1,0,0,0,0,UT Longhorn Fund,0,0,"Texas McCombs Investment Advisers, LLC",0,0
10331,Global Equity,Developed Markets Public Equity,U.S. Public Equity,U.S. Public Equity,Developed Markets Public Equity,Developed Markets Public Equity,U.S. Public Equity,1,1,1,0,0,0,0,Polar Biotech Consolidated,0,0,Polar Capital,0,0
10177,Global Equity,Developed Markets Public Equity,Global Developed Public Equity,Global Developed Public Equity,Developed Markets Public Equity,Developed Markets Public Equity,Global Developed Public Equity,1,1,3,0,0,0,0,Acadian Global,0,0,Acadian,0,0
10031,Global Equity,Developed Markets Public Equity,Global Developed Public Equity,Global Developed Public Equity,Developed Markets Public Equity,Developed Markets Public Equity,Global Developed Public Equity,1,1,3,0,0,0,0,Polar Biotech,0,0,Polar Capital,0,0
9686,Global Equity,Developed Markets Public Equity,Global Developed Public Equity,Global Developed Public Equity,Developed Markets Public Equity,Developed Markets Public Equity,Global Developed Public Equity,1,1,3,0,0,0,0,Eminence Global,0,0,Eminence,0,0
9627,Global Equity,Developed Markets Public Equity,Global Developed Public Equity,Global Developed Public Equity,Developed Markets Public Equity,Developed Markets Public Equity,Global Developed Public Equity,1,1,3,0,0,0,0,Tiger Global LO,0,0,Tiger Global,0,0
9308,Global Equity,Developed Markets Public Equity,U.S. Public Equity,U.S. Public Equity,Developed Markets Public Equity,Developed Markets Public Equity,U.S. Public Equity,1,1,1,0,0,0,0,UT San Antonio Student Fund,0,0,The University of Texas at San Antonio,0,0
9070,Global Equity,Developed Markets Public Equity,U.S. Public Equity,U.S. Public Equity,Developed Markets Public Equity,Developed Markets Public Equity,U.S. Public Equity,1,1,1,0,0,0,0,Ashe,0,0,Ashe Capital,0,0
8921,Global Equity,Developed Markets Public Equity,Non-U.S. Developed Public Equity,Non-U.S. Developed Public Equity,Developed Markets Public Equity,Developed Markets Public Equity,Non-U.S. Developed Public Equity,1,1,2,0,0,0,0,Silchester IE,0,0,Silchester,0,0
8494,Global Equity,Developed Markets Public Equity,Global Developed Public Equity,Global Developed Public Equity,Developed Markets Public Equity,Developed Markets Public Equity,Global Developed Public Equity,1,1,3,0,0,0,0,Rexiter EM,0,0,Rexiter,0,0
8465,Global Equity,Developed Markets Public Equity,Global Developed Public Equity,Global Developed Public Equity,Developed Markets Public Equity,Developed Markets Public Equity,Global Developed Public Equity,1,1,3,0,0,0,0,Tremblant LO,0,0,Tremblant,0,0
8313,Global Equity,Developed Markets Public Equity,Non-U.S. Developed Public Equity,Non-U.S. Developed Public Equity,Developed Markets Public Equity,Developed Markets Public Equity,Non-U.S. Developed Public Equity,1,1,2,0,0,0,0,AKO Europe LO unhedged,0,0,AKO,0,0
8265,Global Equity,Developed Markets Public Equity,U.S. Public Equity,U.S. Public Equity,Developed Markets Public Equity,Developed Markets Public Equity,U.S. Public Equity,1,1,1,0,0,0,0,Microcap Hedge GDDUUS,0,0,US Microcap Hedge,0,0
8137,Global Equity,Developed Markets Public Equity,U.S. Public Equity,U.S. Public Equity,Developed Markets Public Equity,Developed Markets Public Equity,U.S. Public Equity,1,1,1,0,0,0,0,Echo Street New World,0,0,Echo Street,0,0
8111,Global Equity,Developed Markets Public Equity,U.S. Public Equity,U.S. Public Equity,Developed Markets Public Equity,Developed Markets Public Equity,U.S. Public Equity,1,1,1,0,0,0,0,BlueSpruce Dislocation Fund - CI,0,0,BlueSpruce,0,0
8018,Global Equity,Developed Markets Public Equity,U.S. Public Equity,U.S. Public Equity,Developed Markets Public Equity,Developed Markets Public Equity,U.S. Public Equity,1,1,1,0,0,0,0,WMA 150-50 US Large Cap,0,0,WorldQuant - Millennium,0,0
7446,Global Equity,Developed Markets Public Equity,Developed Markets Public Equity,Developed Markets Public Equity,Developed Markets Public Equity,Developed Markets Public Equity,,1,1,,0,0,0,0,Praesidium,0,0,Praesidium,0,0
7193,Global Equity,Developed Markets Public Equity,U.S. Public Equity,U.S. Public Equity,Developed Markets Public Equity,Developed Markets Public Equity,U.S. Public Equity,1,1,1,0,0,0,0,Eminence US,0,0,Eminence,0,0
6974,Global Equity,Developed Markets Public Equity,U.S. Public Equity,U.S. Public Equity,Developed Markets Public Equity,Developed Markets Public Equity,U.S. Public Equity,1,1,1,0,0,0,0,Aperio US,0,0,Aperio Group,0,0
6817,Global Equity,Developed Markets Public Equity,U.S. Public Equity,U.S. Public Equity,Developed Markets Public Equity,Developed Markets Public Equity,U.S. Public Equity,1,1,1,0,0,0,0,Marshall Wace US 150-50,0,0,Marshall Wace,0,0
6489,Global Equity,Developed Markets Public Equity,Global Developed Public Equity,Global Developed Public Equity,Developed Markets Public Equity,Developed Markets Public Equity,Global Developed Public Equity,1,1,3,0,0,0,0,Biotech Hedge,0,0,Biotech Hedge,0,0
6345,Global Equity,Developed Markets Public Equity,U.S. Public Equity,U.S. Public Equity,Developed Markets Public Equity,Developed Markets Public Equity,U.S. Public Equity,1,1,1,0,0,0,0,Echo Street Select Plus,0,0,Echo Street,0,0
6277,Global Equity,Developed Markets Public Equity,Global Developed Public Equity,Global Developed Public Equity,Developed Markets Public Equity,Developed Markets Public Equity,Global Developed Public Equity,1,1,3,0,0,0,0,Marshall Wace World,0,0,Marshall Wace,0,0
6217,Global Equity,Developed Markets Public Equity,U.S. Public Equity,U.S. Public Equity,Developed Markets Public Equity,Developed Markets Public Equity,U.S. Public Equity,1,1,1,0,0,0,0,ValueAct CI - Seagate,0,0,ValueAct Capital,0,0
5884,Global Equity,Developed Markets Public Equity,U.S. Public Equity,U.S. Public Equity,Developed Markets Public Equity,Developed Markets Public Equity,U.S. Public Equity,1,1,1,0,0,0,0,EC Longhorn CI - ADSK,0,0,Eminence,0,0
5622,Global Equity,Developed Markets Public Equity,U.S. Public Equity,U.S. Public Equity,Developed Markets Public Equity,Developed Markets Public Equity,U.S. Public Equity,1,1,1,0,0,0,0,Janus Bio Hedge XNBI,0,0,Janus Bio Hedge,0,0
5520,Global Equity,Developed Markets Public Equity,Non-U.S. Developed Public Equity,Non-U.S. Developed Public Equity,Developed Markets Public Equity,Developed Markets Public Equity,Non-U.S. Developed Public Equity,1,1,2,0,0,0,0,Indus Japan 120-20,0,0,Indus,0,0
5323,Global Equity,Developed Markets Public Equity,Non-U.S. Developed Public Equity,Non-U.S. Developed Public Equity,Developed Markets Public Equity,Developed Markets Public Equity,Non-U.S. Developed Public Equity,1,1,2,0,0,0,0,Albert Bridge LO,0,0,Albert Bridge,0,0
5314,Global Equity,Developed Markets Public Equity,Global Developed Public Equity,Global Developed Public Equity,Developed Markets Public Equity,Developed Markets Public Equity,Global Developed Public Equity,1,1,3,0,0,0,0,Woodline Spire World,0,0,Woodline Partners,0,0
5273,Global Equity,Developed Markets Public Equity,Non-U.S. Developed Public Equity,Non-U.S. Developed Public Equity,Developed Markets Public Equity,Developed Markets Public Equity,Non-U.S. Developed Public Equity,1,1,2,0,0,0,0,Acadian International,0,0,Acadian,0,0
5151,Global Equity,Developed Markets Public Equity,U.S. Public Equity,U.S. Public Equity,Developed Markets Public Equity,Developed Markets Public Equity,U.S. Public Equity,1,1,1,0,0,0,0,Paradigm Bio Hedge XNBI,0,0,Paradigm Bio Hedge,0,0
4881,Global Equity,Developed Markets Public Equity,Global Developed Public Equity,Global Developed Public Equity,Developed Markets Public Equity,Developed Markets Public Equity,Global Developed Public Equity,1,1,3,0,0,0,0,GQG Global,0,0,GQG Partners,0,0
4733,Global Equity,Developed Markets Public Equity,U.S. Public Equity,U.S. Public Equity,Developed Markets Public Equity,Developed Markets Public Equity,U.S. Public Equity,1,1,1,0,0,0,0,Janus Henderson Biotech Innovation II,0,0,Janus Henderson,0,0
4583,Global Equity,Developed Markets Public Equity,U.S. Public Equity,U.S. Public Equity,Developed Markets Public Equity,Developed Markets Public Equity,U.S. Public Equity,1,1,1,0,0,0,0,Ashe CI - ALSN,0,0,Ashe Capital,0,0
4505,Global Equity,Developed Markets Public Equity,U.S. Public Equity,U.S. Public Equity,Developed Markets Public Equity,Developed Markets Public Equity,U.S. Public Equity,1,1,1,0,0,0,0,Freestone Grove PA,0,0,Freestone Grove Partners,0,0
4497,Global Equity,Developed Markets Public Equity,Global Developed Public Equity,Global Developed Public Equity,Developed Markets Public Equity,Developed Markets Public Equity,Global Developed Public Equity,1,1,3,0,0,0,0,Viking LO,0,0,Viking,0,0
4446,Global Equity,Developed Markets Public Equity,U.S. Public Equity,U.S. Public Equity,Developed Markets Public Equity,Developed Markets Public Equity,U.S. Public Equity,1,1,1,0,0,0,0,Dockside III,0,0,Walleye Capital LLC,0,0
4398,Global Equity,Developed Markets Public Equity,U.S. Public Equity,U.S. Public Equity,Developed Markets Public Equity,Developed Markets Public Equity,U.S. Public Equity,1,1,1,0,0,0,0,Acadian US MicroCap - Hedged,0,0,Acadian,0,0
4347,Global Equity,Developed Markets Public Equity,U.S. Public Equity,U.S. Public Equity,Developed Markets Public Equity,Developed Markets Public Equity,U.S. Public Equity,1,1,1,0,0,0,0,First Turn Rx Dockside,0,0,First Turn,0,0
4153,Global Equity,Developed Markets Public Equity,U.S. Public Equity,U.S. Public Equity,Developed Markets Public Equity,Developed Markets Public Equity,U.S. Public Equity,1,1,1,0,0,0,0,ValueAct,0,0,ValueAct Capital,0,0
4151,Global Equity,Developed Markets Public Equity,U.S. Public Equity,U.S. Public Equity,Developed Markets Public Equity,Developed Markets Public Equity,U.S. Public Equity,1,1,1,0,0,0,0,Janus Bio Hedge GDDUUS,0,0,Janus Bio Hedge,0,0
4069,Global Equity,Developed Markets Public Equity,U.S. Public Equity,U.S. Public Equity,Developed Markets Public Equity,Developed Markets Public Equity,U.S. Public Equity,1,1,1,0,0,0,0,Paradigm BioCapital - Fund Returns,0,0,Paradigm BioCapital,0,0
4031,Global Equity,Developed Markets Public Equity,U.S. Public Equity,U.S. Public Equity,Developed Markets Public Equity,Developed Markets Public Equity,U.S. Public Equity,1,1,1,0,0,0,0,PanAgora US Micro Dockside,0,0,PanAgora,0,0
3977,Global Equity,Developed Markets Public Equity,U.S. Public Equity,U.S. Public Equity,Developed Markets Public Equity,Developed Markets Public Equity,U.S. Public Equity,1,1,1,0,0,0,0,LA Capital US Micro Dockside,0,0,Los Angeles Capital,0,0
3848,Global Equity,Developed Markets Public Equity,U.S. Public Equity,U.S. Public Equity,Developed Markets Public Equity,Developed Markets Public Equity,U.S. Public Equity,1,1,1,0,0,0,0,Paradigm Bio Hedge GDDUUS,0,0,Paradigm Bio Hedge,0,0
3785,Global Equity,Developed Markets Public Equity,Global Developed Public Equity,Global Developed Public Equity,Developed Markets Public Equity,Developed Markets Public Equity,Global Developed Public Equity,1,1,3,0,0,0,0,DE Shaw World 130-30,0,0,DE Shaw,0,0
3599,Global Equity,Developed Markets Public Equity,U.S. Public Equity,U.S. Public Equity,Developed Markets Public Equity,Developed Markets Public Equity,U.S. Public Equity,1,1,1,0,0,0,0,Paradigm Bio Hedge SPSIBITR,0,0,Paradigm Bio Hedge,0,0
3486,Global Equity,Developed Markets Public Equity,U.S. Public Equity,U.S. Public Equity,Developed Markets Public Equity,Developed Markets Public Equity,U.S. Public Equity,1,1,1,0,0,0,0,Jacobs Levy 150-50 Mega Cap,0,0,Jacobs Levy,0,0
3293,Global Equity,Developed Markets Public Equity,U.S. Public Equity,U.S. Public Equity,Developed Markets Public Equity,Developed Markets Public Equity,U.S. Public Equity,1,1,1,0,0,0,0,TAMU Reveille Fund,0,0,Texas A&M University,0,0
2847,Global Equity,Developed Markets Public Equity,U.S. Public Equity,U.S. Public Equity,Developed Markets Public Equity,Developed Markets Public Equity,U.S. Public Equity,1,1,1,0,0,0,0,Paradigm BioCapital PA,0,0,Paradigm BioCapital,0,0
2589,Global Equity,Developed Markets Public Equity,U.S. Public Equity,U.S. Public Equity,Developed Markets Public Equity,Developed Markets Public Equity,U.S. Public Equity,1,1,1,0,0,0,0,WorldQuant US LO,0,0,WorldQuant - Millennium,0,0
2268,Global Equity,Developed Markets Public Equity,Global Developed Public Equity,Global Developed Public Equity,Developed Markets Public Equity,Developed Markets Public Equity,Global Developed Public Equity,1,1,3,0,0,0,0,Maverick LE,0,0,Maverick,0,0
2170,Global Equity,Developed Markets Public Equity,Global Developed Public Equity,Global Developed Public Equity,Developed Markets Public Equity,Developed Markets Public Equity,Global Developed Public Equity,1,1,3,0,0,0,0,IVA Global,0,0,IVA,0,0
2026,Global Equity,Developed Markets Public Equity,U.S. Public Equity,U.S. Public Equity,Developed Markets Public Equity,Developed Markets Public Equity,U.S. Public Equity,1,1,1,0,0,0,0,Two Sigma US 130-30,0,0,Two Sigma,0,0
1961,Global Equity,Developed Markets Public Equity,U.S. Public Equity,U.S. Public Equity,Developed Markets Public Equity,Developed Markets Public Equity,U.S. Public Equity,1,1,1,0,0,0,0,Echo Street Select,0,0,Echo Street,0,0
1744,Global Equity,Developed Markets Public Equity,U.S. Public Equity,U.S. Public Equity,Developed Markets Public Equity,Developed Markets Public Equity,U.S. Public Equity,1,1,1,0,0,0,0,Hound LO,0,0,Hound,0,0
1738,Global Equity,Developed Markets Public Equity,Global Developed Public Equity,Global Developed Public Equity,Developed Markets Public Equity,Developed Markets Public Equity,Global Developed Public Equity,1,1,3,0,0,0,0,Generation Global,0,0,Generation,0,0
938,Global Equity,Developed Markets Public Equity,Non-U.S. Developed Public Equity,Non-U.S. Developed Public Equity,Developed Markets Public Equity,Developed Markets Public Equity,Non-U.S. Developed Public Equity,1,1,2,0,0,0,0,Aperio International,0,0,Aperio Group,0,0
761,Global Equity,Developed Markets Public Equity,U.S. Public Equity,U.S. Public Equity,Developed Markets Public Equity,Developed Markets Public Equity,U.S. Public Equity,1,1,1,0,0,0,0,DE Shaw US 130-30,0,0,DE Shaw,0,0
550,Global Equity,Developed Markets Public Equity,U.S. Public Equity,U.S. Public Equity,Developed Markets Public Equity,Developed Markets Public Equity,U.S. Public Equity,1,1,1,0,0,0,0,Baker Bros Healthcare,0,0,Baker Brothers,0,0
23127,Global Equity,Unknown,Unknown,Unknown,Unknown,Unknown,,1,,,0,0,0,0,New Mountain,0,0,New Mountain Capital,0,0
20907,Global Equity,Unknown,Unknown,Unknown,Unknown,Unknown,,1,,,0,0,0,0,BGI EMSI,0,0,BGI,0,0
17833,Global Equity,Unknown,Unknown,Unknown,Unknown,Unknown,,1,,,0,0,0,0,PWB Value,0,0,Blavin,0,0
17445,Global Equity,Unknown,Unknown,Unknown,Unknown,Unknown,,1,,,0,0,0,0,Lansdowne European Sep,0,0,Lansdowne,0,0
11976,Global Equity,Unknown,Unknown,Unknown,Unknown,Unknown,,1,,,0,0,0,0,RelationalFund,0,0,Relational,0,0
10226,Global Equity,Unknown,Unknown,Unknown,Unknown,Unknown,,1,,,0,0,0,0,Globeflex Canadian,0,0,GlobeFlex,0,0
8897,Global Equity,Unknown,Unknown,Unknown,Unknown,Unknown,,1,,,0,0,0,0,Westport 2,0,0,Westport Asset Mgmt,0,0
7619,Global Equity,Unknown,Unknown,Unknown,Unknown,Unknown,,1,,,0,0,0,0,Marcato,0,0,Marcato,0,0
6874,Global Equity,Unknown,Unknown,Unknown,Unknown,Unknown,,1,,,0,0,0,0,Globeflex Int,0,0,GlobeFlex,0,0
6479,Global Equity,Unknown,Unknown,Unknown,Unknown,Unknown,,1,,,0,0,0,0,Templeton EM,0,0,Franklin Templeton,0,0
6404,Global Equity,Unknown,Unknown,Unknown,Unknown,Unknown,,1,,,0,0,0,0,Levin Utlities,0,0,Levin,0,0
3746,Global Equity,Unknown,Unknown,Unknown,Unknown,Unknown,,1,,,0,0,0,0,Westport 1,0,0,Westport Asset Mgmt,0,0
2872,Global Equity,Unknown,Unknown,Unknown,Unknown,Unknown,,1,,,0,0,0,0,K Capital,0,0,K Capital,0,0
2638,Global Equity,Unknown,Unknown,Unknown,Unknown,Unknown,,1,,,0,0,0,0,Lansdowne EM,0,0,Lansdowne,0,0
2011,Global Equity,Unknown,Unknown,Unknown,Unknown,Unknown,,1,,,0,0,0,0,Levin Large,0,0,Levin,0,0
1583,Global Equity,Unknown,Unknown,Unknown,Unknown,Unknown,,1,,,0,0,0,0,Globeflex Japan,0,0,GlobeFlex,0,0
503,Global Equity,Unknown,Unknown,Unknown,Unknown,Unknown,,1,,,0,0,0,0,Blavin,0,0,Blavin,0,0
33404,Global Equity,Emerging Markets Public Equity,Global EM Public Equity,Global EM Public Equity,Emerging Markets Public Equity,Emerging Markets Public Equity,Global EM Public Equity,1,2,5,0,0,0,0,Carrhae EM (2014-2017),0,0,Carrhae,0,0
28873,Global Equity,Emerging Markets Public Equity,Global EM Public Equity,Global EM Public Equity,Emerging Markets Public Equity,Emerging Markets Public Equity,Global EM Public Equity,1,2,5,0,0,0,0,Carrhae EM,0,0,Carrhae,0,0
27877,Global Equity,Emerging Markets Public Equity,Global EM Public Equity,Global EM Public Equity,Emerging Markets Public Equity,Emerging Markets Public Equity,Global EM Public Equity,1,2,5,0,0,0,0,Squadra Brazil,0,0,Squadra,0,0
24253,Global Equity,Emerging Markets Public Equity,Global EM Public Equity,Global EM Public Equity,Emerging Markets Public Equity,Emerging Markets Public Equity,Global EM Public Equity,1,2,5,0,0,0,0,Serenity China,0,0,Serenity,0,0
21665,Global Equity,Emerging Markets Public Equity,Global EM Public Equity,Global EM Public Equity,Emerging Markets Public Equity,Emerging Markets Public Equity,Global EM Public Equity,1,2,5,0,0,0,0,Perseverance CT,0,0,Perseverance,0,0
20846,Global Equity,Emerging Markets Public Equity,Hedge Fund Overlay,Hedge Fund Overlay,Emerging Markets Public Equity,Emerging Markets Public Equity,Hedge Fund Overlay,1,2,4,0,0,0,0,Marshall Wace Alpha Plus EM-PA,0,0,Marshall Wace,0,0
20786,Global Equity,Emerging Markets Public Equity,Hedge Fund Overlay,Hedge Fund Overlay,Emerging Markets Public Equity,Emerging Markets Public Equity,Hedge Fund Overlay,1,2,4,0,0,0,0,Farallon CIP VI EM-PA,0,0,Farallon,0,0
20584,Global Equity,Emerging Markets Public Equity,Global EM Public Equity,Global EM Public Equity,Emerging Markets Public Equity,Emerging Markets Public Equity,Global EM Public Equity,1,2,5,0,0,0,0,Proa,0,0,Proa Partners,0,0
18973,Global Equity,Emerging Markets Public Equity,Global EM Public Equity,Global EM Public Equity,Emerging Markets Public Equity,Emerging Markets Public Equity,Global EM Public Equity,1,2,5,0,0,0,0,Dynamo Brazil,0,0,Dynamo Internacional,0,0
17727,Global Equity,Emerging Markets Public Equity,Global EM Public Equity,Global EM Public Equity,Emerging Markets Public Equity,Emerging Markets Public Equity,Global EM Public Equity,1,2,5,0,0,0,0,White Oak India,0,0,White Oak Capital Partners,0,0
17698,Global Equity,Emerging Markets Public Equity,Global EM Public Equity,Global EM Public Equity,Emerging Markets Public Equity,Emerging Markets Public Equity,Global EM Public Equity,1,2,5,0,0,0,0,Petra Korea Large Cap,0,0,Petra,0,0
17193,Global Equity,Emerging Markets Public Equity,Hedge Fund Overlay,Hedge Fund Overlay,Emerging Markets Public Equity,Emerging Markets Public Equity,Hedge Fund Overlay,1,2,4,0,0,0,0,FifthDelta EM-PA,0,0,FifthDelta,0,0
16958,Global Equity,Emerging Markets Public Equity,Hedge Fund Overlay,Hedge Fund Overlay,Emerging Markets Public Equity,Emerging Markets Public Equity,Hedge Fund Overlay,1,2,4,0,0,0,0,Holocene Offshore EM-PA,0,0,Holocene,0,0
16898,Global Equity,Emerging Markets Public Equity,Hedge Fund Overlay,Hedge Fund Overlay,Emerging Markets Public Equity,Emerging Markets Public Equity,Hedge Fund Overlay,1,2,4,0,0,0,0,Two Sigma Absolute Return EM-PA,0,0,Two Sigma,0,0
12863,Global Equity,Emerging Markets Public Equity,Global EM Public Equity,Global EM Public Equity,Emerging Markets Public Equity,Emerging Markets Public Equity,Global EM Public Equity,1,2,5,0,0,0,0,Westwood GEM,0,0,Westwood Global,0,0
11861,Global Equity,Emerging Markets Public Equity,Emerging Markets Public Equity,Emerging Markets Public Equity,Emerging Markets Public Equity,Emerging Markets Public Equity,,1,2,,0,0,0,0,Squadra CI - EQTL,0,0,Squadra,0,0
11528,Global Equity,Emerging Markets Public Equity,Global EM Public Equity,Global EM Public Equity,Emerging Markets Public Equity,Emerging Markets Public Equity,Global EM Public Equity,1,2,5,0,0,0,0,Hillhouse QFII,0,0,Hillhouse,0,0
10804,Global Equity,Emerging Markets Public Equity,Emerging Markets Public Equity,Emerging Markets Public Equity,Emerging Markets Public Equity,Emerging Markets Public Equity,,1,2,,0,0,0,0,New Silk Road Landmark,0,0,New Silk Road,0,0
10294,Global Equity,Emerging Markets Public Equity,Global EM Public Equity,Global EM Public Equity,Emerging Markets Public Equity,Emerging Markets Public Equity,Global EM Public Equity,1,2,5,0,0,0,0,Acadian EM Small Cap,0,0,Acadian,0,0
10236,Global Equity,Emerging Markets Public Equity,Global EM Public Equity,Global EM Public Equity,Emerging Markets Public Equity,Emerging Markets Public Equity,Global EM Public Equity,1,2,5,0,0,0,0,East Bridge India,0,0,East Bridge Capital,0,0
10084,Global Equity,Emerging Markets Public Equity,Global EM Public Equity,Global EM Public Equity,Emerging Markets Public Equity,Emerging Markets Public Equity,Global EM Public Equity,1,2,5,0,0,0,0,HDFC India,0,0,HDFC,0,0
9993,Global Equity,Emerging Markets Public Equity,Global EM Public Equity,Global EM Public Equity,Emerging Markets Public Equity,Emerging Markets Public Equity,Global EM Public Equity,1,2,5,0,0,0,0,Marshall Wace EM,0,0,Marshall Wace,0,0
9628,Global Equity,Emerging Markets Public Equity,Global EM Public Equity,Global EM Public Equity,Emerging Markets Public Equity,Emerging Markets Public Equity,Global EM Public Equity,1,2,5,0,0,0,0,North of South EM ex-China,0,0,North of South,0,0
9247,Global Equity,Emerging Markets Public Equity,Emerging Markets Public Equity,Emerging Markets Public Equity,Emerging Markets Public Equity,Emerging Markets Public Equity,,1,2,,0,0,0,0,BlakeneyAustinAlpha,0,0,Blakeney,0,0
8713,Global Equity,Emerging Markets Public Equity,Emerging Markets Public Equity,Emerging Markets Public Equity,Emerging Markets Public Equity,Emerging Markets Public Equity,,1,2,,0,0,0,0,Albizia Opp,0,0,Albizia,0,0
8661,Global Equity,Emerging Markets Public Equity,Global EM Public Equity,Global EM Public Equity,Emerging Markets Public Equity,Emerging Markets Public Equity,Global EM Public Equity,1,2,5,0,0,0,0,Carrhae EM ex-China,0,0,Carrhae,0,0
8457,Global Equity,Emerging Markets Public Equity,Emerging Markets Public Equity,Emerging Markets Public Equity,Emerging Markets Public Equity,Emerging Markets Public Equity,,1,2,,0,0,0,0,AM Mexico,0,0,AM Capital,0,0
7845,Global Equity,Emerging Markets Public Equity,Hedge Fund Overlay,Hedge Fund Overlay,Emerging Markets Public Equity,Emerging Markets Public Equity,Hedge Fund Overlay,1,2,4,0,0,0,0,Balyasny Atlas Enhanced EM-PA,0,0,Balyasny,0,0
7221,Global Equity,Emerging Markets Public Equity,Hedge Fund Overlay,Hedge Fund Overlay,Emerging Markets Public Equity,Emerging Markets Public Equity,Hedge Fund Overlay,1,2,4,0,0,0,0,Highbridge Tactical Credit EM-PA,0,0,Highbridge,0,0
7165,Global Equity,Emerging Markets Public Equity,Global EM Public Equity,Global EM Public Equity,Emerging Markets Public Equity,Emerging Markets Public Equity,Global EM Public Equity,1,2,5,0,0,0,0,Janchor Opp I,0,0,Janchor,0,0
6808,Global Equity,Emerging Markets Public Equity,Global EM Public Equity,Global EM Public Equity,Emerging Markets Public Equity,Emerging Markets Public Equity,Global EM Public Equity,1,2,5,0,0,0,0,Two Sigma China,0,0,Two Sigma,0,0
6614,Global Equity,Emerging Markets Public Equity,Global EM Public Equity,Global EM Public Equity,Emerging Markets Public Equity,Emerging Markets Public Equity,Global EM Public Equity,1,2,5,0,0,0,0,Hillhouse China Value,0,0,Hillhouse,0,0
5937,Global Equity,Emerging Markets Public Equity,Emerging Markets Public Equity,Emerging Markets Public Equity,Emerging Markets Public Equity,Emerging Markets Public Equity,,1,2,,0,0,0,0,FIM MENA,0,0,FIM Partners,0,0
5925,Global Equity,Emerging Markets Public Equity,Global EM Public Equity,Global EM Public Equity,Emerging Markets Public Equity,Emerging Markets Public Equity,Global EM Public Equity,1,2,5,0,0,0,0,Janchor Opp II,0,0,Janchor,0,0
5909,Global Equity,Emerging Markets Public Equity,Global EM Public Equity,Global EM Public Equity,Emerging Markets Public Equity,Emerging Markets Public Equity,Global EM Public Equity,1,2,5,0,0,0,0,Springs China,0,0,Springs Capital,0,0
5564,Global Equity,Emerging Markets Public Equity,Global EM Public Equity,Global EM Public Equity,Emerging Markets Public Equity,Emerging Markets Public Equity,Global EM Public Equity,1,2,5,0,0,0,0,DimensionalEM,0,0,DFA,0,0
4937,Global Equity,Emerging Markets Public Equity,Emerging Markets Public Equity,Emerging Markets Public Equity,Emerging Markets Public Equity,Emerging Markets Public Equity,,1,2,,0,0,0,0,AR VandaPanAsia,0,0,AR Capital,0,0
4643,Global Equity,Emerging Markets Public Equity,Emerging Markets Public Equity,Emerging Markets Public Equity,Emerging Markets Public Equity,Emerging Markets Public Equity,,1,2,,0,0,0,0,Kimberlite Africa,0,0,337 Frontier,0,0
4601,Global Equity,Emerging Markets Public Equity,Global EM Public Equity,Global EM Public Equity,Emerging Markets Public Equity,Emerging Markets Public Equity,Global EM Public Equity,1,2,5,0,0,0,0,Petra Korea - Combined Returns,0,0,Petra,0,0
4406,Global Equity,Emerging Markets Public Equity,Global EM Public Equity,Global EM Public Equity,Emerging Markets Public Equity,Emerging Markets Public Equity,Global EM Public Equity,1,2,5,0,0,0,0,Charles-Lim Asia,0,0,Charles-Lim,0,0
4343,Global Equity,Emerging Markets Public Equity,Emerging Markets Public Equity,Emerging Markets Public Equity,Emerging Markets Public Equity,Emerging Markets Public Equity,,1,2,,0,0,0,0,Albizia Tenggara,0,0,Albizia,0,0
4310,Global Equity,Emerging Markets Public Equity,Emerging Markets Public Equity,Emerging Markets Public Equity,Emerging Markets Public Equity,Emerging Markets Public Equity,,1,2,,0,0,0,0,Wellington EM,0,0,Wellington,0,0
4182,Global Equity,Emerging Markets Public Equity,Hedge Fund Overlay,Hedge Fund Overlay,Emerging Markets Public Equity,Emerging Markets Public Equity,Hedge Fund Overlay,1,2,4,0,0,0,0,ExodusPoint Offshore EM-PA,0,0,ExodusPoint,0,0
4073,Global Equity,Emerging Markets Public Equity,Hedge Fund Overlay,Hedge Fund Overlay,Emerging Markets Public Equity,Emerging Markets Public Equity,Hedge Fund Overlay,1,2,4,0,0,0,0,Weiss Brookdale International EM-PA,0,0,Weiss Asset Management,0,0
4057,Global Equity,Emerging Markets Public Equity,Global EM Public Equity,Global EM Public Equity,Emerging Markets Public Equity,Emerging Markets Public Equity,Global EM Public Equity,1,2,5,0,0,0,0,White Oak EM ex-China,0,0,White Oak Capital Partners,0,0
4013,Global Equity,Emerging Markets Public Equity,Hedge Fund Overlay,Hedge Fund Overlay,Emerging Markets Public Equity,Emerging Markets Public Equity,Hedge Fund Overlay,1,2,4,0,0,0,0,Weiss Brookdale Global EM-PA,0,0,Weiss Asset Management,0,0
3984,Global Equity,Emerging Markets Public Equity,Global EM Public Equity,Global EM Public Equity,Emerging Markets Public Equity,Emerging Markets Public Equity,Global EM Public Equity,1,2,5,0,0,0,0,Acadian EM Core,0,0,Acadian,0,0
3745,Global Equity,Emerging Markets Public Equity,Emerging Markets Public Equity,Emerging Markets Public Equity,Emerging Markets Public Equity,Emerging Markets Public Equity,,1,2,,0,0,0,0,Quorum,0,0,Quorum Asset,0,0
3689,Global Equity,Emerging Markets Public Equity,Global EM Public Equity,Global EM Public Equity,Emerging Markets Public Equity,Emerging Markets Public Equity,Global EM Public Equity,1,2,5,0,0,0,0,Russian Prosperity,0,0,Prosperity,0,0
3472,Global Equity,Emerging Markets Public Equity,Global EM Public Equity,Global EM Public Equity,Emerging Markets Public Equity,Emerging Markets Public Equity,Global EM Public Equity,1,2,5,0,0,0,0,Petra Korea Small Cap,0,0,Petra,0,0
3465,Global Equity,Emerging Markets Public Equity,Global EM Public Equity,Global EM Public Equity,Emerging Markets Public Equity,Emerging Markets Public Equity,Global EM Public Equity,1,2,5,0,0,0,0,Perseverance CALO,0,0,Perseverance,0,0
3409,Global Equity,Emerging Markets Public Equity,Hedge Fund Overlay,Hedge Fund Overlay,Emerging Markets Public Equity,Emerging Markets Public Equity,Hedge Fund Overlay,1,2,4,0,0,0,0,ExodusPoint Onshore EM-PA,0,0,ExodusPoint,0,0
3349,Global Equity,Emerging Markets Public Equity,Hedge Fund Overlay,Hedge Fund Overlay,Emerging Markets Public Equity,Emerging Markets Public Equity,Hedge Fund Overlay,1,2,4,0,0,0,0,Hound Variable Beta EM-PA,0,0,Hound,0,0
3278,Global Equity,Emerging Markets Public Equity,Hedge Fund Overlay,Hedge Fund Overlay,Emerging Markets Public Equity,Emerging Markets Public Equity,Hedge Fund Overlay,1,2,4,0,0,0,0,Two Sigma Absolute Return Enhanced EM-PA,0,0,Two Sigma,0,0
3246,Global Equity,Emerging Markets Public Equity,Hedge Fund Overlay,Hedge Fund Overlay,Emerging Markets Public Equity,Emerging Markets Public Equity,Hedge Fund Overlay,1,2,4,0,0,0,0,Junto EM-PA,0,0,Junto,0,0
3124,Global Equity,Emerging Markets Public Equity,Emerging Markets Public Equity,Emerging Markets Public Equity,Emerging Markets Public Equity,Emerging Markets Public Equity,,1,2,,0,0,0,0,Saga Tree Asia LO,0,0,Saga Tree,0,0
3065,Global Equity,Emerging Markets Public Equity,Hedge Fund Overlay,Hedge Fund Overlay,Emerging Markets Public Equity,Emerging Markets Public Equity,Hedge Fund Overlay,1,2,4,0,0,0,0,Walleye EM-PA,0,0,Walleye Capital LLC,0,0
3053,Global Equity,Emerging Markets Public Equity,Global EM Public Equity,Global EM Public Equity,Emerging Markets Public Equity,Emerging Markets Public Equity,Global EM Public Equity,1,2,5,0,0,0,0,Grand Alliance Taiwan,0,0,Grand Alliance Asset Management,0,0
2828,Global Equity,Emerging Markets Public Equity,Global EM Public Equity,Global EM Public Equity,Emerging Markets Public Equity,Emerging Markets Public Equity,Global EM Public Equity,1,2,5,0,0,0,0,CCL EM,0,0,CCL,0,0
2629,Global Equity,Emerging Markets Public Equity,Global EM Public Equity,Global EM Public Equity,Emerging Markets Public Equity,Emerging Markets Public Equity,Global EM Public Equity,1,2,5,0,0,0,0,CoreView China,0,0,CoreView Capital Management,0,0
2591,Global Equity,Emerging Markets Public Equity,Hedge Fund Overlay,Hedge Fund Overlay,Emerging Markets Public Equity,Emerging Markets Public Equity,Hedge Fund Overlay,1,2,4,0,0,0,0,Juniperus EM-PA,0,0,Pillar Capital,0,0
2547,Global Equity,Emerging Markets Public Equity,Hedge Fund Overlay,Hedge Fund Overlay,Emerging Markets Public Equity,Emerging Markets Public Equity,Hedge Fund Overlay,1,2,4,0,0,0,0,Pillar TX EM-PA,0,0,Pillar Capital,0,0
2230,Global Equity,Emerging Markets Public Equity,Emerging Markets Public Equity,Emerging Markets Public Equity,Emerging Markets Public Equity,Emerging Markets Public Equity,,1,2,,0,0,0,0,LazardEM,0,0,Lazard Asset Management,0,0
2228,Global Equity,Emerging Markets Public Equity,Hedge Fund Overlay,Hedge Fund Overlay,Emerging Markets Public Equity,Emerging Markets Public Equity,Hedge Fund Overlay,1,2,4,0,0,0,0,Holocene Onshore EM-PA,0,0,Holocene,0,0
2219,Global Equity,Emerging Markets Public Equity,Global EM Public Equity,Global EM Public Equity,Emerging Markets Public Equity,Emerging Markets Public Equity,Global EM Public Equity,1,2,5,0,0,0,0,Arrowstreet EM,0,0,Arrowstreet,0,0
1993,Global Equity,Emerging Markets Public Equity,Global EM Public Equity,Global EM Public Equity,Emerging Markets Public Equity,Emerging Markets Public Equity,Global EM Public Equity,1,2,5,0,0,0,0,Hillhouse Gaoling,0,0,Hillhouse,0,0
223,Global Equity,Emerging Markets Public Equity,Emerging Markets Public Equity,Emerging Markets Public Equity,Emerging Markets Public Equity,Emerging Markets Public Equity,,1,2,,0,0,0,0,Arohi,0,0,Arohi,0,0
43357,Global Equity,Directional Hedge Funds,Event-Driven,Event-Driven,Directional Hedge Funds,Directional Hedge Funds,Event-Driven,1,4,10,0,0,0,0,Owl Creek HF,0,0,Owl Creek,0,0
41977,Global Equity,Directional Hedge Funds,SV Multi-Strat,SV Multi-Strat,Directional Hedge Funds,Directional Hedge Funds,SV Multi-Strat,1,4,8,0,0,0,0,FCOI II,0,0,Farallon,0,0
37177,Global Equity,Directional Hedge Funds,Long/Short Equity,Long/Short Equity,Directional Hedge Funds,Directional Hedge Funds,Long/Short Equity,1,4,7,0,0,0,0,Viking HF,0,0,Viking,0,0
32473,Global Equity,Directional Hedge Funds,Long/Short Equity,Long/Short Equity,Directional Hedge Funds,Directional Hedge Funds,Long/Short Equity,1,4,7,0,0,0,0,D1 HF,0,0,D1 Capital Partners,0,0
27844,Global Equity,Directional Hedge Funds,Long/Short Equity,Long/Short Equity,Directional Hedge Funds,Directional Hedge Funds,Long/Short Equity,1,4,7,0,0,0,0,Indus Japan HF,0,0,Indus,0,0
27424,Global Equity,Directional Hedge Funds,Long/Short Equity,Long/Short Equity,Directional Hedge Funds,Directional Hedge Funds,Long/Short Equity,1,4,7,0,0,0,0,Fox Point,0,0,Fox Point,0,0
27124,Global Equity,Directional Hedge Funds,SV Multi-Strat,SV Multi-Strat,Directional Hedge Funds,Directional Hedge Funds,SV Multi-Strat,1,4,8,0,0,0,0,FCOI,0,0,Farallon,0,0
25904,Global Equity,Directional Hedge Funds,Long/Short Equity,Long/Short Equity,Directional Hedge Funds,Directional Hedge Funds,Long/Short Equity,1,4,7,0,0,0,0,Two Creeks,0,0,Two Creeks,0,0
24944,Global Equity,Directional Hedge Funds,Long/Short Equity,Long/Short Equity,Directional Hedge Funds,Directional Hedge Funds,Long/Short Equity,1,4,7,0,0,0,0,Sirios II,0,0,Sirios,0,0
24464,Global Equity,Directional Hedge Funds,Event-Driven,Event-Driven,Directional Hedge Funds,Directional Hedge Funds,Event-Driven,1,4,10,0,0,0,0,Perry Commitment,0,0,Perry,0,0
24184,Global Equity,Directional Hedge Funds,Directional Credit,Directional Credit,Directional Hedge Funds,Directional Hedge Funds,Directional Credit,1,4,11,0,0,0,0,FASS III,0,0,Farallon,0,0
23938,Global Equity,Directional Hedge Funds,Directional Credit,Directional Credit,Directional Hedge Funds,Directional Hedge Funds,Directional Credit,1,4,11,0,0,0,0,Silver Point Select C,0,0,Silver Point,0,0
23465,Global Equity,Directional Hedge Funds,Directional Credit,Directional Credit,Directional Hedge Funds,Directional Hedge Funds,Directional Credit,1,4,11,0,0,0,0,Farallon Special Situations I,0,0,Farallon,0,0
23317,Global Equity,Directional Hedge Funds,Directional Credit,Directional Credit,Directional Hedge Funds,Directional Hedge Funds,Directional Credit,1,4,11,0,0,0,0,DE Shaw Alkali VI - Onshore,0,0,DE Shaw,0,0
22017,Global Equity,Directional Hedge Funds,Long/Short Equity,Long/Short Equity,Directional Hedge Funds,Directional Hedge Funds,Long/Short Equity,1,4,7,0,0,0,0,Thunderbird,0,0,Thunderbird,0,0
21488,Global Equity,Directional Hedge Funds,Long/Short Equity,Long/Short Equity,Directional Hedge Funds,Directional Hedge Funds,Long/Short Equity,1,4,7,0,0,0,0,Passport,0,0,Passport,0,0
21485,Global Equity,Directional Hedge Funds,Directional Credit,Directional Credit,Directional Hedge Funds,Directional Hedge Funds,Directional Credit,1,4,11,0,0,0,0,HPS Direct Lending,0,0,"HPS Investment Partners, LLC",0,0
20744,Global Equity,Directional Hedge Funds,Directional Credit,Directional Credit,Directional Hedge Funds,Directional Hedge Funds,Directional Credit,1,4,11,0,0,0,0,Columbus Hill Opp,0,0,Columbus Hill,0,0
20697,Global Equity,Directional Hedge Funds,Long/Short Equity,Long/Short Equity,Directional Hedge Funds,Directional Hedge Funds,Long/Short Equity,1,4,7,0,0,0,0,Tiger Consumer,0,0,Tiger Consumer,0,0
20444,Global Equity,Directional Hedge Funds,Event-Driven,Event-Driven,Directional Hedge Funds,Directional Hedge Funds,Event-Driven,1,4,10,0,0,0,0,Owl Creek CI - Yahoo/Alibaba,0,0,Owl Creek,0,0
19448,Global Equity,Directional Hedge Funds,Long/Short Equity,Long/Short Equity,Directional Hedge Funds,Directional Hedge Funds,Long/Short Equity,1,4,7,0,0,0,0,Criterion Horizons,0,0,Criterion,0,0
19333,Global Equity,Directional Hedge Funds,Directional Credit,Directional Credit,Directional Hedge Funds,Directional Hedge Funds,Directional Credit,1,4,11,0,0,0,0,Farallon Credit,0,0,Farallon,0,0
19208,Global Equity,Directional Hedge Funds,Long/Short Equity,Long/Short Equity,Directional Hedge Funds,Directional Hedge Funds,Long/Short Equity,1,4,7,0,0,0,0,CCM Special,0,0,Coghill,0,0
18778,Global Equity,Directional Hedge Funds,Directional Credit,Directional Credit,Directional Hedge Funds,Directional Hedge Funds,Directional Credit,1,4,11,0,0,0,0,Tourmalet,0,0,"Tourmalet Advisors, LP",0,0
18676,Global Equity,Directional Hedge Funds,Long/Short Equity,Long/Short Equity,Directional Hedge Funds,Directional Hedge Funds,Long/Short Equity,1,4,7,0,0,0,0,Hawk Ridge II,0,0,Hawk Ridge Capital Management,0,0
16873,Global Equity,Directional Hedge Funds,Directional Multi-Strat,Directional Multi-Strat,Directional Hedge Funds,Directional Hedge Funds,Directional Multi-Strat,1,4,9,0,0,0,0,Marshall Wace Eureka,0,0,Marshall Wace,0,0
16697,Global Equity,Directional Hedge Funds,Directional Credit,Directional Credit,Directional Hedge Funds,Directional Hedge Funds,Directional Credit,1,4,11,0,0,0,0,DE Shaw Diopter Onshore,0,0,DE Shaw,0,0
15465,Global Equity,Directional Hedge Funds,Event-Driven,Event-Driven,Directional Hedge Funds,Directional Hedge Funds,Event-Driven,1,4,10,0,0,0,0,JMB,0,0,JMB Capital,0,0
15165,Global Equity,Directional Hedge Funds,Long/Short Equity,Long/Short Equity,Directional Hedge Funds,Directional Hedge Funds,Long/Short Equity,1,4,7,0,0,0,0,Hound HF,0,0,Hound,0,0
14798,Global Equity,Directional Hedge Funds,Directional Credit,Directional Credit,Directional Hedge Funds,Directional Hedge Funds,Directional Credit,1,4,11,0,0,0,0,DE Shaw Diopter II Onshore,0,0,DE Shaw,0,0
14685,Global Equity,Directional Hedge Funds,SV Multi-Strat,SV Multi-Strat,Directional Hedge Funds,Directional Hedge Funds,SV Multi-Strat,1,4,8,0,0,0,0,Eton Park,0,0,Eton Park,0,0
14505,Global Equity,Directional Hedge Funds,Long/Short Equity,Long/Short Equity,Directional Hedge Funds,Directional Hedge Funds,Long/Short Equity,1,4,7,0,0,0,0,Eminence HF,0,0,Eminence,0,0
14383,Global Equity,Directional Hedge Funds,Long/Short Equity,Long/Short Equity,Directional Hedge Funds,Directional Hedge Funds,Long/Short Equity,1,4,7,0,0,0,0,BGI EQ GMN,0,0,BGI,0,0
14124,Global Equity,Directional Hedge Funds,Long/Short Equity,Long/Short Equity,Directional Hedge Funds,Directional Hedge Funds,Long/Short Equity,1,4,7,0,0,0,0,D1 CI - Rivian,0,0,D1 Capital Partners,0,0
13844,Global Equity,Directional Hedge Funds,Long/Short Equity,Long/Short Equity,Directional Hedge Funds,Directional Hedge Funds,Long/Short Equity,1,4,7,0,0,0,0,Blue Ridge,0,0,Blue Ridge,0,0
12908,Global Equity,Directional Hedge Funds,SV Multi-Strat,SV Multi-Strat,Directional Hedge Funds,Directional Hedge Funds,SV Multi-Strat,1,4,8,0,0,0,0,Stark,0,0,Stark,0,0
12803,Global Equity,Directional Hedge Funds,Directional Credit,Directional Credit,Directional Hedge Funds,Directional Hedge Funds,Directional Credit,1,4,11,0,0,0,0,Watershed RMBS I,0,0,Watershed,0,0
12636,Global Equity,Directional Hedge Funds,Long/Short Equity,Long/Short Equity,Directional Hedge Funds,Directional Hedge Funds,Long/Short Equity,1,4,7,0,0,0,0,Westfield,0,0,Westfield Capital,0,0
12457,Global Equity,Directional Hedge Funds,Long/Short Equity,Long/Short Equity,Directional Hedge Funds,Directional Hedge Funds,Long/Short Equity,1,4,7,0,0,0,0,Hengistbury,0,0,Hengistbury,0,0
12163,Global Equity,Directional Hedge Funds,Long/Short Equity,Long/Short Equity,Directional Hedge Funds,Directional Hedge Funds,Long/Short Equity,1,4,7,0,0,0,0,Slate Path HF,0,0,Slate Path,0,0
12086,Global Equity,Directional Hedge Funds,SV Multi-Strat,SV Multi-Strat,Directional Hedge Funds,Directional Hedge Funds,SV Multi-Strat,1,4,8,0,0,0,0,Protege,0,0,Protege,0,0
11900,Global Equity,Directional Hedge Funds,Long/Short Equity,Long/Short Equity,Directional Hedge Funds,Directional Hedge Funds,Long/Short Equity,1,4,7,0,0,0,0,Route One,0,0,Route One,0,0
11674,Global Equity,Directional Hedge Funds,Directional Credit,Directional Credit,Directional Hedge Funds,Directional Hedge Funds,Directional Credit,1,4,11,0,0,0,0,Deerfield PDIV,0,0,Deerfield,0,0
11612,Global Equity,Directional Hedge Funds,Long/Short Equity,Long/Short Equity,Directional Hedge Funds,Directional Hedge Funds,Long/Short Equity,1,4,7,0,0,0,0,Hirzel,0,0,Hirzel,0,0
11606,Global Equity,Directional Hedge Funds,Directional Multi-Strat,Directional Multi-Strat,Directional Hedge Funds,Directional Hedge Funds,Directional Multi-Strat,1,4,9,0,0,0,0,Perry,0,0,Perry,0,0
11533,Global Equity,Directional Hedge Funds,Long/Short Equity,Long/Short Equity,Directional Hedge Funds,Directional Hedge Funds,Long/Short Equity,1,4,7,0,0,0,0,Tiger Pacific,0,0,Tiger Pacific,0,0
11486,Global Equity,Directional Hedge Funds,Directional Credit,Directional Credit,Directional Hedge Funds,Directional Hedge Funds,Directional Credit,1,4,11,0,0,0,0,Sculptor Credit Opp,0,0,Sculptor,0,0
11350,Global Equity,Directional Hedge Funds,Directional Credit,Directional Credit,Directional Hedge Funds,Directional Hedge Funds,Directional Credit,1,4,11,0,0,0,0,Owl Creek Credit,0,0,Owl Creek,0,0
11293,Global Equity,Directional Hedge Funds,Long/Short Equity,Long/Short Equity,Directional Hedge Funds,Directional Hedge Funds,Long/Short Equity,1,4,7,0,0,0,0,Standard Pacific Global,0,0,Standard Pacific,0,0
11165,Global Equity,Directional Hedge Funds,Directional Credit,Directional Credit,Directional Hedge Funds,Directional Hedge Funds,Directional Credit,1,4,11,0,0,0,0,HIG WhiteHorse,0,0,H.I.G. Capital,0,0
10843,Global Equity,Directional Hedge Funds,Event-Driven,Event-Driven,Directional Hedge Funds,Directional Hedge Funds,Event-Driven,1,4,10,0,0,0,0,Kingstown,0,0,Kingstown,0,0
9968,Global Equity,Directional Hedge Funds,Directional Credit,Directional Credit,Directional Hedge Funds,Directional Hedge Funds,Directional Credit,1,4,11,0,0,0,0,Blackstone Distressed,0,0,Blackstone,0,0
9484,Global Equity,Directional Hedge Funds,Long/Short Equity,Long/Short Equity,Directional Hedge Funds,Directional Hedge Funds,Long/Short Equity,1,4,7,0,0,0,0,Criterion Partners,0,0,Criterion,0,0
9207,Global Equity,Directional Hedge Funds,Directional Credit,Directional Credit,Directional Hedge Funds,Directional Hedge Funds,Directional Credit,1,4,11,0,0,0,0,Owl Creek AR,0,0,Owl Creek,0,0
8833,Global Equity,Directional Hedge Funds,Directional Multi-Strat,Directional Multi-Strat,Directional Hedge Funds,Directional Hedge Funds,Directional Multi-Strat,1,4,9,0,0,0,0,AG Super,0,0,Angelo Gordon,0,0
7977,Global Equity,Directional Hedge Funds,Directional Credit,Directional Credit,Directional Hedge Funds,Directional Hedge Funds,Directional Credit,1,4,11,0,0,0,0,Contrarian EM II,0,0,Contrarian,0,0
7888,Global Equity,Directional Hedge Funds,Long/Short Equity,Long/Short Equity,Directional Hedge Funds,Directional Hedge Funds,Long/Short Equity,1,4,7,0,0,0,0,Hound Variable Beta,0,0,Hound,0,0
7477,Global Equity,Directional Hedge Funds,Directional Credit,Directional Credit,Directional Hedge Funds,Directional Hedge Funds,Directional Credit,1,4,11,0,0,0,0,Deerfield PDV,0,0,Deerfield,0,0
7468,Global Equity,Directional Hedge Funds,Directional Credit,Directional Credit,Directional Hedge Funds,Directional Hedge Funds,Directional Credit,1,4,11,0,0,0,0,Farallon Special Situations II,0,0,Farallon,0,0
7224,Global Equity,Directional Hedge Funds,SV Multi-Strat,SV Multi-Strat,Directional Hedge Funds,Directional Hedge Funds,SV Multi-Strat,1,4,8,0,0,0,0,Spinnaker,0,0,Spinnaker,0,0
7124,Global Equity,Directional Hedge Funds,SV Multi-Strat,SV Multi-Strat,Directional Hedge Funds,Directional Hedge Funds,SV Multi-Strat,1,4,8,0,0,0,0,OZ Europe,0,0,Sculptor,0,0
6807,Global Equity,Directional Hedge Funds,Long/Short Equity,Long/Short Equity,Directional Hedge Funds,Directional Hedge Funds,Long/Short Equity,1,4,7,0,0,0,0,Lansdowne HF,0,0,Lansdowne,0,0
6800,Global Equity,Directional Hedge Funds,Macro,Macro,Directional Hedge Funds,Directional Hedge Funds,Macro,1,4,12,0,0,0,0,Key Square SPV I,0,0,Key Square,0,0
6251,Global Equity,Directional Hedge Funds,Directional Credit,Directional Credit,Directional Hedge Funds,Directional Hedge Funds,Directional Credit,1,4,11,0,0,0,0,DE Shaw Alkali IV,0,0,DE Shaw,0,0
6245,Global Equity,Directional Hedge Funds,Long/Short Equity,Long/Short Equity,Directional Hedge Funds,Directional Hedge Funds,Long/Short Equity,1,4,7,0,0,0,0,Falcon Edge,0,0,Falcon Edge,0,0
5957,Global Equity,Directional Hedge Funds,Directional Credit,Directional Credit,Directional Hedge Funds,Directional Hedge Funds,Directional Credit,1,4,11,0,0,0,0,FASS II,0,0,Farallon,0,0
5946,Global Equity,Directional Hedge Funds,Long/Short Equity,Long/Short Equity,Directional Hedge Funds,Directional Hedge Funds,Long/Short Equity,1,4,7,0,0,0,0,ESL,0,0,ESL,0,0
5834,Global Equity,Directional Hedge Funds,Directional Credit,Directional Credit,Directional Hedge Funds,Directional Hedge Funds,Directional Credit,1,4,11,0,0,0,0,DE Shaw Alkali V - Offshore,0,0,DE Shaw,0,0
5826,Global Equity,Directional Hedge Funds,Macro,Macro,Directional Hedge Funds,Directional Hedge Funds,Macro,1,4,12,0,0,0,0,EMSO,0,0,EMSO,0,0
5825,Global Equity,Directional Hedge Funds,Long/Short Equity,Long/Short Equity,Directional Hedge Funds,Directional Hedge Funds,Long/Short Equity,1,4,7,0,0,0,0,CCM Small Cap,0,0,Coghill,0,0
5684,Global Equity,Directional Hedge Funds,Directional Credit,Directional Credit,Directional Hedge Funds,Directional Hedge Funds,Directional Credit,1,4,11,0,0,0,0,FASS,0,0,Farallon,0,0
5116,Global Equity,Directional Hedge Funds,Directional Credit,Directional Credit,Directional Hedge Funds,Directional Hedge Funds,Directional Credit,1,4,11,0,0,0,0,Farallon Overflow,0,0,Farallon,0,0
5076,Global Equity,Directional Hedge Funds,Long/Short Equity,Long/Short Equity,Directional Hedge Funds,Directional Hedge Funds,Long/Short Equity,1,4,7,0,0,0,0,Immersion,0,0,Immersion,0,0
4827,Global Equity,Directional Hedge Funds,Long/Short Equity,Long/Short Equity,Directional Hedge Funds,Directional Hedge Funds,Long/Short Equity,1,4,7,0,0,0,0,AG Realty,0,0,Angelo Gordon,0,0
4716,Global Equity,Directional Hedge Funds,Long/Short Equity,Long/Short Equity,Directional Hedge Funds,Directional Hedge Funds,Long/Short Equity,1,4,7,0,0,0,0,Soroban Opp,0,0,Soroban,0,0
4649,Global Equity,Directional Hedge Funds,Directional Credit,Directional Credit,Directional Hedge Funds,Directional Hedge Funds,Directional Credit,1,4,11,0,0,0,0,Watershed RMBS II,0,0,Watershed,0,0
4628,Global Equity,Directional Hedge Funds,Long/Short Equity,Long/Short Equity,Directional Hedge Funds,Directional Hedge Funds,Long/Short Equity,1,4,7,0,0,0,0,Steadfast Opp,0,0,Steadfast,0,0
4626,Global Equity,Directional Hedge Funds,Long/Short Equity,Long/Short Equity,Directional Hedge Funds,Directional Hedge Funds,Long/Short Equity,1,4,7,0,0,0,0,12 West,0,0,12 West,0,0
4257,Global Equity,Directional Hedge Funds,Event-Driven,Event-Driven,Directional Hedge Funds,Directional Hedge Funds,Event-Driven,1,4,10,0,0,0,0,Three Bays,0,0,Three Bays,0,0
4181,Global Equity,Directional Hedge Funds,Directional Credit,Directional Credit,Directional Hedge Funds,Directional Hedge Funds,Directional Credit,1,4,11,0,0,0,0,DE Shaw Alkali VI - Offshore,0,0,DE Shaw,0,0
4168,Global Equity,Directional Hedge Funds,Long/Short Equity,Long/Short Equity,Directional Hedge Funds,Directional Hedge Funds,Long/Short Equity,1,4,7,0,0,0,0,Dockside II,0,0,Walleye Capital LLC,0,0
4128,Global Equity,Directional Hedge Funds,Long/Short Equity,Long/Short Equity,Directional Hedge Funds,Directional Hedge Funds,Long/Short Equity,1,4,7,0,0,0,0,Valiant,0,0,Valiant,0,0
4060,Global Equity,Directional Hedge Funds,SV Multi-Strat,SV Multi-Strat,Directional Hedge Funds,Directional Hedge Funds,SV Multi-Strat,1,4,8,0,0,0,0,OZ Asia,0,0,Sculptor,0,0
3918,Global Equity,Directional Hedge Funds,Directional Credit,Directional Credit,Directional Hedge Funds,Directional Hedge Funds,Directional Credit,1,4,11,0,0,0,0,Silver Point Select B,0,0,Silver Point,0,0
3853,Global Equity,Directional Hedge Funds,Long/Short Equity,Long/Short Equity,Directional Hedge Funds,Directional Hedge Funds,Long/Short Equity,1,4,7,0,0,0,0,Soroban HF,0,0,Soroban,0,0
3740,Global Equity,Directional Hedge Funds,Directional Credit,Directional Credit,Directional Hedge Funds,Directional Hedge Funds,Directional Credit,1,4,11,0,0,0,0,Watershed,0,0,Watershed,0,0
3728,Global Equity,Directional Hedge Funds,Directional Credit,Directional Credit,Directional Hedge Funds,Directional Hedge Funds,Directional Credit,1,4,11,0,0,0,0,DE Shaw Diopter II Offshore,0,0,DE Shaw,0,0
3718,Global Equity,Directional Hedge Funds,Event-Driven,Event-Driven,Directional Hedge Funds,Directional Hedge Funds,Event-Driven,1,4,10,0,0,0,0,Senator,0,0,Senator,0,0
3693,Global Equity,Directional Hedge Funds,Long/Short Equity,Long/Short Equity,Directional Hedge Funds,Directional Hedge Funds,Long/Short Equity,1,4,7,0,0,0,0,Penta LS,0,0,Penta,0,0
3690,Global Equity,Directional Hedge Funds,Directional Credit,Directional Credit,Directional Hedge Funds,Directional Hedge Funds,Directional Credit,1,4,11,0,0,0,0,DE Shaw Diopter Offshore,0,0,DE Shaw,0,0
3576,Global Equity,Directional Hedge Funds,Long/Short Equity,Long/Short Equity,Directional Hedge Funds,Directional Hedge Funds,Long/Short Equity,1,4,7,0,0,0,0,Steadfast,0,0,Steadfast,0,0
3551,Global Equity,Directional Hedge Funds,Directional Credit,Directional Credit,Directional Hedge Funds,Directional Hedge Funds,Directional Credit,1,4,11,0,0,0,0,Farallon Special Situations III,0,0,Farallon,0,0
3396,Global Equity,Directional Hedge Funds,Directional Credit,Directional Credit,Directional Hedge Funds,Directional Hedge Funds,Directional Credit,1,4,11,0,0,0,0,Silver Point HF,0,0,Silver Point,0,0
3325,Global Equity,Directional Hedge Funds,Directional Credit,Directional Credit,Directional Hedge Funds,Directional Hedge Funds,Directional Credit,1,4,11,0,0,0,0,Oaktree TX,0,0,Oaktree,0,0
3232,Global Equity,Directional Hedge Funds,Directional Multi-Strat,Directional Multi-Strat,Directional Hedge Funds,Directional Hedge Funds,Directional Multi-Strat,1,4,9,0,0,0,0,Myriad,0,0,Myriad,0,0
3052,Global Equity,Directional Hedge Funds,Long/Short Equity,Long/Short Equity,Directional Hedge Funds,Directional Hedge Funds,Long/Short Equity,1,4,7,0,0,0,0,Maverick HF - Hedged,0,0,Maverick,0,0
3031,Global Equity,Directional Hedge Funds,SV Multi-Strat,SV Multi-Strat,Directional Hedge Funds,Directional Hedge Funds,SV Multi-Strat,1,4,8,0,0,0,0,Satellite,0,0,Satellite,0,0
2988,Global Equity,Directional Hedge Funds,Long/Short Equity,Long/Short Equity,Directional Hedge Funds,Directional Hedge Funds,Long/Short Equity,1,4,7,0,0,0,0,Penta Asia,0,0,Penta,0,0
2938,Global Equity,Directional Hedge Funds,Long/Short Equity,Long/Short Equity,Directional Hedge Funds,Directional Hedge Funds,Long/Short Equity,1,4,7,0,0,0,0,Everglades,0,0,Everglades,0,0
2578,Global Equity,Directional Hedge Funds,Long/Short Equity,Long/Short Equity,Directional Hedge Funds,Directional Hedge Funds,Long/Short Equity,1,4,7,0,0,0,0,Junto,0,0,Junto,0,0
2558,Global Equity,Directional Hedge Funds,Directional Multi-Strat,Directional Multi-Strat,Directional Hedge Funds,Directional Hedge Funds,Directional Multi-Strat,1,4,9,0,0,0,0,Myriad Direct - Didi,0,0,Myriad,0,0
2509,Global Equity,Directional Hedge Funds,Directional Credit,Directional Credit,Directional Hedge Funds,Directional Hedge Funds,Directional Credit,1,4,11,0,0,0,0,DE Shaw Alkali V - Onshore,0,0,DE Shaw,0,0
2312,Global Equity,Directional Hedge Funds,Directional Hedge Funds,Directional Hedge Funds,Directional Hedge Funds,Directional Hedge Funds,,1,4,,0,0,0,0,GS Seeding,0,0,GSAM,0,0
2278,Global Equity,Directional Hedge Funds,Long/Short Equity,Long/Short Equity,Directional Hedge Funds,Directional Hedge Funds,Long/Short Equity,1,4,7,0,0,0,0,Indus Asia Pac,0,0,Indus,0,0
1963,Global Equity,Directional Hedge Funds,Long/Short Equity,Long/Short Equity,Directional Hedge Funds,Directional Hedge Funds,Long/Short Equity,1,4,7,0,0,0,0,Janchor HF,0,0,Janchor,0,0
1933,Global Equity,Directional Hedge Funds,Long/Short Equity,Long/Short Equity,Directional Hedge Funds,Directional Hedge Funds,Long/Short Equity,1,4,7,0,0,0,0,Highside,0,0,Highside,0,0
1816,Global Equity,Directional Hedge Funds,Long/Short Equity,Long/Short Equity,Directional Hedge Funds,Directional Hedge Funds,Long/Short Equity,1,4,7,0,0,0,0,Gotham DH,0,0,Gotham,0,0
1780,Global Equity,Directional Hedge Funds,Long/Short Equity,Long/Short Equity,Directional Hedge Funds,Directional Hedge Funds,Long/Short Equity,1,4,7,0,0,0,0,Deerfield Partners,0,0,Deerfield,0,0
1267,Global Equity,Directional Hedge Funds,Long/Short Equity,Long/Short Equity,Directional Hedge Funds,Directional Hedge Funds,Long/Short Equity,1,4,7,0,0,0,0,Foundation,0,0,Foundation,0,0
1126,Global Equity,Directional Hedge Funds,Directional Multi-Strat,Directional Multi-Strat,Directional Hedge Funds,Directional Hedge Funds,Directional Multi-Strat,1,4,9,0,0,0,0,Farallon CIP VI,0,0,Farallon,0,0
1056,Global Equity,Directional Hedge Funds,Long/Short Equity,Long/Short Equity,Directional Hedge Funds,Directional Hedge Funds,Long/Short Equity,1,4,7,0,0,0,0,Eminence LA,0,0,Eminence,0,0
964,Global Equity,Directional Hedge Funds,Directional Credit,Directional Credit,Directional Hedge Funds,Directional Hedge Funds,Directional Credit,1,4,11,0,0,0,0,Deerfield PDII,0,0,Deerfield,0,0
905,Global Equity,Directional Hedge Funds,Long/Short Equity,Long/Short Equity,Directional Hedge Funds,Directional Hedge Funds,Long/Short Equity,1,4,7,0,0,0,0,Eminence II,0,0,Eminence,0,0
876,Global Equity,Directional Hedge Funds,Directional Credit,Directional Credit,Directional Hedge Funds,Directional Hedge Funds,Directional Credit,1,4,11,0,0,0,0,Deerfield PDIII,0,0,Deerfield,0,0
844,Global Equity,Directional Hedge Funds,Event-Driven,Event-Driven,Directional Hedge Funds,Directional Hedge Funds,Event-Driven,1,4,10,0,0,0,0,Columbus Hill Partners,0,0,Columbus Hill,0,0
788,Global Equity,Directional Hedge Funds,Long/Short Equity,Long/Short Equity,Directional Hedge Funds,Directional Hedge Funds,Long/Short Equity,1,4,7,0,0,0,0,TPG TPEP HF,0,0,TPG Capital,0,0
643,Global Equity,Directional Hedge Funds,Directional Credit,Directional Credit,Directional Hedge Funds,Directional Hedge Funds,Directional Credit,1,4,11,0,0,0,0,Centerbridge,0,0,Centerbridge,0,0
590,Global Equity,Directional Hedge Funds,Long/Short Equity,Long/Short Equity,Directional Hedge Funds,Directional Hedge Funds,Long/Short Equity,1,4,7,0,0,0,0,Axon,0,0,Axon,0,0
516,Global Equity,Directional Hedge Funds,Long/Short Equity,Long/Short Equity,Directional Hedge Funds,Directional Hedge Funds,Long/Short Equity,1,4,7,0,0,0,0,Cadian,0,0,Cadian,0,0
468,Global Equity,Directional Hedge Funds,Directional Multi-Strat,Directional Multi-Strat,Directional Hedge Funds,Directional Hedge Funds,Directional Multi-Strat,1,4,9,0,0,0,0,Baupost,0,0,Baupost,0,0
446,Global Equity,Directional Hedge Funds,Long/Short Equity,Long/Short Equity,Directional Hedge Funds,Directional Hedge Funds,Long/Short Equity,1,4,7,0,0,0,0,Brahman,0,0,Brahman,0,0
304,Global Equity,Directional Hedge Funds,Macro,Macro,Directional Hedge Funds,Directional Hedge Funds,Macro,1,4,12,0,0,0,0,Autonomy,0,0,Autonomy,0,0
265,Global Equity,Directional Hedge Funds,Long/Short Equity,Long/Short Equity,Directional Hedge Funds,Directional Hedge Funds,Long/Short Equity,1,4,7,0,0,0,0,Aravt,0,0,Aravt,0,0
46237,Global Equity,Private Equity,PE - Emerging Markets,PE - Emerging Markets,Private Equity,Private Equity,PE - Emerging Markets,1,5,15,0,0,0,0,Victoria II CI - GLG,0,0,Victoria,0,0
43237,Global Equity,Private Equity,PE - Credit,PE - Credit,Private Equity,Private Equity,PE - Credit,1,5,16,0,0,0,0,Oaktree Opp VII,0,0,Oaktree,0,0
43057,Global Equity,Private Equity,PE - Credit,PE - Credit,Private Equity,Private Equity,PE - Credit,1,5,16,0,0,0,0,MatlinPatterson III,0,0,MatlinPatterson,0,0
41197,Global Equity,Private Equity,PE - Emerging Markets,PE - Emerging Markets,Private Equity,Private Equity,PE - Emerging Markets,1,5,15,0,0,0,0,Baring Asia IV,0,0,Baring Asia,0,0
39397,Global Equity,Private Equity,PE - Credit,PE - Credit,Private Equity,Private Equity,PE - Credit,1,5,16,0,0,0,0,Tree Line Capital LLC,0,0,Tree Line Capital,0,0
33577,Global Equity,Private Equity,PE - Credit,PE - Credit,Private Equity,Private Equity,PE - Credit,1,5,16,0,0,0,0,Centerbridge I,0,0,Centerbridge,0,0
33037,Global Equity,Private Equity,PE - Emerging Markets,PE - Emerging Markets,Private Equity,Private Equity,PE - Emerging Markets,1,5,15,0,0,0,0,Baring Vostok V,0,0,Baring Vostok,0,0
32293,Global Equity,Private Equity,PE - Emerging Markets,PE - Emerging Markets,Private Equity,Private Equity,PE - Emerging Markets,1,5,15,0,0,0,0,Riverwood III - LatAm,0,0,Riverwood Capital Ventures,0,0
29977,Global Equity,Private Equity,PE - Credit,PE - Credit,Private Equity,Private Equity,PE - Credit,1,5,16,0,0,0,0,Tree Line Direct Lending GP LLC,0,0,Tree Line Capital,0,0
27133,Global Equity,Private Equity,PE - Credit,PE - Credit,Private Equity,Private Equity,PE - Credit,1,5,16,0,0,0,0,Northstar Seidler Mezz II,0,0,Northstar Capital,0,0
23007,Global Equity,Private Equity,PE - Credit,PE - Credit,Private Equity,Private Equity,PE - Credit,1,5,16,0,0,0,0,Mt Kellett III CI Vehicle,0,0,Mt Kellett,0,0
22857,Global Equity,Private Equity,PE - Emerging Markets,PE - Emerging Markets,Private Equity,Private Equity,PE - Emerging Markets,1,5,15,0,0,0,0,Falcon House II,0,0,Falcon House,0,0
22116,Global Equity,Private Equity,PE - Emerging Markets,PE - Emerging Markets,Private Equity,Private Equity,PE - Emerging Markets,1,5,15,0,0,0,0,Everstone III CI - Indostar,0,0,Everstone,0,0
21996,Global Equity,Private Equity,PE - Emerging Markets,PE - Emerging Markets,Private Equity,Private Equity,PE - Emerging Markets,1,5,15,0,0,0,0,Night Sky IV,0,0,Northstar Equity,0,0
21644,Global Equity,Private Equity,PE - Emerging Markets,PE - Emerging Markets,Private Equity,Private Equity,PE - Emerging Markets,1,5,15,0,0,0,0,Actis India EM III,0,0,Actis Capital,0,0
21368,Global Equity,Private Equity,PE - Credit,PE - Credit,Private Equity,Private Equity,PE - Credit,1,5,16,0,0,0,0,Oaktree Opp III,0,0,Oaktree,0,0
21253,Global Equity,Private Equity,PE - Emerging Markets,PE - Emerging Markets,Private Equity,Private Equity,PE - Emerging Markets,1,5,15,0,0,0,0,Northstar II,0,0,Northstar Equity,0,0
21248,Global Equity,Private Equity,PE - Emerging Markets,PE - Emerging Markets,Private Equity,Private Equity,PE - Emerging Markets,1,5,15,0,0,0,0,NewMargin I,0,0,NewMargin,0,0
20612,Global Equity,Private Equity,PE - Credit,PE - Credit,Private Equity,Private Equity,PE - Credit,1,5,16,0,0,0,0,Gemspring Growth Solutions II,0,0,Gemspring,0,0
20288,Global Equity,Private Equity,PE - Credit,PE - Credit,Private Equity,Private Equity,PE - Credit,1,5,16,0,0,0,0,HIG Bayside II,0,0,H.I.G. Capital,0,0
19484,Global Equity,Private Equity,PE - Emerging Markets,PE - Emerging Markets,Private Equity,Private Equity,PE - Emerging Markets,1,5,15,0,0,0,0,L Catterton II CI - St Marche,0,0,L Catterton,0,0
19336,Global Equity,Private Equity,PE - Credit,PE - Credit,Private Equity,Private Equity,PE - Credit,1,5,16,0,0,0,0,Apollo Hybrid Value III,0,0,Apollo Global,0,0
18598,Global Equity,Private Equity,PE - Emerging Markets,PE - Emerging Markets,Private Equity,Private Equity,PE - Emerging Markets,1,5,15,0,1,0,1,Total Private Emerging Markets,1,0,UTIMCO,0,1
18547,Global Equity,Private Equity,PE - Credit,PE - Credit,Private Equity,Private Equity,PE - Credit,1,5,16,0,0,0,0,Fortress FCO MA LSS II - DBSO TRG SubCo,0,0,Fortress,0,0
18464,Global Equity,Private Equity,PE - Emerging Markets,PE - Emerging Markets,Private Equity,Private Equity,PE - Emerging Markets,1,5,15,0,0,0,0,L Catterton LatAm II B,0,0,L Catterton,0,0
17676,Global Equity,Private Equity,PE - Credit,PE - Credit,Private Equity,Private Equity,PE - Credit,1,5,16,0,0,0,0,CVI Global A-I Top Off,0,0,CarVal,0,0
16636,Global Equity,Private Equity,PE - Credit,PE - Credit,Private Equity,Private Equity,PE - Credit,1,5,16,0,0,0,0,Escalate IV,0,0,Escalate,0,0
16478,Global Equity,Private Equity,PE - Credit,PE - Credit,Private Equity,Private Equity,PE - Credit,1,5,16,0,0,0,0,Clearlake Opp III,0,0,Clearlake,0,0
16467,Global Equity,Private Equity,PE - Credit,PE - Credit,Private Equity,Private Equity,PE - Credit,1,5,16,0,0,0,0,Fortress Lending II,0,0,Fortress,0,0
16387,Global Equity,Private Equity,PE - Emerging Markets,PE - Emerging Markets,Private Equity,Private Equity,PE - Emerging Markets,1,5,15,0,0,0,0,Hillhouse IV,0,0,Hillhouse,0,0
16118,Global Equity,Private Equity,PE - Credit,PE - Credit,Private Equity,Private Equity,PE - Credit,1,5,16,0,0,0,0,PIMCO CI - Aviation,0,0,PIMCO,0,0
15458,Global Equity,Private Equity,PE - Credit,PE - Credit,Private Equity,Private Equity,PE - Credit,1,5,16,0,0,0,0,Canyon Distressed S2,0,0,Canyon Partners,0,0
14547,Global Equity,Private Equity,PE - Emerging Markets,PE - Emerging Markets,Private Equity,Private Equity,PE - Emerging Markets,1,5,15,0,0,0,0,Distributed Stock - EM,0,0,UTIMCO,0,0
14470,Global Equity,Private Equity,PE - Credit,PE - Credit,Private Equity,Private Equity,PE - Credit,1,5,16,0,0,0,0,Tree Line Credit - CI Vehicle,0,0,Tree Line Capital,0,0
13580,Global Equity,Private Equity,PE - Credit,PE - Credit,Private Equity,Private Equity,PE - Credit,1,5,16,0,0,0,0,Tree Line Direct Lending I,0,0,Tree Line Capital,0,0
13526,Global Equity,Private Equity,PE - Credit,PE - Credit,Private Equity,Private Equity,PE - Credit,1,5,16,0,0,0,0,Escalate III,0,0,Escalate,0,0
13096,Global Equity,Private Equity,PE - Emerging Markets,PE - Emerging Markets,Private Equity,Private Equity,PE - Emerging Markets,1,5,15,0,0,0,0,Hillhouse II,0,0,Hillhouse,0,0
12997,Global Equity,Private Equity,PE - Credit,PE - Credit,Private Equity,Private Equity,PE - Credit,1,5,16,0,0,0,0,Oaktree Opp VIIIb,0,0,Oaktree,0,0
12856,Global Equity,Private Equity,PE - Emerging Markets,PE - Emerging Markets,Private Equity,Private Equity,PE - Emerging Markets,1,5,15,0,0,0,0,Everstone CI - F&B,0,0,Everstone,0,0
12064,Global Equity,Private Equity,PE - Credit,PE - Credit,Private Equity,Private Equity,PE - Credit,1,5,16,0,0,0,0,Mt Kellett III Parallel,0,0,Mt Kellett,0,0
11977,Global Equity,Private Equity,PE - Emerging Markets,PE - Emerging Markets,Private Equity,Private Equity,PE - Emerging Markets,1,5,15,0,0,0,0,Gobi II,0,0,Gobi,0,0
11653,Global Equity,Private Equity,PE - Emerging Markets,PE - Emerging Markets,Private Equity,Private Equity,PE - Emerging Markets,1,5,15,0,0,0,0,Turkven III,0,0,Turkven,0,0
11457,Global Equity,Private Equity,PE - Credit,PE - Credit,Private Equity,Private Equity,PE - Credit,1,5,16,0,0,0,0,Oaktree Opp VIII,0,0,Oaktree,0,0
11416,Global Equity,Private Equity,PE - Credit,PE - Credit,Private Equity,Private Equity,PE - Credit,1,5,16,0,0,0,0,Oaktree Opp VIIb,0,0,Oaktree,0,0
11183,Global Equity,Private Equity,PE - Credit,PE - Credit,Private Equity,Private Equity,PE - Credit,1,5,16,0,0,0,0,Mt Kellett II,0,0,Mt Kellett,0,0
10836,Global Equity,Private Equity,PE - Credit,PE - Credit,Private Equity,Private Equity,PE - Credit,1,5,16,0,0,0,0,Fortress FCO MA LSS I,0,0,Fortress,0,0
10643,Global Equity,Private Equity,PE - Emerging Markets,PE - Emerging Markets,Private Equity,Private Equity,PE - Emerging Markets,1,5,15,0,0,0,0,Helios II,0,0,Helios,0,0
10568,Global Equity,Private Equity,PE - Emerging Markets,PE - Emerging Markets,Private Equity,Private Equity,PE - Emerging Markets,1,5,15,0,0,0,0,Emerald Hill III,0,0,Emerald Hill,0,0
10508,Global Equity,Private Equity,PE - Credit,PE - Credit,Private Equity,Private Equity,PE - Credit,1,5,16,0,0,0,0,DDJ Loan,0,0,DDJ,0,0
9910,Global Equity,Private Equity,PE - Credit,PE - Credit,Private Equity,Private Equity,PE - Credit,1,5,16,0,0,0,0,Escalate I,0,0,Escalate,0,0
9583,Global Equity,Private Equity,PE - Credit,PE - Credit,Private Equity,Private Equity,PE - Credit,1,5,16,0,0,0,0,CVI Global A-I,0,0,CarVal,0,0
9434,Global Equity,Private Equity,PE - Credit,PE - Credit,Private Equity,Private Equity,PE - Credit,1,5,16,0,0,0,0,Canyon Laurel II,0,0,Canyon Real Estate,0,0
9323,Global Equity,Private Equity,PE - Credit,PE - Credit,Private Equity,Private Equity,PE - Credit,1,5,16,0,0,0,0,Avenue Asia SS IV,0,0,Avenue Capital,0,0
9096,Global Equity,Private Equity,PE - Credit,PE - Credit,Private Equity,Private Equity,PE - Credit,1,5,16,0,0,0,0,Apollo Credit Opp II,0,0,Apollo Global,0,0
8976,Global Equity,Private Equity,PE - Credit,PE - Credit,Private Equity,Private Equity,PE - Credit,1,5,16,0,0,0,0,Angelo Gordon CR V,0,0,Angelo Gordon,0,0
8900,Global Equity,Private Equity,PE - Emerging Markets,PE - Emerging Markets,Private Equity,Private Equity,PE - Emerging Markets,1,5,15,0,0,0,0,Axxon Brazil Opp III,0,0,Axxon,0,0
8743,Global Equity,Private Equity,PE - Emerging Markets,PE - Emerging Markets,Private Equity,Private Equity,PE - Emerging Markets,1,5,15,0,0,0,0,Altra II,0,0,Altra,0,0
7785,Global Equity,Private Equity,PE - Credit,PE - Credit,Private Equity,Private Equity,PE - Credit,1,5,16,0,0,0,0,Escalate V,0,0,Escalate,0,0
7769,Global Equity,Private Equity,PE - Emerging Markets,PE - Emerging Markets,Private Equity,Private Equity,PE - Emerging Markets,1,5,15,0,0,0,0,Helios II CI - Vivo,0,0,Helios,0,0
7679,Global Equity,Private Equity,PE - Credit,PE - Credit,Private Equity,Private Equity,PE - Credit,1,5,16,0,0,0,0,MatlinPatterson II,0,0,MatlinPatterson,0,0
7396,Global Equity,Private Equity,PE - Credit,PE - Credit,Private Equity,Private Equity,PE - Credit,1,5,16,0,0,0,0,Silver Point Distressed Opp,0,0,Silver Point,0,0
7146,Global Equity,Private Equity,PE - Credit,PE - Credit,Private Equity,Private Equity,PE - Credit,1,5,16,0,0,0,0,Oaktree Opp V,0,0,Oaktree,0,0
6884,Global Equity,Private Equity,PE - Credit,PE - Credit,Private Equity,Private Equity,PE - Credit,1,5,16,0,0,0,0,Oaktree Opp IX,0,0,Oaktree,0,0
6126,Global Equity,Private Equity,PE - Credit,PE - Credit,Private Equity,Private Equity,PE - Credit,1,5,16,0,0,0,0,Fortress Credit I,0,0,Fortress,0,0
6104,Global Equity,Private Equity,PE - Emerging Markets,PE - Emerging Markets,Private Equity,Private Equity,PE - Emerging Markets,1,5,15,0,0,0,0,Helios III,0,0,Helios,0,0
6097,Global Equity,Private Equity,PE - Credit,PE - Credit,Private Equity,Private Equity,PE - Credit,1,5,16,0,0,0,0,Tree Line Direct Lending II,0,0,Tree Line Capital,0,0
5606,Global Equity,Private Equity,PE - Emerging Markets,PE - Emerging Markets,Private Equity,Private Equity,PE - Emerging Markets,1,5,15,0,0,0,0,Hillhouse III,0,0,Hillhouse,0,0
5117,Global Equity,Private Equity,PE - Credit,PE - Credit,Private Equity,Private Equity,PE - Credit,1,5,16,0,0,0,0,Avenue SS V,0,0,Avenue Capital,0,0
4570,Global Equity,Private Equity,PE - Emerging Markets,PE - Emerging Markets,Private Equity,Private Equity,PE - Emerging Markets,1,5,15,0,0,0,0,L Catterton LatAm II,0,0,L Catterton,0,0
4529,Global Equity,Private Equity,PE - Credit,PE - Credit,Private Equity,Private Equity,PE - Credit,1,5,16,0,0,0,0,Varde VIII,0,0,Varde,0,0
4451,Global Equity,Private Equity,PE - Credit,PE - Credit,Private Equity,Private Equity,PE - Credit,1,5,16,0,0,0,0,Apollo Hybrid Value III CI,0,0,Apollo Global,0,0
4417,Global Equity,Private Equity,PE - Credit,PE - Credit,Private Equity,Private Equity,PE - Credit,1,5,16,0,0,0,0,OHA Osiris Credit Opp,0,0,Oak Hill Advisors,0,0
4386,Global Equity,Private Equity,PE - Credit,PE - Credit,Private Equity,Private Equity,PE - Credit,1,5,16,0,1,0,1,Total Private Credit,1,0,UTIMCO,0,1
4236,Global Equity,Private Equity,PE - Credit,PE - Credit,Private Equity,Private Equity,PE - Credit,1,5,16,0,0,0,0,Varde X,0,0,Varde,0,0
4213,Global Equity,Private Equity,PE - Credit,PE - Credit,Private Equity,Private Equity,PE - Credit,1,5,16,0,0,0,0,Varde IX,0,0,Varde,0,0
4123,Global Equity,Private Equity,PE - Emerging Markets,PE - Emerging Markets,Private Equity,Private Equity,PE - Emerging Markets,1,5,15,0,0,0,0,Victoria II,0,0,Victoria,0,0
3393,Global Equity,Private Equity,PE - Emerging Markets,PE - Emerging Markets,Private Equity,Private Equity,PE - Emerging Markets,1,5,15,0,0,0,0,Northstar III,0,0,Northstar Equity,0,0
3269,Global Equity,Private Equity,PE - Credit,PE - Credit,Private Equity,Private Equity,PE - Credit,1,5,16,0,0,0,0,Oaktree Opp VI,0,0,Oaktree,0,0
2742,Global Equity,Private Equity,PE - Emerging Markets,PE - Emerging Markets,Private Equity,Private Equity,PE - Emerging Markets,1,5,15,0,0,0,0,Hillhouse V Feeder,0,0,Hillhouse,0,0
2486,Global Equity,Private Equity,PE - Emerging Markets,PE - Emerging Markets,Private Equity,Private Equity,PE - Emerging Markets,1,5,15,0,0,0,0,Russia Partners III,0,0,Russia Partners,0,0
2483,Global Equity,Private Equity,PE - Credit,PE - Credit,Private Equity,Private Equity,PE - Credit,1,5,16,0,0,0,0,Oaktree Opp IV,0,0,Oaktree,0,0
2304,Global Equity,Private Equity,PE - Credit,PE - Credit,Private Equity,Private Equity,PE - Credit,1,5,16,0,0,0,0,Silver Point Distressed Opp II,0,0,Silver Point,0,0
2270,Global Equity,Private Equity,PE - Emerging Markets,PE - Emerging Markets,Private Equity,Private Equity,PE - Emerging Markets,1,5,15,0,0,0,0,Horizon EEGF II,0,0,Horizon,0,0
2190,Global Equity,Private Equity,PE - Credit,PE - Credit,Private Equity,Private Equity,PE - Credit,1,5,16,0,0,0,0,Fortress Legal Assets I,0,0,Fortress,0,0
2086,Global Equity,Private Equity,PE - Credit,PE - Credit,Private Equity,Private Equity,PE - Credit,1,5,16,0,0,0,0,Fortress Lending I,0,0,Fortress,0,0
1917,Global Equity,Private Equity,PE - Emerging Markets,PE - Emerging Markets,Private Equity,Private Equity,PE - Emerging Markets,1,5,15,0,0,0,0,Gavea III,0,0,Gavea,0,0
1840,Global Equity,Private Equity,PE - Emerging Markets,PE - Emerging Markets,Private Equity,Private Equity,PE - Emerging Markets,1,5,15,0,0,0,0,Emerald Hill II CI - A,0,0,Emerald Hill,0,0
1769,Global Equity,Private Equity,PE - Emerging Markets,PE - Emerging Markets,Private Equity,Private Equity,PE - Emerging Markets,1,5,15,0,0,0,0,Everstone III,0,0,Everstone,0,0
1721,Global Equity,Private Equity,PE - Credit,PE - Credit,Private Equity,Private Equity,PE - Credit,1,5,16,0,0,0,0,Canyon Distressed S3,0,0,Canyon Partners,0,0
1713,Global Equity,Private Equity,PE - Emerging Markets,PE - Emerging Markets,Private Equity,Private Equity,PE - Emerging Markets,1,5,15,0,0,0,0,Emerald Hill II,0,0,Emerald Hill,0,0
1481,Global Equity,Private Equity,PE - Credit,PE - Credit,Private Equity,Private Equity,PE - Credit,1,5,16,0,0,0,0,Fortress FCO MA LSS II (Disregarded Entity),0,0,Fortress,0,0
1423,Global Equity,Private Equity,PE - Emerging Markets,PE - Emerging Markets,Private Equity,Private Equity,PE - Emerging Markets,1,5,15,0,0,0,0,Everstone II,0,0,Everstone,0,0
1365,Global Equity,Private Equity,PE - Emerging Markets,PE - Emerging Markets,Private Equity,Private Equity,PE - Emerging Markets,1,5,15,0,0,0,0,Hillhouse Growth V,0,0,Hillhouse,0,0
1084,Global Equity,Private Equity,PE - Emerging Markets,PE - Emerging Markets,Private Equity,Private Equity,PE - Emerging Markets,1,5,15,0,0,0,0,Emerald Hill III CI - A,0,0,Emerald Hill,0,0
1043,Global Equity,Private Equity,PE - Emerging Markets,PE - Emerging Markets,Private Equity,Private Equity,PE - Emerging Markets,1,5,15,0,0,0,0,Emerald Hill I,0,0,Emerald Hill,0,0
978,Global Equity,Private Equity,PE - Emerging Markets,PE - Emerging Markets,Private Equity,Private Equity,PE - Emerging Markets,1,5,15,0,0,0,0,L Catterton CI - LC Sports (Wills),0,0,L Catterton,0,0
867,Global Equity,Private Equity,PE - Credit,PE - Credit,Private Equity,Private Equity,PE - Credit,1,5,16,0,0,0,0,Fortress FCO MA LSS II - FCO V SubCo,0,0,Fortress,0,0
727,Global Equity,Private Equity,PE - Credit,PE - Credit,Private Equity,Private Equity,PE - Credit,1,5,16,0,0,0,0,Cerberus IV,0,0,Cerberus,0,0
391,Global Equity,Private Equity,PE - Emerging Markets,PE - Emerging Markets,Private Equity,Private Equity,PE - Emerging Markets,1,5,15,0,0,0,0,Ashmore GSS IV,0,0,Ashmore,0,0
368,Global Equity,Private Equity,PE - Credit,PE - Credit,Private Equity,Private Equity,PE - Credit,1,5,16,0,0,0,0,Canyon Distressed S1,0,0,Canyon Partners,0,0
43,Global Equity,Private Equity,PE - Emerging Markets,PE - Emerging Markets,Private Equity,Private Equity,PE - Emerging Markets,1,5,15,0,0,0,0,Actis Africa EM III,0,0,Actis Capital,0,0
8709,Global Equity,Private Equity,Private Equity,Private Equity,Private Equity,Private Equity,,1,5,,1,1,0,0,Total Private Equity,1,1,UTIMCO,0,0
15804,Global Equity,Private Equity,Private Equity,Private Equity,Private Equity,Private Equity,,1,5,,0,1,0,0,Total Private Equity Ex Emerging Markets,0,1,UTIMCO,0,0
42937,Global Equity,Private Equity,Private Equity,Private Equity,Private Equity,Private Equity,,1,5,,0,0,0,0,Lighthouse V,0,0,Lighthouse,0,0
42757,Global Equity,Private Equity,Private Equity,Private Equity,Private Equity,Private Equity,,1,5,,0,0,0,0,Knightsbridge Completion 2005,0,0,Knightsbridge,0,0
42697,Global Equity,Private Equity,Private Equity,Private Equity,Private Equity,Private Equity,,1,5,,0,0,0,0,KKR 2006,0,0,KKR Associates,0,0
42277,Global Equity,Private Equity,Private Equity,Private Equity,Private Equity,Private Equity,,1,5,,0,0,0,0,LGP Green Equity III,0,0,Leonard Green,0,0
37417,Global Equity,Private Equity,Private Equity,Private Equity,Private Equity,Private Equity,,1,5,,0,0,0,0,Wingate II,0,0,Wingate,0,0
34777,Global Equity,Private Equity,Private Equity,Private Equity,Private Equity,Private Equity,,1,5,,0,0,0,0,Halpern Denny III,0,0,Halpern Denny,0,0
30364,Global Equity,Private Equity,Private Equity,Private Equity,Private Equity,Private Equity,,1,5,,0,0,0,0,Willis Stein III,0,0,Willis Stein,0,0
28564,Global Equity,Private Equity,Private Equity,Private Equity,Private Equity,Private Equity,,1,5,,0,0,0,0,ZN Mexico II,0,0,Nexxus,0,0
27277,Global Equity,Private Equity,Private Equity,Private Equity,Private Equity,Private Equity,,1,5,,0,0,0,0,North American II,0,0,North American Fund,0,0
26584,Global Equity,Private Equity,Private Equity,Private Equity,Private Equity,Private Equity,,1,5,,0,0,0,0,CP V,0,0,Carlyle PE,0,0
25993,Global Equity,Private Equity,Private Equity,Private Equity,Private Equity,Private Equity,,1,5,,0,0,0,0,CGW IV,0,0,"CGW (Cravey, Green & Wahlen)",0,0
25933,Global Equity,Private Equity,Private Equity,Private Equity,Private Equity,Private Equity,,1,5,,0,0,0,0,CDR V,0,0,"CDR (Clayton, Dubilier & Rice)",0,0
25444,Global Equity,Private Equity,Private Equity,Private Equity,Private Equity,Private Equity,,1,5,,0,0,0,0,3i UK II,0,0,3i North American,0,0
25357,Global Equity,Private Equity,Private Equity,Private Equity,Private Equity,Private Equity,,1,5,,0,0,0,0,CP II,0,0,Carlyle PE,0,0
24764,Global Equity,Private Equity,Private Equity,Private Equity,Private Equity,Private Equity,,1,5,,0,0,0,0,Asian Corporate Finance,0,0,Prime Genpar,0,0
24637,Global Equity,Private Equity,Private Equity,Private Equity,Private Equity,Private Equity,,1,5,,0,0,0,0,Angelo Gordon CR IV,0,0,Angelo Gordon,0,0
23787,Global Equity,Private Equity,Private Equity,Private Equity,Private Equity,Private Equity,,1,5,,0,0,0,0,Prism Venture I,0,0,Prism Venture,0,0
22527,Global Equity,Private Equity,Private Equity,Private Equity,Private Equity,Private Equity,,1,5,,0,0,0,0,ITV II,0,0,ITV,0,0
21944,Global Equity,Private Equity,Private Equity,Private Equity,Private Equity,Private Equity,,1,5,,0,0,0,0,Applied Technologies III,0,0,Applied Technologies,0,0
20524,Global Equity,Private Equity,Private Equity,Private Equity,Private Equity,Private Equity,,1,5,,0,0,0,0,Prism Venture II,0,0,Prism Venture,0,0
20187,Global Equity,Private Equity,Private Equity,Private Equity,Private Equity,Private Equity,,1,5,,0,0,0,0,Ampersand 1999,0,0,Ampersand,0,0
19557,Global Equity,Private Equity,Private Equity,Private Equity,Private Equity,Private Equity,,1,5,,0,0,0,0,Philadelphia Ventures II,0,0,Philadelphia Ventures,0,0
19176,Global Equity,Private Equity,Private Equity,Private Equity,Private Equity,Private Equity,,1,5,,0,0,0,0,Integral VII,0,0,Integral,0,0
18908,Global Equity,Private Equity,Private Equity,Private Equity,Private Equity,Private Equity,,1,5,,0,0,0,0,CP III,0,0,Carlyle PE,0,0
17616,Global Equity,Private Equity,Private Equity,Private Equity,Private Equity,Private Equity,,1,5,,0,0,0,0,Candover 2001,0,0,Candover,0,0
17037,Global Equity,Private Equity,Private Equity,Private Equity,Private Equity,Private Equity,,1,5,,0,0,0,0,3i UK I,0,0,3i North American,0,0
15104,Global Equity,Private Equity,Private Equity,Private Equity,Private Equity,Private Equity,,1,5,,0,0,0,0,KB Mezz II,0,0,Kleinwort Benson,0,0
13244,Global Equity,Private Equity,Private Equity,Private Equity,Private Equity,Private Equity,,1,5,,0,0,0,0,3i Euro II,0,0,3i North American,0,0
13185,Global Equity,Private Equity,Private Equity,Private Equity,Private Equity,Private Equity,,1,5,,0,0,0,0,SKM III,0,0,Apax (SKM),0,0
13017,Global Equity,Private Equity,Private Equity,Private Equity,Private Equity,Private Equity,,1,5,,0,0,0,0,Willis Stein II,0,0,Willis Stein,0,0
12632,Global Equity,Private Equity,Private Equity,Private Equity,Private Equity,Private Equity,,1,5,,0,0,0,0,Prism Venture III,0,0,Prism Venture,0,0
12566,Global Equity,Private Equity,Private Equity,Private Equity,Private Equity,Private Equity,,1,5,,0,0,0,0,Songbird Common,0,0,Songbird,0,0
11966,Global Equity,Private Equity,Private Equity,Private Equity,Private Equity,Private Equity,,1,5,,0,0,0,0,Prism Venture IIA,0,0,Prism Venture,0,0
11879,Global Equity,Private Equity,Private Equity,Private Equity,Private Equity,Private Equity,,1,5,,0,0,0,0,SCF - Vautron Warrants,0,0,SCF,0,0
11846,Global Equity,Private Equity,Private Equity,Private Equity,Private Equity,Private Equity,,1,5,,0,0,0,0,Prime VIII,0,0,Prime New Ventures,0,0
11312,Global Equity,Private Equity,Private Equity,Private Equity,Private Equity,Private Equity,,1,5,,0,0,0,0,GSO TXLC,0,0,GSO Capital Partners,0,0
10747,Global Equity,Private Equity,Private Equity,Private Equity,Private Equity,Private Equity,,1,5,,0,0,0,0,JW Childs III,0,0,JW Childs,0,0
10580,Global Equity,Private Equity,Private Equity,Private Equity,Private Equity,Private Equity,,1,5,,0,0,0,0,Halpern Denny II,0,0,Halpern Denny,0,0
10432,Global Equity,Private Equity,Private Equity,Private Equity,Private Equity,Private Equity,,1,5,,0,0,0,0,Hampshire III,0,0,Hampshire,0,0
10336,Global Equity,Private Equity,Private Equity,Private Equity,Private Equity,Private Equity,,1,5,,0,0,0,0,Inverness I,0,0,Inverness,0,0
10123,Global Equity,Private Equity,Private Equity,Private Equity,Private Equity,Private Equity,,1,5,,0,0,0,0,Evercore Fund II,0,0,Evercore,0,0
10087,Global Equity,Private Equity,Private Equity,Private Equity,Private Equity,Private Equity,,1,5,,0,0,0,0,Doughty II,0,0,Doughty Hanson,0,0
9941,Global Equity,Private Equity,Private Equity,Private Equity,Private Equity,Private Equity,,1,5,,0,0,0,0,Wingate III,0,0,Wingate,0,0
9920,Global Equity,Private Equity,Private Equity,Private Equity,Private Equity,Private Equity,,1,5,,0,0,0,0,Crescendo II,0,0,Crescendo Ventures,0,0
9847,Global Equity,Private Equity,Private Equity,Private Equity,Private Equity,Private Equity,,1,5,,0,0,0,0,Cortec III,0,0,Cortec,0,0
9260,Global Equity,Private Equity,Private Equity,Private Equity,Private Equity,Private Equity,,1,5,,0,0,0,0,Brentwood Associates II,0,0,Brentwood Associates,0,0
9043,Global Equity,Private Equity,Private Equity,Private Equity,Private Equity,Private Equity,,1,5,,0,0,0,0,Baker I,0,0,Baker,0,0
9041,Global Equity,Private Equity,Private Equity,Private Equity,Private Equity,Private Equity,,1,5,,0,0,0,0,Songbird Preferred,0,0,Songbird,0,0
9007,Global Equity,Private Equity,Private Equity,Private Equity,Private Equity,Private Equity,,1,5,,0,0,0,0,Ampersand 1995,0,0,Ampersand,0,0
8972,Global Equity,Private Equity,Private Equity,Private Equity,Private Equity,Private Equity,,1,5,,0,0,0,0,Alpine V CI Vehicle,0,0,Alpine Investors,0,0
8879,Global Equity,Private Equity,Private Equity,Private Equity,Private Equity,Private Equity,,1,5,,0,0,0,0,TGF 1995,0,0,TGF,0,0
8819,Global Equity,Private Equity,Private Equity,Private Equity,Private Equity,Private Equity,,1,5,,0,0,0,0,Terastor F,0,0,Terastor,0,0
8593,Global Equity,Private Equity,Private Equity,Private Equity,Private Equity,Private Equity,,1,5,,0,0,0,0,3i Euro V,0,0,3i North American,0,0
8105,Global Equity,Private Equity,Private Equity,Private Equity,Private Equity,Private Equity,,1,5,,0,0,0,0,RSTW III,0,0,RSTW,0,0
8099,Global Equity,Private Equity,Private Equity,Private Equity,Private Equity,Private Equity,,1,5,,0,0,0,0,OCM Loan,0,0,Oaktree,0,0
7894,Global Equity,Private Equity,Private Equity,Private Equity,Private Equity,Private Equity,,1,5,,0,0,0,0,North American III,0,0,North American Fund,0,0
7506,Global Equity,Private Equity,Private Equity,Private Equity,Private Equity,Private Equity,,1,5,,0,0,0,0,Prism Venture V,0,0,Prism Venture,0,0
6965,Global Equity,Private Equity,Private Equity,Private Equity,Private Equity,Private Equity,,1,5,,0,0,0,0,KKR 1996,0,0,KKR Associates,0,0
6185,Global Equity,Private Equity,Private Equity,Private Equity,Private Equity,Private Equity,,1,5,,0,0,0,0,Essex Woodlands I,0,0,Essex (EW Healthcare),0,0
5624,Global Equity,Private Equity,Private Equity,Private Equity,Private Equity,Private Equity,,1,5,,0,0,0,0,Evercore Fund I,0,0,Evercore,0,0
5607,Global Equity,Private Equity,Private Equity,Private Equity,Private Equity,Private Equity,,1,5,,0,0,0,0,Crescendo IV,0,0,Crescendo Ventures,0,0
5286,Global Equity,Private Equity,Private Equity,Private Equity,Private Equity,Private Equity,,1,5,,0,0,0,0,Brentwood Associates III,0,0,Brentwood Associates,0,0
5024,Global Equity,Private Equity,Private Equity,Private Equity,Private Equity,Private Equity,,1,5,,0,0,0,0,Austin V,0,0,Austin Ventures,0,0
4859,Global Equity,Private Equity,Private Equity,Private Equity,Private Equity,Private Equity,,1,5,,0,0,0,0,Blackstone Buyout V,0,0,Blackstone,0,0
4829,Global Equity,Private Equity,Private Equity,Private Equity,Private Equity,Private Equity,,1,5,,0,0,0,0,Windjammer III,0,0,Windjammer,0,0
4769,Global Equity,Private Equity,Private Equity,Private Equity,Private Equity,Private Equity,,1,5,,0,0,0,0,PMI Mezz,0,0,Windjammer,0,0
4645,Global Equity,Private Equity,Private Equity,Private Equity,Private Equity,Private Equity,,1,5,,0,0,0,0,TGF 1991,0,0,TGF,0,0
4630,Global Equity,Private Equity,Private Equity,Private Equity,Private Equity,Private Equity,,1,5,,0,0,0,0,Private DCE Hedge - TWTR,0,0,UTIMCO,0,0
3976,Global Equity,Private Equity,Private Equity,Private Equity,Private Equity,Private Equity,,1,5,,0,0,0,0,Warburg 1997,0,0,Wand,0,0
3950,Global Equity,Private Equity,Private Equity,Private Equity,Private Equity,Private Equity,,1,5,,0,0,0,0,Terastor E,0,0,Terastor,0,0
3929,Global Equity,Private Equity,Private Equity,Private Equity,Private Equity,Private Equity,,1,5,,0,0,0,0,Saratoga II,0,0,Saratoga Partners,0,0
3866,Global Equity,Private Equity,Private Equity,Private Equity,Private Equity,Private Equity,,1,5,,0,0,0,0,Windjammer II,0,0,Windjammer,0,0
3633,Global Equity,Private Equity,Private Equity,Private Equity,Private Equity,Private Equity,,1,5,,0,0,0,0,OSCCO III,0,0,Oscco Ventures,0,0
3064,Global Equity,Private Equity,Private Equity,Private Equity,Private Equity,Private Equity,,1,5,,0,0,0,0,Rice II,0,0,RSTW,0,0
2810,Global Equity,Private Equity,Private Equity,Private Equity,Private Equity,Private Equity,,1,5,,0,0,0,0,Morgenthaler IV,0,0,Morgenthaler,0,0
2757,Global Equity,Private Equity,Private Equity,Private Equity,Private Equity,Private Equity,,1,5,,0,0,0,0,Lighthouse IV,0,0,Lighthouse,0,0
2704,Global Equity,Private Equity,Private Equity,Private Equity,Private Equity,Private Equity,,1,5,,0,0,0,0,Prism Venture IV,0,0,Prism Venture,0,0
2676,Global Equity,Private Equity,Private Equity,Private Equity,Private Equity,Private Equity,,1,5,,0,0,0,0,Prime II,0,0,Prime Genpar,0,0
2656,Global Equity,Private Equity,Private Equity,Private Equity,Private Equity,Private Equity,,1,5,,0,0,0,0,Morgenthaler V,0,0,Morgenthaler,0,0
2628,Global Equity,Private Equity,Private Equity,Private Equity,Private Equity,Private Equity,,1,5,,0,0,0,0,Morgenthaler VI,0,0,Morgenthaler,0,0
2443,Global Equity,Private Equity,Private Equity,Private Equity,Private Equity,Private Equity,,1,5,,0,0,0,0,MatlinPatterson I,0,0,MatlinPatterson,0,0
2440,Global Equity,Private Equity,Private Equity,Private Equity,Private Equity,Private Equity,,1,5,,0,0,0,0,Hellman & Friedman II,0,0,Hellman & Friedman,0,0
2065,Global Equity,Private Equity,Private Equity,Private Equity,Private Equity,Private Equity,,1,5,,0,0,0,0,Hampshire II,0,0,Hampshire,0,0
1453,Global Equity,Private Equity,Private Equity,Private Equity,Private Equity,Private Equity,,1,5,,0,0,0,0,DDJ B IV,0,0,DDJ,0,0
1432,Global Equity,Private Equity,Private Equity,Private Equity,Private Equity,Private Equity,,1,5,,0,0,0,0,Cinven III,0,0,Cinven,0,0
1352,Global Equity,Private Equity,Private Equity,Private Equity,Private Equity,Private Equity,,1,5,,0,0,0,0,Cortec II,0,0,Cortec,0,0
1077,Global Equity,Private Equity,Private Equity,Private Equity,Private Equity,Private Equity,,1,5,,0,0,0,0,Citi Mezz,0,0,Citicorp,0,0
973,Global Equity,Private Equity,Private Equity,Private Equity,Private Equity,Private Equity,,1,5,,0,0,0,0,CP IV,0,0,Carlyle PE,0,0
850,Global Equity,Private Equity,Private Equity,Private Equity,Private Equity,Private Equity,,1,5,,0,0,0,0,Cinven IV,0,0,Cinven,0,0
828,Global Equity,Private Equity,Private Equity,Private Equity,Private Equity,Private Equity,,1,5,,0,0,0,0,Blackstone Buyout IV,0,0,Blackstone,0,0
710,Global Equity,Private Equity,Private Equity,Private Equity,Private Equity,Private Equity,,1,5,,0,0,0,0,Blackstone Buyout V-S,0,0,Blackstone,0,0
616,Global Equity,Private Equity,Private Equity,Private Equity,Private Equity,Private Equity,,1,5,,0,0,0,0,Candover 2005,0,0,Candover,0,0
396,Global Equity,Private Equity,Private Equity,Private Equity,Private Equity,Private Equity,,1,5,,0,0,0,0,Austin IV,0,0,Austin Ventures,0,0
393,Global Equity,Private Equity,Private Equity,Private Equity,Private Equity,Private Equity,,1,5,,0,0,0,0,Austin VI,0,0,Austin Ventures,0,0
313,Global Equity,Private Equity,Private Equity,Private Equity,Private Equity,Private Equity,,1,5,,0,0,0,0,American Securities II,0,0,American Securities,0,0
263,Global Equity,Private Equity,Private Equity,Private Equity,Private Equity,Private Equity,,1,5,,0,0,0,0,SKM II,0,0,Apax (SKM),0,0
136,Global Equity,Private Equity,Private Equity,Private Equity,Private Equity,Private Equity,,1,5,,0,0,0,0,Band of Angels I,0,0,Band of Angels,0,0
29,Global Equity,Private Equity,Private Equity,Private Equity,Private Equity,Private Equity,,1,5,,0,0,0,0,3i Euro III,0,0,3i North American,0,0
36997,Global Equity,Private Equity,PE - Venture Capital,PE - Venture Capital,Private Equity,Private Equity,PE - Venture Capital,1,5,17,0,0,0,0,True III,0,0,True Ventures,0,0
36337,Global Equity,Private Equity,PE - Venture Capital,PE - Venture Capital,Private Equity,Private Equity,PE - Venture Capital,1,5,17,0,0,0,0,Polaris IV,0,0,Polaris,0,0
33697,Global Equity,Private Equity,PE - Venture Capital,PE - Venture Capital,Private Equity,Private Equity,PE - Venture Capital,1,5,17,0,0,0,0,Correlation I,0,0,Correlation,0,0
31364,Global Equity,Private Equity,PE - Venture Capital,PE - Venture Capital,Private Equity,Private Equity,PE - Venture Capital,1,5,17,0,0,0,0,GGV Discovery III,0,0,GGV Capital,0,0
29893,Global Equity,Private Equity,PE - Venture Capital,PE - Venture Capital,Private Equity,Private Equity,PE - Venture Capital,1,5,17,0,0,0,0,Foundry 2016,0,0,Foundry,0,0
27665,Global Equity,Private Equity,PE - Venture Capital,PE - Venture Capital,Private Equity,Private Equity,PE - Venture Capital,1,5,17,0,0,0,0,IA Ventures V,0,0,IA Ventures,0,0
27485,Global Equity,Private Equity,PE - Venture Capital,PE - Venture Capital,Private Equity,Private Equity,PE - Venture Capital,1,5,17,0,0,0,0,YC ESP24,0,0,Y Combinator,0,0
26713,Global Equity,Private Equity,PE - Venture Capital,PE - Venture Capital,Private Equity,Private Equity,PE - Venture Capital,1,5,17,0,0,0,0,Invention Investment II,0,0,Intellectual Ventures,0,0
25924,Global Equity,Private Equity,PE - Venture Capital,PE - Venture Capital,Private Equity,Private Equity,PE - Venture Capital,1,5,17,0,0,0,0,Austin IX,0,0,Austin Ventures,0,0
25107,Global Equity,Private Equity,PE - Venture Capital,PE - Venture Capital,Private Equity,Private Equity,PE - Venture Capital,1,5,17,0,0,0,0,Union Square 2014,0,0,Union Square,0,0
24905,Global Equity,Private Equity,PE - Venture Capital,PE - Venture Capital,Private Equity,Private Equity,PE - Venture Capital,1,5,17,0,0,0,0,GGV VIII Plus,0,0,GGV Capital,0,0
23878,Global Equity,Private Equity,PE - Venture Capital,PE - Venture Capital,Private Equity,Private Equity,PE - Venture Capital,1,5,17,0,0,0,0,Curie.Bio Seed II,0,0,Curie.Bio,0,0
23773,Global Equity,Private Equity,PE - Venture Capital,PE - Venture Capital,Private Equity,Private Equity,PE - Venture Capital,1,5,17,0,0,0,0,Deerfield Innovations I,0,0,Deerfield,0,0
23016,Global Equity,Private Equity,PE - Venture Capital,PE - Venture Capital,Private Equity,Private Equity,PE - Venture Capital,1,5,17,0,0,0,0,JAZZ II,0,0,JAZZ Venture,0,0
22688,Global Equity,Private Equity,PE - Venture Capital,PE - Venture Capital,Private Equity,Private Equity,PE - Venture Capital,1,5,17,0,0,0,0,GGV V,0,0,GGV Capital,0,0
22477,Global Equity,Private Equity,PE - Venture Capital,PE - Venture Capital,Private Equity,Private Equity,PE - Venture Capital,1,5,17,0,0,0,0,Peak XV Venture VIII,0,0,Peak XV Partners (fka Sequoia India),0,0
21608,Global Equity,Private Equity,PE - Venture Capital,PE - Venture Capital,Private Equity,Private Equity,PE - Venture Capital,1,5,17,0,0,0,0,Prospect II,0,0,Prospect Ventures,0,0
21298,Global Equity,Private Equity,PE - Venture Capital,PE - Venture Capital,Private Equity,Private Equity,PE - Venture Capital,1,5,17,0,0,0,0,True Select IV,0,0,True Ventures,0,0
21068,Global Equity,Private Equity,PE - Venture Capital,PE - Venture Capital,Private Equity,Private Equity,PE - Venture Capital,1,5,17,0,0,0,0,Morgenthaler VII Secondary,0,0,Morgenthaler,0,0
20966,Global Equity,Private Equity,PE - Venture Capital,PE - Venture Capital,Private Equity,Private Equity,PE - Venture Capital,1,5,17,0,0,0,0,IA Venture FG,0,0,IA Ventures,0,0
20246,Global Equity,Private Equity,PE - Venture Capital,PE - Venture Capital,Private Equity,Private Equity,PE - Venture Capital,1,5,17,0,0,0,0,Blue Yard III,0,0,Blue Yard,0,0
20107,Global Equity,Private Equity,PE - Venture Capital,PE - Venture Capital,Private Equity,Private Equity,PE - Venture Capital,1,5,17,0,0,0,0,YC Growth 21,0,0,Y Combinator,0,0
20006,Global Equity,Private Equity,PE - Venture Capital,PE - Venture Capital,Private Equity,Private Equity,PE - Venture Capital,1,5,17,0,0,0,0,YC ES Plus 22,0,0,Y Combinator,0,0
19978,Global Equity,Private Equity,PE - Venture Capital,PE - Venture Capital,Private Equity,Private Equity,PE - Venture Capital,1,5,17,0,0,0,0,GGV Discovery II,0,0,GGV Capital,0,0
19138,Global Equity,Private Equity,PE - Venture Capital,PE - Venture Capital,Private Equity,Private Equity,PE - Venture Capital,1,5,17,0,0,0,0,Techstars 2017,0,0,TechStars,0,0
18964,Global Equity,Private Equity,PE - Venture Capital,PE - Venture Capital,Private Equity,Private Equity,PE - Venture Capital,1,5,17,0,0,0,0,Fisher Lynch FOF I,0,0,Fisher Lynch,0,0
18825,Global Equity,Private Equity,PE - Venture Capital,PE - Venture Capital,Private Equity,Private Equity,PE - Venture Capital,1,5,17,0,0,0,0,Alta NextGen I,0,0,Alta Partners,0,0
18807,Global Equity,Private Equity,PE - Venture Capital,PE - Venture Capital,Private Equity,Private Equity,PE - Venture Capital,1,5,17,0,0,0,0,Arch XIII,0,0,ARCH Venture,0,0
18747,Global Equity,Private Equity,PE - Venture Capital,PE - Venture Capital,Private Equity,Private Equity,PE - Venture Capital,1,5,17,0,0,0,0,Flame of the West 1,0,0,XYZ Ventures,0,0
18477,Global Equity,Private Equity,PE - Venture Capital,PE - Venture Capital,Private Equity,Private Equity,PE - Venture Capital,1,5,17,0,0,0,0,Foundry 2010,0,0,Foundry,0,0
18453,Global Equity,Private Equity,PE - Venture Capital,PE - Venture Capital,Private Equity,Private Equity,PE - Venture Capital,1,5,17,0,0,0,0,Megalith Ventures II,0,0,Megalith Technologies,0,0
18137,Global Equity,Private Equity,PE - Venture Capital,PE - Venture Capital,Private Equity,Private Equity,PE - Venture Capital,1,5,17,0,0,0,0,YC ECO24,0,0,Y Combinator,0,0
18127,Global Equity,Private Equity,PE - Venture Capital,PE - Venture Capital,Private Equity,Private Equity,PE - Venture Capital,1,5,17,0,0,0,0,ARCH X,0,0,ARCH Venture,0,0
18093,Global Equity,Private Equity,PE - Venture Capital,PE - Venture Capital,Private Equity,Private Equity,PE - Venture Capital,1,5,17,0,0,0,0,XYZ Go Faster III,0,0,XYZ Ventures,0,0
18057,Global Equity,Private Equity,PE - Venture Capital,PE - Venture Capital,Private Equity,Private Equity,PE - Venture Capital,1,5,17,0,0,0,0,Correlation Exec I,0,0,Correlation,0,0
17896,Global Equity,Private Equity,PE - Venture Capital,PE - Venture Capital,Private Equity,Private Equity,PE - Venture Capital,1,5,17,0,0,0,0,Peak XV Growth III,0,0,Peak XV Partners (fka Sequoia India),0,0
17716,Global Equity,Private Equity,PE - Venture Capital,PE - Venture Capital,Private Equity,Private Equity,PE - Venture Capital,1,5,17,0,0,0,0,TLV Opp I,0,0,TLV,0,0
17644,Global Equity,Private Equity,PE - Venture Capital,PE - Venture Capital,Private Equity,Private Equity,PE - Venture Capital,1,5,17,0,0,0,0,Austin VII,0,0,Austin Ventures,0,0
17558,Global Equity,Private Equity,PE - Venture Capital,PE - Venture Capital,Private Equity,Private Equity,PE - Venture Capital,1,5,17,0,0,0,0,TrueBridge Aggies Tranche 1,0,0,TrueBridge,0,0
17553,Global Equity,Private Equity,PE - Venture Capital,PE - Venture Capital,Private Equity,Private Equity,PE - Venture Capital,1,5,17,0,0,0,0,Inspired III,0,0,Inspired Capital,0,0
17256,Global Equity,Private Equity,PE - Venture Capital,PE - Venture Capital,Private Equity,Private Equity,PE - Venture Capital,1,5,17,0,0,0,0,Artiman Opp I,0,0,Artiman,0,0
17174,Global Equity,Private Equity,PE - Venture Capital,PE - Venture Capital,Private Equity,Private Equity,PE - Venture Capital,1,5,17,0,0,0,0,BoxGroup Friends,0,0,BoxGroup,0,0
17013,Global Equity,Private Equity,PE - Venture Capital,PE - Venture Capital,Private Equity,Private Equity,PE - Venture Capital,1,5,17,0,0,0,0,XYZ Go Faster II,0,0,XYZ Ventures,0,0
16798,Global Equity,Private Equity,PE - Venture Capital,PE - Venture Capital,Private Equity,Private Equity,PE - Venture Capital,1,5,17,0,0,0,0,ARCH XII,0,0,ARCH Venture,0,0
16778,Global Equity,Private Equity,PE - Venture Capital,PE - Venture Capital,Private Equity,Private Equity,PE - Venture Capital,1,5,17,0,0,0,0,Paradigm II,0,0,Paradigm,0,0
16773,Global Equity,Private Equity,PE - Venture Capital,PE - Venture Capital,Private Equity,Private Equity,PE - Venture Capital,1,5,17,0,0,0,0,Next Coast Select I,0,0,Next Coast,0,0
16665,Global Equity,Private Equity,PE - Venture Capital,PE - Venture Capital,Private Equity,Private Equity,PE - Venture Capital,1,5,17,0,0,0,0,TCV VII,0,0,TCV,0,0
16577,Global Equity,Private Equity,PE - Venture Capital,PE - Venture Capital,Private Equity,Private Equity,PE - Venture Capital,1,5,17,0,0,0,0,Alta NextGen IV,0,0,Alta Partners,0,0
16574,Global Equity,Private Equity,PE - Venture Capital,PE - Venture Capital,Private Equity,Private Equity,PE - Venture Capital,1,5,17,0,0,0,0,IA Venture CI - Kepler,0,0,IA Ventures,0,0
16457,Global Equity,Private Equity,PE - Venture Capital,PE - Venture Capital,Private Equity,Private Equity,PE - Venture Capital,1,5,17,0,0,0,0,TPG Life Sciences Innovation I,0,0,TPG Capital,0,0
16274,Global Equity,Private Equity,PE - Venture Capital,PE - Venture Capital,Private Equity,Private Equity,PE - Venture Capital,1,5,17,0,0,0,0,Curie.Bio Seed I,0,0,Curie.Bio,0,0
16184,Global Equity,Private Equity,PE - Venture Capital,PE - Venture Capital,Private Equity,Private Equity,PE - Venture Capital,1,5,17,0,0,0,0,PTV Sciences II,0,0,PTV Healthcare,0,0
16106,Global Equity,Private Equity,PE - Venture Capital,PE - Venture Capital,Private Equity,Private Equity,PE - Venture Capital,1,5,17,0,0,0,0,Underscore I CI - Salsify,0,0,Underscore,0,0
15993,Global Equity,Private Equity,PE - Venture Capital,PE - Venture Capital,Private Equity,Private Equity,PE - Venture Capital,1,5,17,0,0,0,0,Peak XV Seed II,0,0,Peak XV Partners (fka Sequoia India),0,0
15744,Global Equity,Private Equity,PE - Venture Capital,PE - Venture Capital,Private Equity,Private Equity,PE - Venture Capital,1,5,17,0,0,0,0,D1 Private Onshore,0,0,D1 Capital Partners,0,0
15698,Global Equity,Private Equity,PE - Venture Capital,PE - Venture Capital,Private Equity,Private Equity,PE - Venture Capital,1,5,17,0,0,0,0,HongShan Growth VI,0,0,HongShan (fka Sequoia China),0,0
15572,Global Equity,Private Equity,PE - Venture Capital,PE - Venture Capital,Private Equity,Private Equity,PE - Venture Capital,1,5,17,0,0,0,0,GGV VI Plus,0,0,GGV Capital,0,0
15112,Global Equity,Private Equity,PE - Venture Capital,PE - Venture Capital,Private Equity,Private Equity,PE - Venture Capital,1,5,17,0,0,0,0,GGV VI,0,0,GGV Capital,0,0
15008,Global Equity,Private Equity,PE - Venture Capital,PE - Venture Capital,Private Equity,Private Equity,PE - Venture Capital,1,5,17,0,0,0,0,Blue Yard I,0,0,Blue Yard,0,0
14894,Global Equity,Private Equity,PE - Venture Capital,PE - Venture Capital,Private Equity,Private Equity,PE - Venture Capital,1,5,17,0,0,0,0,Cosmic - Bet 4,0,0,Cosmic Capital,0,0
14847,Global Equity,Private Equity,PE - Venture Capital,PE - Venture Capital,Private Equity,Private Equity,PE - Venture Capital,1,5,17,0,0,0,0,Foundry Boulder CI - Oblong E,0,0,Foundry,0,0
14773,Global Equity,Private Equity,PE - Venture Capital,PE - Venture Capital,Private Equity,Private Equity,PE - Venture Capital,1,5,17,0,0,0,0,Foundry Next CI - Adero,0,0,Foundry,0,0
14527,Global Equity,Private Equity,PE - Venture Capital,PE - Venture Capital,Private Equity,Private Equity,PE - Venture Capital,1,5,17,0,0,0,0,Underscore I,0,0,Underscore,0,0
14225,Global Equity,Private Equity,PE - Venture Capital,PE - Venture Capital,Private Equity,Private Equity,PE - Venture Capital,1,5,17,0,0,0,0,Deerfield Innovations II,0,0,Deerfield,0,0
14212,Global Equity,Private Equity,PE - Venture Capital,PE - Venture Capital,Private Equity,Private Equity,PE - Venture Capital,1,5,17,0,0,0,0,True Select I,0,0,True Ventures,0,0
14133,Global Equity,Private Equity,PE - Venture Capital,PE - Venture Capital,Private Equity,Private Equity,PE - Venture Capital,1,5,17,0,0,0,0,GGV VII,0,0,GGV Capital,0,0
13978,Global Equity,Private Equity,PE - Venture Capital,PE - Venture Capital,Private Equity,Private Equity,PE - Venture Capital,1,5,17,0,0,0,0,Foundry Next 2018,0,0,Foundry,0,0
13805,Global Equity,Private Equity,PE - Venture Capital,PE - Venture Capital,Private Equity,Private Equity,PE - Venture Capital,1,5,17,0,0,0,0,Distributed Stock - Venture,0,0,UTIMCO,0,0
13664,Global Equity,Private Equity,PE - Venture Capital,PE - Venture Capital,Private Equity,Private Equity,PE - Venture Capital,1,5,17,0,0,0,0,Austin X,0,0,Austin Ventures,0,0
13336,Global Equity,Private Equity,PE - Venture Capital,PE - Venture Capital,Private Equity,Private Equity,PE - Venture Capital,1,5,17,0,0,0,0,IA Venture III,0,0,IA Ventures,0,0
13224,Global Equity,Private Equity,PE - Venture Capital,PE - Venture Capital,Private Equity,Private Equity,PE - Venture Capital,1,5,17,0,0,0,0,Upfront Growth III - Parallel,0,0,Upfront,0,0
13181,Global Equity,Private Equity,PE - Venture Capital,PE - Venture Capital,Private Equity,Private Equity,PE - Venture Capital,1,5,17,0,0,0,0,Wellington Life Sciences V,0,0,Wellington Partners Life Science,0,0
12884,Global Equity,Private Equity,PE - Venture Capital,PE - Venture Capital,Private Equity,Private Equity,PE - Venture Capital,1,5,17,0,0,0,0,GGV VII Plus,0,0,GGV Capital,0,0
12730,Global Equity,Private Equity,PE - Venture Capital,PE - Venture Capital,Private Equity,Private Equity,PE - Venture Capital,1,5,17,0,0,0,0,University Ventures I Parallel,0,0,University Ventures,0,0
12341,Global Equity,Private Equity,PE - Venture Capital,PE - Venture Capital,Private Equity,Private Equity,PE - Venture Capital,1,5,17,0,0,0,0,Union Square 2016,0,0,Union Square,0,0
12254,Global Equity,Private Equity,PE - Venture Capital,PE - Venture Capital,Private Equity,Private Equity,PE - Venture Capital,1,5,17,0,0,0,0,Foundry Boulder CI - Glowpoint,0,0,Foundry,0,0
12084,Global Equity,Private Equity,PE - Venture Capital,PE - Venture Capital,Private Equity,Private Equity,PE - Venture Capital,1,5,17,0,0,0,0,True VI,0,0,True Ventures,0,0
11757,Global Equity,Private Equity,PE - Venture Capital,PE - Venture Capital,Private Equity,Private Equity,PE - Venture Capital,1,5,17,0,0,0,0,Polaris V,0,0,Polaris,0,0
11618,Global Equity,Private Equity,PE - Venture Capital,PE - Venture Capital,Private Equity,Private Equity,PE - Venture Capital,1,5,17,0,0,0,0,Peak XV Venture VII,0,0,Peak XV Partners (fka Sequoia India),0,0
11505,Global Equity,Private Equity,PE - Venture Capital,PE - Venture Capital,Private Equity,Private Equity,PE - Venture Capital,1,5,17,0,0,0,0,TLV V,0,0,TLV,0,0
11484,Global Equity,Private Equity,PE - Venture Capital,PE - Venture Capital,Private Equity,Private Equity,PE - Venture Capital,1,5,17,0,0,0,0,TLV II,0,0,TLV,0,0
11406,Global Equity,Private Equity,PE - Venture Capital,PE - Venture Capital,Private Equity,Private Equity,PE - Venture Capital,1,5,17,0,0,0,0,Foundry Boulder CI - Oblong,0,0,Foundry,0,0
11233,Global Equity,Private Equity,PE - Venture Capital,PE - Venture Capital,Private Equity,Private Equity,PE - Venture Capital,1,5,17,0,0,0,0,Spark II,0,0,Spark,0,0
10617,Global Equity,Private Equity,PE - Venture Capital,PE - Venture Capital,Private Equity,Private Equity,PE - Venture Capital,1,5,17,0,0,0,0,IA Venture I,0,0,IA Ventures,0,0
10605,Global Equity,Private Equity,PE - Venture Capital,PE - Venture Capital,Private Equity,Private Equity,PE - Venture Capital,1,5,17,0,0,0,0,True VII,0,0,True Ventures,0,0
10604,Global Equity,Private Equity,PE - Venture Capital,PE - Venture Capital,Private Equity,Private Equity,PE - Venture Capital,1,5,17,0,0,0,0,ARCH IX Overage,0,0,ARCH Venture,0,0
10396,Global Equity,Private Equity,PE - Venture Capital,PE - Venture Capital,Private Equity,Private Equity,PE - Venture Capital,1,5,17,0,0,0,0,Jato Tech,0,0,JatoTech,0,0
9970,Global Equity,Private Equity,PE - Venture Capital,PE - Venture Capital,Private Equity,Private Equity,PE - Venture Capital,1,5,17,0,0,0,0,Essex Woodlands III,0,0,Essex (EW Healthcare),0,0
9958,Global Equity,Private Equity,PE - Venture Capital,PE - Venture Capital,Private Equity,Private Equity,PE - Venture Capital,1,5,17,0,0,0,0,ARCH X Overage,0,0,ARCH Venture,0,0
9728,Global Equity,Private Equity,PE - Venture Capital,PE - Venture Capital,Private Equity,Private Equity,PE - Venture Capital,1,5,17,0,0,0,0,Artiman III,0,0,Artiman,0,0
9641,Global Equity,Private Equity,PE - Venture Capital,PE - Venture Capital,Private Equity,Private Equity,PE - Venture Capital,1,5,17,0,0,0,0,Union Square Opp,0,0,Union Square,0,0
9508,Global Equity,Private Equity,PE - Venture Capital,PE - Venture Capital,Private Equity,Private Equity,PE - Venture Capital,1,5,17,0,0,0,0,Forerunner VII,0,0,Forerunner,0,0
9204,Global Equity,Private Equity,PE - Venture Capital,PE - Venture Capital,Private Equity,Private Equity,PE - Venture Capital,1,5,17,0,0,0,0,Foundry 2010 Annex,0,0,Foundry,0,0
9187,Global Equity,Private Equity,PE - Venture Capital,PE - Venture Capital,Private Equity,Private Equity,PE - Venture Capital,1,5,17,0,0,0,0,Baker Comm II,0,0,Baker,0,0
9127,Global Equity,Private Equity,PE - Venture Capital,PE - Venture Capital,Private Equity,Private Equity,PE - Venture Capital,1,5,17,0,0,0,0,Arch VII,0,0,ARCH Venture,0,0
8893,Global Equity,Private Equity,PE - Venture Capital,PE - Venture Capital,Private Equity,Private Equity,PE - Venture Capital,1,5,17,0,0,0,0,Arch VIII,0,0,ARCH Venture,0,0
8854,Global Equity,Private Equity,PE - Venture Capital,PE - Venture Capital,Private Equity,Private Equity,PE - Venture Capital,1,5,17,0,0,0,0,TCV VI,0,0,TCV,0,0
8817,Global Equity,Private Equity,PE - Venture Capital,PE - Venture Capital,Private Equity,Private Equity,PE - Venture Capital,1,5,17,0,0,0,0,Atlas VI,0,0,Atlas Venture,0,0
8665,Global Equity,Private Equity,PE - Venture Capital,PE - Venture Capital,Private Equity,Private Equity,PE - Venture Capital,1,5,17,0,0,0,0,HarbourVest - Reveille HV 1,0,0,HarbourVest,0,0
8565,Global Equity,Private Equity,PE - Venture Capital,PE - Venture Capital,Private Equity,Private Equity,PE - Venture Capital,1,5,17,0,0,0,0,Thrive Capital IX Growth,0,0,Thrive Capital,0,0
8548,Global Equity,Private Equity,PE - Venture Capital,PE - Venture Capital,Private Equity,Private Equity,PE - Venture Capital,1,5,17,0,0,0,0,Peak XV Growth IV,0,0,Peak XV Partners (fka Sequoia India),0,0
8351,Global Equity,Private Equity,PE - Venture Capital,PE - Venture Capital,Private Equity,Private Equity,PE - Venture Capital,1,5,17,0,0,0,0,GGV IX Plus,0,0,GGV Capital,0,0
8308,Global Equity,Private Equity,PE - Venture Capital,PE - Venture Capital,Private Equity,Private Equity,PE - Venture Capital,1,5,17,0,0,0,0,Forerunner Builders VI,0,0,Forerunner,0,0
8197,Global Equity,Private Equity,PE - Venture Capital,PE - Venture Capital,Private Equity,Private Equity,PE - Venture Capital,1,5,17,0,0,0,0,Pace II,0,0,Pace Capital,0,0
8181,Global Equity,Private Equity,PE - Venture Capital,PE - Venture Capital,Private Equity,Private Equity,PE - Venture Capital,1,5,17,0,0,0,0,TrueBridge Direct Tranche 1,0,0,TrueBridge,0,0
8177,Global Equity,Private Equity,PE - Venture Capital,PE - Venture Capital,Private Equity,Private Equity,PE - Venture Capital,1,5,17,0,0,0,0,Sante II,0,0,Sante,0,0
8166,Global Equity,Private Equity,PE - Venture Capital,PE - Venture Capital,Private Equity,Private Equity,PE - Venture Capital,1,5,17,0,0,0,0,Union Square Opp 2014,0,0,Union Square,0,0
8017,Global Equity,Private Equity,PE - Venture Capital,PE - Venture Capital,Private Equity,Private Equity,PE - Venture Capital,1,5,17,0,0,0,0,TLV IV,0,0,TLV,0,0
7933,Global Equity,Private Equity,PE - Venture Capital,PE - Venture Capital,Private Equity,Private Equity,PE - Venture Capital,1,5,17,0,0,0,0,Foundry CI - Rover,0,0,Foundry,0,0
7788,Global Equity,Private Equity,PE - Venture Capital,PE - Venture Capital,Private Equity,Private Equity,PE - Venture Capital,1,5,17,0,0,0,0,Forerunner Builders I,0,0,Forerunner,0,0
7409,Global Equity,Private Equity,PE - Venture Capital,PE - Venture Capital,Private Equity,Private Equity,PE - Venture Capital,1,5,17,0,0,0,0,ARCH VIII CI - Aledade,0,0,ARCH Venture,0,0
7365,Global Equity,Private Equity,PE - Venture Capital,PE - Venture Capital,Private Equity,Private Equity,PE - Venture Capital,1,5,17,0,0,0,0,HongShan Venture IX,0,0,HongShan (fka Sequoia China),0,0
7305,Global Equity,Private Equity,PE - Venture Capital,PE - Venture Capital,Private Equity,Private Equity,PE - Venture Capital,1,5,17,0,0,0,0,BoxGroup Picks,0,0,BoxGroup,0,0
7185,Global Equity,Private Equity,PE - Venture Capital,PE - Venture Capital,Private Equity,Private Equity,PE - Venture Capital,1,5,17,0,0,0,0,True VIII,0,0,True Ventures,0,0
7091,Global Equity,Private Equity,PE - Venture Capital,PE - Venture Capital,Private Equity,Private Equity,PE - Venture Capital,1,5,17,0,0,0,0,TLV III,0,0,TLV,0,0
7089,Global Equity,Private Equity,PE - Venture Capital,PE - Venture Capital,Private Equity,Private Equity,PE - Venture Capital,1,5,17,0,0,0,0,GGV Discovery IV Asia,0,0,GGV Capital,0,0
6734,Global Equity,Private Equity,PE - Venture Capital,PE - Venture Capital,Private Equity,Private Equity,PE - Venture Capital,1,5,17,0,0,0,0,HongShan Seed III,0,0,HongShan (fka Sequoia China),0,0
6698,Global Equity,Private Equity,PE - Venture Capital,PE - Venture Capital,Private Equity,Private Equity,PE - Venture Capital,1,5,17,0,0,0,0,Forerunner V,0,0,Forerunner,0,0
6625,Global Equity,Private Equity,PE - Venture Capital,PE - Venture Capital,Private Equity,Private Equity,PE - Venture Capital,1,5,17,0,0,0,0,True V,0,0,True Ventures,0,0
6610,Global Equity,Private Equity,PE - Venture Capital,PE - Venture Capital,Private Equity,Private Equity,PE - Venture Capital,1,5,17,0,0,0,0,Upfront VI,0,0,Upfront,0,0
6441,Global Equity,Private Equity,PE - Venture Capital,PE - Venture Capital,Private Equity,Private Equity,PE - Venture Capital,1,5,17,0,0,0,0,TLV Opp II,0,0,TLV,0,0
6419,Global Equity,Private Equity,PE - Venture Capital,PE - Venture Capital,Private Equity,Private Equity,PE - Venture Capital,1,5,17,0,0,0,0,Foundry Select,0,0,Foundry,0,0
6400,Global Equity,Private Equity,PE - Venture Capital,PE - Venture Capital,Private Equity,Private Equity,PE - Venture Capital,1,5,17,0,0,0,0,Foundry Next,0,0,Foundry,0,0
6396,Global Equity,Private Equity,PE - Venture Capital,PE - Venture Capital,Private Equity,Private Equity,PE - Venture Capital,1,5,17,0,0,0,0,Techstars - Direct,0,0,TechStars,0,0
6118,Global Equity,Private Equity,PE - Venture Capital,PE - Venture Capital,Private Equity,Private Equity,PE - Venture Capital,1,5,17,0,0,0,0,GGV Discovery I,0,0,GGV Capital,0,0
6068,Global Equity,Private Equity,PE - Venture Capital,PE - Venture Capital,Private Equity,Private Equity,PE - Venture Capital,1,5,17,0,0,0,0,JAZZ Opportunity II,0,0,JAZZ Venture,0,0
6050,Global Equity,Private Equity,PE - Venture Capital,PE - Venture Capital,Private Equity,Private Equity,PE - Venture Capital,1,5,17,0,0,0,0,TLV I,0,0,TLV,0,0
6004,Global Equity,Private Equity,PE - Venture Capital,PE - Venture Capital,Private Equity,Private Equity,PE - Venture Capital,1,5,17,0,0,0,0,Forerunner III,0,0,Forerunner,0,0
5965,Global Equity,Private Equity,PE - Venture Capital,PE - Venture Capital,Private Equity,Private Equity,PE - Venture Capital,1,5,17,0,0,0,0,ARCH VIII Overage,0,0,ARCH Venture,0,0
5944,Global Equity,Private Equity,PE - Venture Capital,PE - Venture Capital,Private Equity,Private Equity,PE - Venture Capital,1,5,17,0,0,0,0,ARCH IX,0,0,ARCH Venture,0,0
5828,Global Equity,Private Equity,PE - Venture Capital,PE - Venture Capital,Private Equity,Private Equity,PE - Venture Capital,1,5,17,0,0,0,0,ARCH XI,0,0,ARCH Venture,0,0
5770,Global Equity,Private Equity,PE - Venture Capital,PE - Venture Capital,Private Equity,Private Equity,PE - Venture Capital,1,5,17,0,0,0,0,True Select II,0,0,True Ventures,0,0
5691,Global Equity,Private Equity,PE - Venture Capital,PE - Venture Capital,Private Equity,Private Equity,PE - Venture Capital,1,5,17,0,0,0,0,Cosmic - Bet 4 Durable,0,0,Cosmic Capital,0,0
5544,Global Equity,Private Equity,PE - Venture Capital,PE - Venture Capital,Private Equity,Private Equity,PE - Venture Capital,1,5,17,0,0,0,0,Foundry 2007,0,0,Foundry,0,0
5477,Global Equity,Private Equity,PE - Venture Capital,PE - Venture Capital,Private Equity,Private Equity,PE - Venture Capital,1,5,17,0,0,0,0,Cendana FOF,0,0,Cendana,0,0
5393,Global Equity,Private Equity,PE - Venture Capital,PE - Venture Capital,Private Equity,Private Equity,PE - Venture Capital,1,5,17,0,0,0,0,Cosmic Aleph 4,0,0,Cosmic Capital,0,0
5320,Global Equity,Private Equity,PE - Venture Capital,PE - Venture Capital,Private Equity,Private Equity,PE - Venture Capital,1,5,17,0,0,0,0,Upfront V,0,0,Upfront,0,0
5198,Global Equity,Private Equity,PE - Venture Capital,PE - Venture Capital,Private Equity,Private Equity,PE - Venture Capital,1,5,17,0,0,0,0,Underscore II,0,0,Underscore,0,0
5194,Global Equity,Private Equity,PE - Venture Capital,PE - Venture Capital,Private Equity,Private Equity,PE - Venture Capital,1,5,17,0,0,0,0,BoxGroup Seven,0,0,BoxGroup,0,0
5093,Global Equity,Private Equity,PE - Venture Capital,PE - Venture Capital,Private Equity,Private Equity,PE - Venture Capital,1,5,17,0,0,0,0,XYZ Maximum Effort,0,0,XYZ Ventures,0,0
4892,Global Equity,Private Equity,PE - Venture Capital,PE - Venture Capital,Private Equity,Private Equity,PE - Venture Capital,1,5,17,0,0,0,0,Sofinnova VIII,0,0,Sofinnova,0,0
4832,Global Equity,Private Equity,PE - Venture Capital,PE - Venture Capital,Private Equity,Private Equity,PE - Venture Capital,1,5,17,0,0,0,0,Sofinnova VII,0,0,Sofinnova,0,0
4797,Global Equity,Private Equity,PE - Venture Capital,PE - Venture Capital,Private Equity,Private Equity,PE - Venture Capital,1,5,17,0,0,0,0,Techstars 2014,0,0,TechStars,0,0
4672,Global Equity,Private Equity,PE - Venture Capital,PE - Venture Capital,Private Equity,Private Equity,PE - Venture Capital,1,5,17,0,0,0,0,Mosaic I,0,0,Mosaic Ventures,0,0
4619,Global Equity,Private Equity,PE - Venture Capital,PE - Venture Capital,Private Equity,Private Equity,PE - Venture Capital,1,5,17,0,0,0,0,Austin VIII,0,0,Austin Ventures,0,0
4545,Global Equity,Private Equity,PE - Venture Capital,PE - Venture Capital,Private Equity,Private Equity,PE - Venture Capital,1,5,17,0,0,0,0,XYZ Venture V,0,0,XYZ Ventures,0,0
4537,Global Equity,Private Equity,PE - Venture Capital,PE - Venture Capital,Private Equity,Private Equity,PE - Venture Capital,1,5,17,0,0,0,0,Thrive X Growth,0,0,Thrive Capital,0,0
4506,Global Equity,Private Equity,PE - Venture Capital,PE - Venture Capital,Private Equity,Private Equity,PE - Venture Capital,1,5,17,0,0,0,0,Thrive X,0,0,Thrive Capital,0,0
4464,Global Equity,Private Equity,PE - Venture Capital,PE - Venture Capital,Private Equity,Private Equity,PE - Venture Capital,1,5,17,0,0,0,0,Artiman II,0,0,Artiman,0,0
4379,Global Equity,Private Equity,PE - Venture Capital,PE - Venture Capital,Private Equity,Private Equity,PE - Venture Capital,1,5,17,0,0,0,0,Arch VI,0,0,ARCH Venture,0,0
4235,Global Equity,Private Equity,PE - Venture Capital,PE - Venture Capital,Private Equity,Private Equity,PE - Venture Capital,1,5,17,0,0,0,0,Thrive Capital IX,0,0,Thrive Capital,0,0
4190,Global Equity,Private Equity,PE - Venture Capital,PE - Venture Capital,Private Equity,Private Equity,PE - Venture Capital,1,5,17,0,0,0,0,University Ventures I,0,0,University Ventures,0,0
4184,Global Equity,Private Equity,PE - Venture Capital,PE - Venture Capital,Private Equity,Private Equity,PE - Venture Capital,1,5,17,0,0,0,0,D1 Private CI - Onshore,0,0,D1 Capital Partners,0,0
4138,Global Equity,Private Equity,PE - Venture Capital,PE - Venture Capital,Private Equity,Private Equity,PE - Venture Capital,1,5,17,0,0,0,0,Union Square 2004,0,0,Union Square,0,0
4055,Global Equity,Private Equity,PE - Venture Capital,PE - Venture Capital,Private Equity,Private Equity,PE - Venture Capital,1,5,17,0,0,0,0,YC ES24,0,0,Y Combinator,0,0
3904,Global Equity,Private Equity,PE - Venture Capital,PE - Venture Capital,Private Equity,Private Equity,PE - Venture Capital,1,5,17,0,0,0,0,True IV,0,0,True Ventures,0,0
3748,Global Equity,Private Equity,PE - Venture Capital,PE - Venture Capital,Private Equity,Private Equity,PE - Venture Capital,1,5,17,0,0,0,0,YC Post-Batch24,0,0,Y Combinator,0,0
3694,Global Equity,Private Equity,PE - Venture Capital,PE - Venture Capital,Private Equity,Private Equity,PE - Venture Capital,1,5,17,0,0,0,0,Blue Yard Crypto III,0,0,Blue Yard,0,0
3660,Global Equity,Private Equity,PE - Venture Capital,PE - Venture Capital,Private Equity,Private Equity,PE - Venture Capital,1,5,17,0,0,0,0,ARCH X CI - Resilience,0,0,ARCH Venture,0,0
3586,Global Equity,Private Equity,PE - Venture Capital,PE - Venture Capital,Private Equity,Private Equity,PE - Venture Capital,1,5,17,0,0,0,0,Ribbit Capital OB1,0,0,Ribbit Capital,0,0
3508,Global Equity,Private Equity,PE - Venture Capital,PE - Venture Capital,Private Equity,Private Equity,PE - Venture Capital,1,5,17,0,0,0,0,Curie Bio Series A Fund I,0,0,Curie.Bio,0,0
3504,Global Equity,Private Equity,PE - Venture Capital,PE - Venture Capital,Private Equity,Private Equity,PE - Venture Capital,1,5,17,0,0,0,0,BoxGroup Leaven,0,0,BoxGroup,0,0
3491,Global Equity,Private Equity,PE - Venture Capital,PE - Venture Capital,Private Equity,Private Equity,PE - Venture Capital,1,5,17,0,0,0,0,TrueBridge Bevo Tranche 1,0,0,TrueBridge,0,0
3431,Global Equity,Private Equity,PE - Venture Capital,PE - Venture Capital,Private Equity,Private Equity,PE - Venture Capital,1,5,17,0,0,0,0,TPG Longhorn Sciences CI,0,0,TPG Capital,0,0
3390,Global Equity,Private Equity,PE - Venture Capital,PE - Venture Capital,Private Equity,Private Equity,PE - Venture Capital,1,5,17,0,0,0,0,Forerunner VI,0,0,Forerunner,0,0
3386,Global Equity,Private Equity,PE - Venture Capital,PE - Venture Capital,Private Equity,Private Equity,PE - Venture Capital,1,5,17,0,0,0,0,Union Square 2012,0,0,Union Square,0,0
3326,Global Equity,Private Equity,PE - Venture Capital,PE - Venture Capital,Private Equity,Private Equity,PE - Venture Capital,1,5,17,0,0,0,0,Union Square 2008,0,0,Union Square,0,0
3320,Global Equity,Private Equity,PE - Venture Capital,PE - Venture Capital,Private Equity,Private Equity,PE - Venture Capital,1,5,17,0,0,0,0,TCV V,0,0,TCV,0,0
3270,Global Equity,Private Equity,PE - Venture Capital,PE - Venture Capital,Private Equity,Private Equity,PE - Venture Capital,1,5,17,0,0,0,0,Initialized Superclass II,0,0,Initialized Capital,0,0
3046,Global Equity,Private Equity,PE - Venture Capital,PE - Venture Capital,Private Equity,Private Equity,PE - Venture Capital,1,5,17,0,0,0,0,Forerunner Builders III,0,0,Forerunner,0,0
2975,Global Equity,Private Equity,PE - Venture Capital,PE - Venture Capital,Private Equity,Private Equity,PE - Venture Capital,1,5,17,0,0,0,0,XYZ Venture IV,0,0,XYZ Ventures,0,0
2958,Global Equity,Private Equity,PE - Venture Capital,PE - Venture Capital,Private Equity,Private Equity,PE - Venture Capital,1,5,17,0,0,0,0,BoxGroup Six,0,0,BoxGroup,0,0
2921,Global Equity,Private Equity,PE - Venture Capital,PE - Venture Capital,Private Equity,Private Equity,PE - Venture Capital,1,5,17,0,0,0,0,Next Coast III,0,0,Next Coast,0,0
2893,Global Equity,Private Equity,PE - Venture Capital,PE - Venture Capital,Private Equity,Private Equity,PE - Venture Capital,1,5,17,0,0,0,0,Morgenthaler IX,0,0,Morgenthaler,0,0
2871,Global Equity,Private Equity,PE - Venture Capital,PE - Venture Capital,Private Equity,Private Equity,PE - Venture Capital,1,5,17,0,0,0,0,Sequoia US-E Seed IV,0,0,Sequoia Capital,0,0
2855,Global Equity,Private Equity,PE - Venture Capital,PE - Venture Capital,Private Equity,Private Equity,PE - Venture Capital,1,5,17,0,0,0,0,Initialized VI,0,0,Initialized Capital,0,0
2845,Global Equity,Private Equity,PE - Venture Capital,PE - Venture Capital,Private Equity,Private Equity,PE - Venture Capital,1,5,17,0,0,0,0,Morgenthaler VII,0,0,Morgenthaler,0,0
2745,Global Equity,Private Equity,PE - Venture Capital,PE - Venture Capital,Private Equity,Private Equity,PE - Venture Capital,1,5,17,0,0,0,0,Underscore III,0,0,Underscore,0,0
2737,Global Equity,Private Equity,PE - Venture Capital,PE - Venture Capital,Private Equity,Private Equity,PE - Venture Capital,1,5,17,0,0,0,0,HongShan Expansion I,0,0,HongShan (fka Sequoia China),0,0
2716,Global Equity,Private Equity,PE - Venture Capital,PE - Venture Capital,Private Equity,Private Equity,PE - Venture Capital,1,5,17,0,0,0,0,Morgenthaler VIII,0,0,Morgenthaler,0,0
2675,Global Equity,Private Equity,PE - Venture Capital,PE - Venture Capital,Private Equity,Private Equity,PE - Venture Capital,1,5,17,0,0,0,0,Blue Yard Crypto II,0,0,Blue Yard,0,0
2658,Global Equity,Private Equity,PE - Venture Capital,PE - Venture Capital,Private Equity,Private Equity,PE - Venture Capital,1,5,17,0,0,0,0,GGV IX,0,0,GGV Capital,0,0
2644,Global Equity,Private Equity,PE - Venture Capital,PE - Venture Capital,Private Equity,Private Equity,PE - Venture Capital,1,5,17,0,0,0,0,PTV Annex,0,0,PTV Healthcare,0,0
2616,Global Equity,Private Equity,PE - Venture Capital,PE - Venture Capital,Private Equity,Private Equity,PE - Venture Capital,1,5,17,0,0,0,0,PTV Special Opp I,0,0,PTV Healthcare,0,0
2584,Global Equity,Private Equity,PE - Venture Capital,PE - Venture Capital,Private Equity,Private Equity,PE - Venture Capital,1,5,17,0,0,0,0,PTV Sciences I,0,0,PTV Healthcare,0,0
2564,Global Equity,Private Equity,PE - Venture Capital,PE - Venture Capital,Private Equity,Private Equity,PE - Venture Capital,1,5,17,0,0,0,0,Thrive Capital VIII,0,0,Thrive Capital,0,0
2505,Global Equity,Private Equity,PE - Venture Capital,PE - Venture Capital,Private Equity,Private Equity,PE - Venture Capital,1,5,17,0,0,0,0,HongShan Growth VII,0,0,HongShan (fka Sequoia China),0,0
2468,Global Equity,Private Equity,PE - Venture Capital,PE - Venture Capital,Private Equity,Private Equity,PE - Venture Capital,1,5,17,0,0,0,0,Curie.Bio LLC - OpCo,0,0,Curie.Bio,0,0
2433,Global Equity,Private Equity,PE - Venture Capital,PE - Venture Capital,Private Equity,Private Equity,PE - Venture Capital,1,5,17,0,0,0,0,Allied Inventors I,0,0,Allied Inventors,0,0
2254,Global Equity,Private Equity,PE - Venture Capital,PE - Venture Capital,Private Equity,Private Equity,PE - Venture Capital,1,5,17,0,0,0,0,Sequoia US Venture XVII,0,0,Sequoia Capital,0,0
2247,Global Equity,Private Equity,PE - Venture Capital,PE - Venture Capital,Private Equity,Private Equity,PE - Venture Capital,1,5,17,0,0,0,0,Peak XV SEA I,0,0,Peak XV Partners (fka Sequoia India),0,0
2226,Global Equity,Private Equity,PE - Venture Capital,PE - Venture Capital,Private Equity,Private Equity,PE - Venture Capital,1,5,17,0,0,0,0,JAZZ III,0,0,JAZZ Venture,0,0
2220,Global Equity,Private Equity,PE - Venture Capital,PE - Venture Capital,Private Equity,Private Equity,PE - Venture Capital,1,5,17,0,0,0,0,True Select III,0,0,True Ventures,0,0
2123,Global Equity,Private Equity,PE - Venture Capital,PE - Venture Capital,Private Equity,Private Equity,PE - Venture Capital,1,5,17,0,0,0,0,Knightsbridge VI FOF,0,0,Knightsbridge,0,0
1962,Global Equity,Private Equity,PE - Venture Capital,PE - Venture Capital,Private Equity,Private Equity,PE - Venture Capital,1,5,17,0,0,0,0,Forerunner Builders IV,0,0,Forerunner,0,0
1925,Global Equity,Private Equity,PE - Venture Capital,PE - Venture Capital,Private Equity,Private Equity,PE - Venture Capital,1,5,17,0,0,0,0,GGV VIII,0,0,GGV Capital,0,0
1893,Global Equity,Private Equity,PE - Venture Capital,PE - Venture Capital,Private Equity,Private Equity,PE - Venture Capital,1,5,17,0,0,0,0,Foundation IV,0,0,Foundation Capital,0,0
1888,Global Equity,Private Equity,PE - Venture Capital,PE - Venture Capital,Private Equity,Private Equity,PE - Venture Capital,1,5,17,0,0,0,0,Thrive Capital VIII Growth,0,0,Thrive Capital,0,0
1842,Global Equity,Private Equity,PE - Venture Capital,PE - Venture Capital,Private Equity,Private Equity,PE - Venture Capital,1,5,17,0,0,0,0,Forerunner IV,0,0,Forerunner,0,0
1805,Global Equity,Private Equity,PE - Venture Capital,PE - Venture Capital,Private Equity,Private Equity,PE - Venture Capital,1,5,17,0,0,0,0,HongShan Venture VIII,0,0,HongShan (fka Sequoia China),0,0
1708,Global Equity,Private Equity,PE - Venture Capital,PE - Venture Capital,Private Equity,Private Equity,PE - Venture Capital,1,5,17,0,0,0,0,Sequoia Capital Fund,0,0,Sequoia Capital,0,0
1516,Global Equity,Private Equity,PE - Venture Capital,PE - Venture Capital,Private Equity,Private Equity,PE - Venture Capital,1,5,17,0,0,0,0,Foundry 2013,0,0,Foundry,0,0
1514,Global Equity,Private Equity,PE - Venture Capital,PE - Venture Capital,Private Equity,Private Equity,PE - Venture Capital,1,5,17,0,0,0,0,Questa CI - Intrinsic,0,0,Questa,0,0
1508,Global Equity,Private Equity,PE - Venture Capital,PE - Venture Capital,Private Equity,Private Equity,PE - Venture Capital,1,5,17,0,0,0,0,Alta NextGen III,0,0,Alta Partners,0,0
1473,Global Equity,Private Equity,PE - Venture Capital,PE - Venture Capital,Private Equity,Private Equity,PE - Venture Capital,1,5,17,0,0,0,0,Crescendo III,0,0,Crescendo Ventures,0,0
1346,Global Equity,Private Equity,PE - Venture Capital,PE - Venture Capital,Private Equity,Private Equity,PE - Venture Capital,1,5,17,0,0,0,0,IA Venture II,0,0,IA Ventures,0,0
993,Global Equity,Private Equity,PE - Venture Capital,PE - Venture Capital,Private Equity,Private Equity,PE - Venture Capital,1,5,17,0,0,0,0,Care III,0,0,Care Capital,0,0
659,Global Equity,Private Equity,PE - Venture Capital,PE - Venture Capital,Private Equity,Private Equity,PE - Venture Capital,1,5,17,0,0,0,0,Blue Yard II,0,0,Blue Yard,0,0
574,Global Equity,Private Equity,PE - Venture Capital,PE - Venture Capital,Private Equity,Private Equity,PE - Venture Capital,1,5,17,0,0,0,0,TLV CI - Aqua Security,0,0,TLV,0,0
413,Global Equity,Private Equity,PE - Venture Capital,PE - Venture Capital,Private Equity,Private Equity,PE - Venture Capital,1,5,17,0,0,0,0,Sequoia US Growth IX,0,0,Sequoia Capital,0,0
225,Global Equity,Private Equity,PE - Venture Capital,PE - Venture Capital,Private Equity,Private Equity,PE - Venture Capital,1,5,17,0,0,0,0,Alta NextGen II,0,0,Alta Partners,0,0
208,Global Equity,Private Equity,PE - Venture Capital,PE - Venture Capital,Private Equity,Private Equity,PE - Venture Capital,1,5,17,0,0,0,0,Paradigm I,0,0,Paradigm,0,0
24,Global Equity,Private Equity,PE - Venture Capital,PE - Venture Capital,Private Equity,Private Equity,PE - Venture Capital,1,5,17,0,0,0,0,Upfront Growth III,0,0,Upfront,0,0
10,Global Equity,Private Equity,PE - Venture Capital,PE - Venture Capital,Private Equity,Private Equity,PE - Venture Capital,1,5,17,0,0,0,0,Advanced Technology VII,0,0,Advanced Technology,0,0
4846,Global Equity,Private Equity,PE - Venture Capital,PE - Venture Capital,Private Equity,Private Equity,PE - Venture Capital,1,5,17,0,0,0,1,Paradigm Fund,0,0,Paradigm,0,1
8925,Global Equity,Private Equity,PE - Venture Capital,PE - Venture Capital,Private Equity,Private Equity,PE - Venture Capital,1,5,17,0,1,0,1,Total Venture Capital,1,0,UTIMCO,0,1
7994,Global Equity,Private Equity,PE - Buyouts/Growth,PE - Buyouts/Growth,Private Equity,Private Equity,PE - Buyouts/Growth,1,5,19,0,1,0,1,Total PE Buyouts/Growth,1,0,UTIMCO,0,1
38257,Global Equity,Private Equity,PE - Buyouts/Growth,PE - Buyouts/Growth,Private Equity,Private Equity,PE - Buyouts/Growth,1,5,19,0,0,0,0,Teakwood III CI Vehicle,0,0,Teakwood,0,0
34417,Global Equity,Private Equity,PE - Buyouts/Growth,PE - Buyouts/Growth,Private Equity,Private Equity,PE - Buyouts/Growth,1,5,19,0,0,0,0,Francisco III,0,0,Francisco,0,0
33877,Global Equity,Private Equity,PE - Buyouts/Growth,PE - Buyouts/Growth,Private Equity,Private Equity,PE - Buyouts/Growth,1,5,19,0,0,0,0,Doughty Hanson III,0,0,Doughty Hanson,0,0
33433,Global Equity,Private Equity,PE - Buyouts/Growth,PE - Buyouts/Growth,Private Equity,Private Equity,PE - Buyouts/Growth,1,5,19,0,0,0,0,KPS Special Situations Mid Cap,0,0,KPS,0,0
33224,Global Equity,Private Equity,PE - Buyouts/Growth,PE - Buyouts/Growth,Private Equity,Private Equity,PE - Buyouts/Growth,1,5,19,0,0,0,0,Advent CI - Project Fiji,0,0,Advent International,0,0
32593,Global Equity,Private Equity,PE - Buyouts/Growth,PE - Buyouts/Growth,Private Equity,Private Equity,PE - Buyouts/Growth,1,5,19,0,0,0,0,American Securities VIII,0,0,American Securities,0,0
30937,Global Equity,Private Equity,PE - Buyouts/Growth,PE - Buyouts/Growth,Private Equity,Private Equity,PE - Buyouts/Growth,1,5,19,0,0,0,0,Renovus II CI - Pragmatic,0,0,Renovus,0,0
29824,Global Equity,Private Equity,PE - Buyouts/Growth,PE - Buyouts/Growth,Private Equity,Private Equity,PE - Buyouts/Growth,1,5,19,0,0,0,0,TPG VI,0,0,TPG Capital,0,0
29344,Global Equity,Private Equity,PE - Buyouts/Growth,PE - Buyouts/Growth,Private Equity,Private Equity,PE - Buyouts/Growth,1,5,19,0,0,0,0,Viburnum CI - Kinetic - Common,0,0,Viburnum,0,0
28657,Global Equity,Private Equity,PE - Buyouts/Growth,PE - Buyouts/Growth,Private Equity,Private Equity,PE - Buyouts/Growth,1,5,19,0,0,0,0,Energy Ventures V,0,0,Energy Ventures,0,0
28237,Global Equity,Private Equity,PE - Buyouts/Growth,PE - Buyouts/Growth,Private Equity,Private Equity,PE - Buyouts/Growth,1,5,19,0,0,0,0,Wand II,0,0,Wand,0,0
28117,Global Equity,Private Equity,PE - Buyouts/Growth,PE - Buyouts/Growth,Private Equity,Private Equity,PE - Buyouts/Growth,1,5,19,0,0,0,0,Union Park I,0,0,Union Park,0,0
27304,Global Equity,Private Equity,PE - Buyouts/Growth,PE - Buyouts/Growth,Private Equity,Private Equity,PE - Buyouts/Growth,1,5,19,0,0,0,0,Fortress V A,0,0,Fortress,0,0
26345,Global Equity,Private Equity,PE - Buyouts/Growth,PE - Buyouts/Growth,Private Equity,Private Equity,PE - Buyouts/Growth,1,5,19,0,0,0,0,Questa III,0,0,Questa,0,0
26007,Global Equity,Private Equity,PE - Buyouts/Growth,PE - Buyouts/Growth,Private Equity,Private Equity,PE - Buyouts/Growth,1,5,19,0,0,0,0,American Industrial VI,0,0,American Industrial Partners,0,0
25748,Global Equity,Private Equity,PE - Buyouts/Growth,PE - Buyouts/Growth,Private Equity,Private Equity,PE - Buyouts/Growth,1,5,19,0,0,0,0,Summa Equity II,0,0,Summa Equity,0,0
25167,Global Equity,Private Equity,PE - Buyouts/Growth,PE - Buyouts/Growth,Private Equity,Private Equity,PE - Buyouts/Growth,1,5,19,0,0,0,0,LFM I,0,0,LFM Capital,0,0
23698,Global Equity,Private Equity,PE - Buyouts/Growth,PE - Buyouts/Growth,Private Equity,Private Equity,PE - Buyouts/Growth,1,5,19,0,0,0,0,Atlas V,0,0,Atlas Holdings,0,0
23257,Global Equity,Private Equity,PE - Buyouts/Growth,PE - Buyouts/Growth,Private Equity,Private Equity,PE - Buyouts/Growth,1,5,19,0,0,0,0,LGP Green Equity IX CI - HUB,0,0,Leonard Green,0,0
22416,Global Equity,Private Equity,PE - Buyouts/Growth,PE - Buyouts/Growth,Private Equity,Private Equity,PE - Buyouts/Growth,1,5,19,0,0,0,0,Carrick II CI Vehicle,0,0,Carrick,0,0
22287,Global Equity,Private Equity,PE - Buyouts/Growth,PE - Buyouts/Growth,Private Equity,Private Equity,PE - Buyouts/Growth,1,5,19,0,0,0,0,HIG Capital V,0,0,H.I.G. Capital,0,0
22167,Global Equity,Private Equity,PE - Buyouts/Growth,PE - Buyouts/Growth,Private Equity,Private Equity,PE - Buyouts/Growth,1,5,19,0,0,0,0,HIG Growth II,0,0,H.I.G. Capital,0,0
22046,Global Equity,Private Equity,PE - Buyouts/Growth,PE - Buyouts/Growth,Private Equity,Private Equity,PE - Buyouts/Growth,1,5,19,0,0,0,0,Stone Point Trident IX CI - Alliant,0,0,Stone Point,0,0
21937,Global Equity,Private Equity,PE - Buyouts/Growth,PE - Buyouts/Growth,Private Equity,Private Equity,PE - Buyouts/Growth,1,5,19,0,0,0,0,Thoma Bravo Discover III - AIV,0,0,Thoma Bravo,0,0
21905,Global Equity,Private Equity,PE - Buyouts/Growth,PE - Buyouts/Growth,Private Equity,Private Equity,PE - Buyouts/Growth,1,5,19,0,0,0,0,Renovus IV CV - Harbor Global,0,0,Renovus,0,0
21756,Global Equity,Private Equity,PE - Buyouts/Growth,PE - Buyouts/Growth,Private Equity,Private Equity,PE - Buyouts/Growth,1,5,19,0,0,0,0,Carrick II,0,0,Carrick,0,0
21718,Global Equity,Private Equity,PE - Buyouts/Growth,PE - Buyouts/Growth,Private Equity,Private Equity,PE - Buyouts/Growth,1,5,19,0,0,0,0,Questa Opportunity I,0,0,Questa,0,0
21545,Global Equity,Private Equity,PE - Buyouts/Growth,PE - Buyouts/Growth,Private Equity,Private Equity,PE - Buyouts/Growth,1,5,19,0,0,0,0,HarbourVest - Longhorn HV CI Opps B,0,0,HarbourVest,0,0
20684,Global Equity,Private Equity,PE - Buyouts/Growth,PE - Buyouts/Growth,Private Equity,Private Equity,PE - Buyouts/Growth,1,5,19,0,0,0,0,Energy Ventures V CI - Evolution,0,0,Energy Ventures,0,0
20606,Global Equity,Private Equity,PE - Buyouts/Growth,PE - Buyouts/Growth,Private Equity,Private Equity,PE - Buyouts/Growth,1,5,19,0,0,0,0,Alpine IX,0,0,Alpine Investors,0,0
20587,Global Equity,Private Equity,PE - Buyouts/Growth,PE - Buyouts/Growth,Private Equity,Private Equity,PE - Buyouts/Growth,1,5,19,0,0,0,0,HG Mercury 5,0,0,HG Capital,0,0
20356,Global Equity,Private Equity,PE - Buyouts/Growth,PE - Buyouts/Growth,Private Equity,Private Equity,PE - Buyouts/Growth,1,5,19,0,0,0,0,SpaceX Direct Investment,0,0,Space Exploration Technologies Corp.,0,0
20127,Global Equity,Private Equity,PE - Buyouts/Growth,PE - Buyouts/Growth,Private Equity,Private Equity,PE - Buyouts/Growth,1,5,19,0,0,0,0,Ampersand 2001,0,0,Ampersand,0,0
20105,Global Equity,Private Equity,PE - Buyouts/Growth,PE - Buyouts/Growth,Private Equity,Private Equity,PE - Buyouts/Growth,1,5,19,0,0,0,0,TA XIV,0,0,TA Associates,0,0
20045,Global Equity,Private Equity,PE - Buyouts/Growth,PE - Buyouts/Growth,Private Equity,Private Equity,PE - Buyouts/Growth,1,5,19,0,0,0,0,GTCR XIII A,0,0,GTCR,0,0
19918,Global Equity,Private Equity,PE - Buyouts/Growth,PE - Buyouts/Growth,Private Equity,Private Equity,PE - Buyouts/Growth,1,5,19,0,0,0,0,Viburnum III - Series E,0,0,Viburnum,0,0
19808,Global Equity,Private Equity,PE - Buyouts/Growth,PE - Buyouts/Growth,Private Equity,Private Equity,PE - Buyouts/Growth,1,5,19,0,0,0,0,Energy Ventures IV,0,0,Energy Ventures,0,0
19573,Global Equity,Private Equity,PE - Buyouts/Growth,PE - Buyouts/Growth,Private Equity,Private Equity,PE - Buyouts/Growth,1,5,19,0,0,0,0,LGP Green Equity IV,0,0,Leonard Green,0,0
19456,Global Equity,Private Equity,PE - Buyouts/Growth,PE - Buyouts/Growth,Private Equity,Private Equity,PE - Buyouts/Growth,1,5,19,0,0,0,0,VMG VI,0,0,VMG,0,0
19365,Global Equity,Private Equity,PE - Buyouts/Growth,PE - Buyouts/Growth,Private Equity,Private Equity,PE - Buyouts/Growth,1,5,19,0,0,0,0,LFM Longhorn Opp CI Vehicle,0,0,LFM Capital,0,0
19036,Global Equity,Private Equity,PE - Buyouts/Growth,PE - Buyouts/Growth,Private Equity,Private Equity,PE - Buyouts/Growth,1,5,19,0,0,0,0,Thoma Bravo Discover V,0,0,Thoma Bravo,0,0
18907,Global Equity,Private Equity,PE - Buyouts/Growth,PE - Buyouts/Growth,Private Equity,Private Equity,PE - Buyouts/Growth,1,5,19,0,0,0,0,BDC IV,0,0,Bridgepoint,0,0
18817,Global Equity,Private Equity,PE - Buyouts/Growth,PE - Buyouts/Growth,Private Equity,Private Equity,PE - Buyouts/Growth,1,5,19,0,0,0,0,Energy Ventures V Plus,0,0,Energy Ventures,0,0
18746,Global Equity,Private Equity,PE - Buyouts/Growth,PE - Buyouts/Growth,Private Equity,Private Equity,PE - Buyouts/Growth,1,5,19,0,0,0,0,Questa II,0,0,Questa,0,0
18692,Global Equity,Private Equity,PE - Buyouts/Growth,PE - Buyouts/Growth,Private Equity,Private Equity,PE - Buyouts/Growth,1,5,19,0,0,0,0,KPS Special Situations V,0,0,KPS,0,0
18633,Global Equity,Private Equity,PE - Buyouts/Growth,PE - Buyouts/Growth,Private Equity,Private Equity,PE - Buyouts/Growth,1,5,19,0,0,0,0,Incline Ascent I CF - Accredited Labs,0,0,Incline Equity,0,0
18613,Global Equity,Private Equity,PE - Buyouts/Growth,PE - Buyouts/Growth,Private Equity,Private Equity,PE - Buyouts/Growth,1,5,19,0,0,0,0,CVC IV,0,0,CVC Capital Partners,0,0
17985,Global Equity,Private Equity,PE - Buyouts/Growth,PE - Buyouts/Growth,Private Equity,Private Equity,PE - Buyouts/Growth,1,5,19,0,0,0,0,MSouth III,0,0,MSouth,0,0
17972,Global Equity,Private Equity,PE - Buyouts/Growth,PE - Buyouts/Growth,Private Equity,Private Equity,PE - Buyouts/Growth,1,5,19,0,0,0,0,Vista Endeavor II,0,0,Vista Equity,0,0
17853,Global Equity,Private Equity,PE - Buyouts/Growth,PE - Buyouts/Growth,Private Equity,Private Equity,PE - Buyouts/Growth,1,5,19,0,0,0,0,Renovus IV SBIC,0,0,Renovus,0,0
17847,Global Equity,Private Equity,PE - Buyouts/Growth,PE - Buyouts/Growth,Private Equity,Private Equity,PE - Buyouts/Growth,1,5,19,0,0,0,0,Trident X,0,0,Stone Point,0,0
17764,Global Equity,Private Equity,PE - Buyouts/Growth,PE - Buyouts/Growth,Private Equity,Private Equity,PE - Buyouts/Growth,1,5,19,0,0,0,0,Beacon III,0,0,Beacon Focus,0,0
17656,Global Equity,Private Equity,PE - Buyouts/Growth,PE - Buyouts/Growth,Private Equity,Private Equity,PE - Buyouts/Growth,1,5,19,0,0,0,0,LGP Green Equity VIII,0,0,Leonard Green,0,0
17157,Global Equity,Private Equity,PE - Buyouts/Growth,PE - Buyouts/Growth,Private Equity,Private Equity,PE - Buyouts/Growth,1,5,19,0,0,0,0,Alpine V,0,0,Alpine Investors,0,0
17104,Global Equity,Private Equity,PE - Buyouts/Growth,PE - Buyouts/Growth,Private Equity,Private Equity,PE - Buyouts/Growth,1,5,19,0,0,0,0,American Industrial V,0,0,American Industrial Partners,0,0
16997,Global Equity,Private Equity,PE - Buyouts/Growth,PE - Buyouts/Growth,Private Equity,Private Equity,PE - Buyouts/Growth,1,5,19,0,0,0,0,Renovus IV,0,0,Renovus,0,0
16767,Global Equity,Private Equity,PE - Buyouts/Growth,PE - Buyouts/Growth,Private Equity,Private Equity,PE - Buyouts/Growth,1,5,19,0,0,0,0,Advent Global Technology II,0,0,Advent International,0,0
16723,Global Equity,Private Equity,PE - Buyouts/Growth,PE - Buyouts/Growth,Private Equity,Private Equity,PE - Buyouts/Growth,1,5,19,0,0,0,0,SCF IX,0,0,SCF,0,0
16694,Global Equity,Private Equity,PE - Buyouts/Growth,PE - Buyouts/Growth,Private Equity,Private Equity,PE - Buyouts/Growth,1,5,19,0,0,0,0,Alpine CI - Iceman (Apex),0,0,Alpine Investors,0,0
16637,Global Equity,Private Equity,PE - Buyouts/Growth,PE - Buyouts/Growth,Private Equity,Private Equity,PE - Buyouts/Growth,1,5,19,0,0,0,0,Clearlake VIII,0,0,Clearlake,0,0
16418,Global Equity,Private Equity,PE - Buyouts/Growth,PE - Buyouts/Growth,Private Equity,Private Equity,PE - Buyouts/Growth,1,5,19,0,0,0,0,LGP Green Equity IX,0,0,Leonard Green,0,0
16265,Global Equity,Private Equity,PE - Buyouts/Growth,PE - Buyouts/Growth,Private Equity,Private Equity,PE - Buyouts/Growth,1,5,19,0,0,0,0,HarbourVest - Longhorn HV CI 2,0,0,HarbourVest,0,0
15665,Global Equity,Private Equity,PE - Buyouts/Growth,PE - Buyouts/Growth,Private Equity,Private Equity,PE - Buyouts/Growth,1,5,19,0,0,0,0,Accel-KKR VII,0,0,Accel - KKR,0,0
15578,Global Equity,Private Equity,PE - Buyouts/Growth,PE - Buyouts/Growth,Private Equity,Private Equity,PE - Buyouts/Growth,1,5,19,0,0,0,0,Veritas VII,0,0,Veritas,0,0
15518,Global Equity,Private Equity,PE - Buyouts/Growth,PE - Buyouts/Growth,Private Equity,Private Equity,PE - Buyouts/Growth,1,5,19,0,0,0,0,LGP Jade Equity I,0,0,Leonard Green,0,0
15417,Global Equity,Private Equity,PE - Buyouts/Growth,PE - Buyouts/Growth,Private Equity,Private Equity,PE - Buyouts/Growth,1,5,19,0,0,0,0,Lineage II CI Vehicle,0,0,Lineage,0,0
15310,Global Equity,Private Equity,PE - Buyouts/Growth,PE - Buyouts/Growth,Private Equity,Private Equity,PE - Buyouts/Growth,1,5,19,0,0,0,0,Albert Bridge LLP,0,0,Albert Bridge,0,0
15156,Global Equity,Private Equity,PE - Buyouts/Growth,PE - Buyouts/Growth,Private Equity,Private Equity,PE - Buyouts/Growth,1,5,19,0,0,0,0,Questa I,0,0,Questa,0,0
14768,Global Equity,Private Equity,PE - Buyouts/Growth,PE - Buyouts/Growth,Private Equity,Private Equity,PE - Buyouts/Growth,1,5,19,0,0,0,0,LNK III,0,0,LNK,0,0
14765,Global Equity,Private Equity,PE - Buyouts/Growth,PE - Buyouts/Growth,Private Equity,Private Equity,PE - Buyouts/Growth,1,5,19,0,0,0,0,Questa CI - Dispatch,0,0,Questa,0,0
14607,Global Equity,Private Equity,PE - Buyouts/Growth,PE - Buyouts/Growth,Private Equity,Private Equity,PE - Buyouts/Growth,1,5,19,0,0,0,0,Vista Foundation IV,0,0,Vista Equity,0,0
14193,Global Equity,Private Equity,PE - Buyouts/Growth,PE - Buyouts/Growth,Private Equity,Private Equity,PE - Buyouts/Growth,1,5,19,0,0,0,0,TPG Healthcare Sidecar,0,0,TPG Capital,0,0
13514,Global Equity,Private Equity,PE - Buyouts/Growth,PE - Buyouts/Growth,Private Equity,Private Equity,PE - Buyouts/Growth,1,5,19,0,0,0,0,TPG Healthcare II,0,0,TPG Capital,0,0
13445,Global Equity,Private Equity,PE - Buyouts/Growth,PE - Buyouts/Growth,Private Equity,Private Equity,PE - Buyouts/Growth,1,5,19,0,0,0,0,Certares Holdings,0,0,Certares,0,0
13346,Global Equity,Private Equity,PE - Buyouts/Growth,PE - Buyouts/Growth,Private Equity,Private Equity,PE - Buyouts/Growth,1,5,19,0,0,0,0,Viburnum III - Series A,0,0,Viburnum,0,0
13285,Global Equity,Private Equity,PE - Buyouts/Growth,PE - Buyouts/Growth,Private Equity,Private Equity,PE - Buyouts/Growth,1,5,19,0,0,0,0,Arcline I,0,0,Arcline Investment Management,0,0
13233,Global Equity,Private Equity,PE - Buyouts/Growth,PE - Buyouts/Growth,Private Equity,Private Equity,PE - Buyouts/Growth,1,5,19,0,0,0,0,CVC CI - Ahlsell CV,0,0,CVC Capital Partners,0,0
13208,Global Equity,Private Equity,PE - Buyouts/Growth,PE - Buyouts/Growth,Private Equity,Private Equity,PE - Buyouts/Growth,1,5,19,0,0,0,0,TDR II,0,0,TDR,0,0
13192,Global Equity,Private Equity,PE - Buyouts/Growth,PE - Buyouts/Growth,Private Equity,Private Equity,PE - Buyouts/Growth,1,5,19,0,0,0,0,Wingate V,0,0,Wingate,0,0
13132,Global Equity,Private Equity,PE - Buyouts/Growth,PE - Buyouts/Growth,Private Equity,Private Equity,PE - Buyouts/Growth,1,5,19,0,0,0,0,Wingate IV,0,0,Wingate,0,0
13125,Global Equity,Private Equity,PE - Buyouts/Growth,PE - Buyouts/Growth,Private Equity,Private Equity,PE - Buyouts/Growth,1,5,19,0,0,0,0,Ampersand 2006,0,0,Ampersand,0,0
13064,Global Equity,Private Equity,PE - Buyouts/Growth,PE - Buyouts/Growth,Private Equity,Private Equity,PE - Buyouts/Growth,1,5,19,0,0,0,0,LFM II,0,0,LFM Capital,0,0
13045,Global Equity,Private Equity,PE - Buyouts/Growth,PE - Buyouts/Growth,Private Equity,Private Equity,PE - Buyouts/Growth,1,5,19,0,0,0,0,Accel-KKR Strategic Capital,0,0,Accel - KKR,0,0
12992,Global Equity,Private Equity,PE - Buyouts/Growth,PE - Buyouts/Growth,Private Equity,Private Equity,PE - Buyouts/Growth,1,5,19,0,0,0,0,SCF VI,0,0,SCF,0,0
12974,Global Equity,Private Equity,PE - Buyouts/Growth,PE - Buyouts/Growth,Private Equity,Private Equity,PE - Buyouts/Growth,1,5,19,0,0,0,0,Advent GPE X,0,0,Advent International,0,0
12866,Global Equity,Private Equity,PE - Buyouts/Growth,PE - Buyouts/Growth,Private Equity,Private Equity,PE - Buyouts/Growth,1,5,19,0,0,0,0,Warburg Pincus VIII,0,0,Warburg Pincus,0,0
12784,Global Equity,Private Equity,PE - Buyouts/Growth,PE - Buyouts/Growth,Private Equity,Private Equity,PE - Buyouts/Growth,1,5,19,0,0,0,0,Renovus II,0,0,Renovus,0,0
12778,Global Equity,Private Equity,PE - Buyouts/Growth,PE - Buyouts/Growth,Private Equity,Private Equity,PE - Buyouts/Growth,1,5,19,0,0,0,0,LGP Sage Equity I,0,0,Leonard Green,0,0
12513,Global Equity,Private Equity,PE - Buyouts/Growth,PE - Buyouts/Growth,Private Equity,Private Equity,PE - Buyouts/Growth,1,5,19,0,0,0,0,LongueVue Sidecar I,0,0,LongueVue,0,0
12384,Global Equity,Private Equity,PE - Buyouts/Growth,PE - Buyouts/Growth,Private Equity,Private Equity,PE - Buyouts/Growth,1,5,19,0,0,0,0,Viburnum IV,0,0,Viburnum,0,0
12380,Global Equity,Private Equity,PE - Buyouts/Growth,PE - Buyouts/Growth,Private Equity,Private Equity,PE - Buyouts/Growth,1,5,19,0,0,0,0,TPG V,0,0,TPG Capital,0,0
12326,Global Equity,Private Equity,PE - Buyouts/Growth,PE - Buyouts/Growth,Private Equity,Private Equity,PE - Buyouts/Growth,1,5,19,0,0,0,0,SCF VIII,0,0,SCF,0,0
12016,Global Equity,Private Equity,PE - Buyouts/Growth,PE - Buyouts/Growth,Private Equity,Private Equity,PE - Buyouts/Growth,1,5,19,0,0,0,0,SCF V,0,0,SCF,0,0
11914,Global Equity,Private Equity,PE - Buyouts/Growth,PE - Buyouts/Growth,Private Equity,Private Equity,PE - Buyouts/Growth,1,5,19,0,0,0,0,Francisco Agility,0,0,Francisco,0,0
11798,Global Equity,Private Equity,PE - Buyouts/Growth,PE - Buyouts/Growth,Private Equity,Private Equity,PE - Buyouts/Growth,1,5,19,0,0,0,0,Veritas CI - Gainwell,0,0,Veritas,0,0
11725,Global Equity,Private Equity,PE - Buyouts/Growth,PE - Buyouts/Growth,Private Equity,Private Equity,PE - Buyouts/Growth,1,5,19,0,0,0,0,Incline Ascent II,0,0,Incline Equity,0,0
11665,Global Equity,Private Equity,PE - Buyouts/Growth,PE - Buyouts/Growth,Private Equity,Private Equity,PE - Buyouts/Growth,1,5,19,0,0,0,0,Great Hill IX,0,0,Great Hill Partners,0,0
11552,Global Equity,Private Equity,PE - Buyouts/Growth,PE - Buyouts/Growth,Private Equity,Private Equity,PE - Buyouts/Growth,1,5,19,0,0,0,0,HIG MM II,0,0,H.I.G. Capital,0,0
11485,Global Equity,Private Equity,PE - Buyouts/Growth,PE - Buyouts/Growth,Private Equity,Private Equity,PE - Buyouts/Growth,1,5,19,0,0,0,0,CVC IX,0,0,CVC Capital Partners,0,0
11265,Global Equity,Private Equity,PE - Buyouts/Growth,PE - Buyouts/Growth,Private Equity,Private Equity,PE - Buyouts/Growth,1,5,19,0,0,0,0,Thoma Bravo Explore II,0,0,Thoma Bravo,0,0
10933,Global Equity,Private Equity,PE - Buyouts/Growth,PE - Buyouts/Growth,Private Equity,Private Equity,PE - Buyouts/Growth,1,5,19,0,0,0,0,SCF VII,0,0,SCF,0,0
10913,Global Equity,Private Equity,PE - Buyouts/Growth,PE - Buyouts/Growth,Private Equity,Private Equity,PE - Buyouts/Growth,1,5,19,0,0,0,0,D1 Private Offshore,0,0,D1 Capital Partners,0,0
10884,Global Equity,Private Equity,PE - Buyouts/Growth,PE - Buyouts/Growth,Private Equity,Private Equity,PE - Buyouts/Growth,1,5,19,0,0,0,0,Energy Ventures IV CI - Halfwave,0,0,Energy Ventures,0,0
10712,Global Equity,Private Equity,PE - Buyouts/Growth,PE - Buyouts/Growth,Private Equity,Private Equity,PE - Buyouts/Growth,1,5,19,0,0,0,0,Doughty Hanson IV,0,0,Doughty Hanson,0,0
10305,Global Equity,Private Equity,PE - Buyouts/Growth,PE - Buyouts/Growth,Private Equity,Private Equity,PE - Buyouts/Growth,1,5,19,0,0,0,0,CVC VIII,0,0,CVC Capital Partners,0,0
10223,Global Equity,Private Equity,PE - Buyouts/Growth,PE - Buyouts/Growth,Private Equity,Private Equity,PE - Buyouts/Growth,1,5,19,0,0,0,0,Francisco II,0,0,Francisco,0,0
9907,Global Equity,Private Equity,PE - Buyouts/Growth,PE - Buyouts/Growth,Private Equity,Private Equity,PE - Buyouts/Growth,1,5,19,0,0,0,0,Cortec V CI - Yeti,0,0,Cortec,0,0
9872,Global Equity,Private Equity,PE - Buyouts/Growth,PE - Buyouts/Growth,Private Equity,Private Equity,PE - Buyouts/Growth,1,5,19,0,0,0,0,Cadence Bancorp - Direct,0,0,Cadence Bancorp,0,0
9850,Global Equity,Private Equity,PE - Buyouts/Growth,PE - Buyouts/Growth,Private Equity,Private Equity,PE - Buyouts/Growth,1,5,19,0,0,0,0,EOS IV (Helios),0,0,EOS,0,0
9821,Global Equity,Private Equity,PE - Buyouts/Growth,PE - Buyouts/Growth,Private Equity,Private Equity,PE - Buyouts/Growth,1,5,19,0,0,0,0,Warburg Pincus X,0,0,Warburg Pincus,0,0
9724,Global Equity,Private Equity,PE - Buyouts/Growth,PE - Buyouts/Growth,Private Equity,Private Equity,PE - Buyouts/Growth,1,5,19,0,0,0,0,EOS III (Helios),0,0,EOS,0,0
9718,Global Equity,Private Equity,PE - Buyouts/Growth,PE - Buyouts/Growth,Private Equity,Private Equity,PE - Buyouts/Growth,1,5,19,0,0,0,0,Vista VII,0,0,Vista Equity,0,0
9610,Global Equity,Private Equity,PE - Buyouts/Growth,PE - Buyouts/Growth,Private Equity,Private Equity,PE - Buyouts/Growth,1,5,19,0,0,0,0,CVC I,0,0,CVC Capital Partners,0,0
9592,Global Equity,Private Equity,PE - Buyouts/Growth,PE - Buyouts/Growth,Private Equity,Private Equity,PE - Buyouts/Growth,1,5,19,0,0,0,0,Centerbridge III,0,0,Centerbridge,0,0
9533,Global Equity,Private Equity,PE - Buyouts/Growth,PE - Buyouts/Growth,Private Equity,Private Equity,PE - Buyouts/Growth,1,5,19,0,0,0,0,Arcline IV,0,0,Arcline Investment Management,0,0
9446,Global Equity,Private Equity,PE - Buyouts/Growth,PE - Buyouts/Growth,Private Equity,Private Equity,PE - Buyouts/Growth,1,5,19,0,0,0,0,Doughty Hanson V,0,0,Doughty Hanson,0,0
9304,Global Equity,Private Equity,PE - Buyouts/Growth,PE - Buyouts/Growth,Private Equity,Private Equity,PE - Buyouts/Growth,1,5,19,0,0,0,0,Cortec V,0,0,Cortec,0,0
9185,Global Equity,Private Equity,PE - Buyouts/Growth,PE - Buyouts/Growth,Private Equity,Private Equity,PE - Buyouts/Growth,1,5,19,0,0,0,0,Union Park I CI Vehicle,0,0,Union Park,0,0
8916,Global Equity,Private Equity,PE - Buyouts/Growth,PE - Buyouts/Growth,Private Equity,Private Equity,PE - Buyouts/Growth,1,5,19,0,0,0,0,Angelo Gordon PE III,0,0,Angelo Gordon,0,0
8711,Global Equity,Private Equity,PE - Buyouts/Growth,PE - Buyouts/Growth,Private Equity,Private Equity,PE - Buyouts/Growth,1,5,19,0,0,0,0,KPS Special Situations Mid Cap II,0,0,KPS,0,0
8676,Global Equity,Private Equity,PE - Buyouts/Growth,PE - Buyouts/Growth,Private Equity,Private Equity,PE - Buyouts/Growth,1,5,19,0,0,0,0,American Industrial CI,0,0,American Industrial Partners,0,0
8633,Global Equity,Private Equity,PE - Buyouts/Growth,PE - Buyouts/Growth,Private Equity,Private Equity,PE - Buyouts/Growth,1,5,19,0,0,0,0,TA Select Opp II - A,0,0,TA Associates,0,0
8617,Global Equity,Private Equity,PE - Buyouts/Growth,PE - Buyouts/Growth,Private Equity,Private Equity,PE - Buyouts/Growth,1,5,19,0,0,0,0,Hellman & Friedman XI,0,0,Hellman & Friedman,0,0
8529,Global Equity,Private Equity,PE - Buyouts/Growth,PE - Buyouts/Growth,Private Equity,Private Equity,PE - Buyouts/Growth,1,5,19,0,0,0,0,LGP Jade Equity II CI - Pye-Barker,0,0,Leonard Green,0,0
8528,Global Equity,Private Equity,PE - Buyouts/Growth,PE - Buyouts/Growth,Private Equity,Private Equity,PE - Buyouts/Growth,1,5,19,0,0,0,0,GTCR Strategic Growth II B,0,0,GTCR,0,0
8424,Global Equity,Private Equity,PE - Buyouts/Growth,PE - Buyouts/Growth,Private Equity,Private Equity,PE - Buyouts/Growth,1,5,19,0,0,0,0,Lineage II,0,0,Lineage,0,0
8385,Global Equity,Private Equity,PE - Buyouts/Growth,PE - Buyouts/Growth,Private Equity,Private Equity,PE - Buyouts/Growth,1,5,19,0,0,0,0,LGP Sage Equity I-A,0,0,Leonard Green,0,0
7859,Global Equity,Private Equity,PE - Buyouts/Growth,PE - Buyouts/Growth,Private Equity,Private Equity,PE - Buyouts/Growth,1,5,19,0,0,0,0,MSouth II,0,0,MSouth,0,0
7808,Global Equity,Private Equity,PE - Buyouts/Growth,PE - Buyouts/Growth,Private Equity,Private Equity,PE - Buyouts/Growth,1,5,19,0,0,0,0,Brookfield Technology Growth III CI - SpaceX,0,0,Brookfield Asset Management,0,0
7689,Global Equity,Private Equity,PE - Buyouts/Growth,PE - Buyouts/Growth,Private Equity,Private Equity,PE - Buyouts/Growth,1,5,19,0,0,0,0,GTCR CI - TerSera,0,0,GTCR,0,0
7598,Global Equity,Private Equity,PE - Buyouts/Growth,PE - Buyouts/Growth,Private Equity,Private Equity,PE - Buyouts/Growth,1,5,19,0,0,0,0,Questa Opp II,0,0,Questa,0,0
7534,Global Equity,Private Equity,PE - Buyouts/Growth,PE - Buyouts/Growth,Private Equity,Private Equity,PE - Buyouts/Growth,1,5,19,0,0,0,0,Lake Capital II,0,0,Lake Capital,0,0
7497,Global Equity,Private Equity,PE - Buyouts/Growth,PE - Buyouts/Growth,Private Equity,Private Equity,PE - Buyouts/Growth,1,5,19,0,0,0,0,Carrick III,0,0,Carrick,0,0
7485,Global Equity,Private Equity,PE - Buyouts/Growth,PE - Buyouts/Growth,Private Equity,Private Equity,PE - Buyouts/Growth,1,5,19,0,0,0,0,KPS VI,0,0,KPS,0,0
7476,Global Equity,Private Equity,PE - Buyouts/Growth,PE - Buyouts/Growth,Private Equity,Private Equity,PE - Buyouts/Growth,1,5,19,0,0,0,0,L Catterton CI - Snap Kitchen,0,0,L Catterton,0,0
7461,Global Equity,Private Equity,PE - Buyouts/Growth,PE - Buyouts/Growth,Private Equity,Private Equity,PE - Buyouts/Growth,1,5,19,0,0,0,0,LGP Green Equity X,0,0,Leonard Green,0,0
7341,Global Equity,Private Equity,PE - Buyouts/Growth,PE - Buyouts/Growth,Private Equity,Private Equity,PE - Buyouts/Growth,1,5,19,0,0,0,0,HG Genesis 11,0,0,HG Capital,0,0
7269,Global Equity,Private Equity,PE - Buyouts/Growth,PE - Buyouts/Growth,Private Equity,Private Equity,PE - Buyouts/Growth,1,5,19,0,0,0,0,Arcline III,0,0,Arcline Investment Management,0,0
7220,Global Equity,Private Equity,PE - Buyouts/Growth,PE - Buyouts/Growth,Private Equity,Private Equity,PE - Buyouts/Growth,1,5,19,0,0,0,0,Questa I CI - Medrio,0,0,Questa,0,0
7088,Global Equity,Private Equity,PE - Buyouts/Growth,PE - Buyouts/Growth,Private Equity,Private Equity,PE - Buyouts/Growth,1,5,19,0,0,0,0,Incline VI,0,0,Incline Equity,0,0
6993,Global Equity,Private Equity,PE - Buyouts/Growth,PE - Buyouts/Growth,Private Equity,Private Equity,PE - Buyouts/Growth,1,5,19,0,0,0,0,SCF VII A,0,0,SCF,0,0
6948,Global Equity,Private Equity,PE - Buyouts/Growth,PE - Buyouts/Growth,Private Equity,Private Equity,PE - Buyouts/Growth,1,5,19,0,0,0,0,Bridgepoint Europe VI,0,0,Bridgepoint,0,0
6937,Global Equity,Private Equity,PE - Buyouts/Growth,PE - Buyouts/Growth,Private Equity,Private Equity,PE - Buyouts/Growth,1,5,19,0,0,0,0,Viburnum CI - Kinetic - Warrants,0,0,Viburnum,0,0
6814,Global Equity,Private Equity,PE - Buyouts/Growth,PE - Buyouts/Growth,Private Equity,Private Equity,PE - Buyouts/Growth,1,5,19,0,0,0,0,GEC II 2010,0,0,GEC,0,0
6644,Global Equity,Private Equity,PE - Buyouts/Growth,PE - Buyouts/Growth,Private Equity,Private Equity,PE - Buyouts/Growth,1,5,19,0,0,0,0,MSouth I,0,0,MSouth,0,0
6327,Global Equity,Private Equity,PE - Buyouts/Growth,PE - Buyouts/Growth,Private Equity,Private Equity,PE - Buyouts/Growth,1,5,19,0,0,0,0,Fortress V CI Vehicle,0,0,Fortress,0,0
6314,Global Equity,Private Equity,PE - Buyouts/Growth,PE - Buyouts/Growth,Private Equity,Private Equity,PE - Buyouts/Growth,1,5,19,0,0,0,0,Clearlake VII,0,0,Clearlake,0,0
6017,Global Equity,Private Equity,PE - Buyouts/Growth,PE - Buyouts/Growth,Private Equity,Private Equity,PE - Buyouts/Growth,1,5,19,0,0,0,0,Ford Financial II,0,0,Ford Financial,0,0
5868,Global Equity,Private Equity,PE - Buyouts/Growth,PE - Buyouts/Growth,Private Equity,Private Equity,PE - Buyouts/Growth,1,5,19,0,0,0,0,LongueVue III,0,0,LongueVue,0,0
5819,Global Equity,Private Equity,PE - Buyouts/Growth,PE - Buyouts/Growth,Private Equity,Private Equity,PE - Buyouts/Growth,1,5,19,0,0,0,0,Cortec IV,0,0,Cortec,0,0
5793,Global Equity,Private Equity,PE - Buyouts/Growth,PE - Buyouts/Growth,Private Equity,Private Equity,PE - Buyouts/Growth,1,5,19,0,0,0,0,Distributed Stock - DCE,0,0,UTIMCO,0,0
5745,Global Equity,Private Equity,PE - Buyouts/Growth,PE - Buyouts/Growth,Private Equity,Private Equity,PE - Buyouts/Growth,1,5,19,0,0,0,0,American Industrial VII,0,0,American Industrial Partners,0,0
5459,Global Equity,Private Equity,PE - Buyouts/Growth,PE - Buyouts/Growth,Private Equity,Private Equity,PE - Buyouts/Growth,1,5,19,0,0,0,0,Centerbridge II,0,0,Centerbridge,0,0
5408,Global Equity,Private Equity,PE - Buyouts/Growth,PE - Buyouts/Growth,Private Equity,Private Equity,PE - Buyouts/Growth,1,5,19,0,0,0,0,Insight XI,0,0,Insight Venture Partners,0,0
5140,Global Equity,Private Equity,PE - Buyouts/Growth,PE - Buyouts/Growth,Private Equity,Private Equity,PE - Buyouts/Growth,1,5,19,0,0,0,0,GEC III,0,0,GEC,0,0
4898,Global Equity,Private Equity,PE - Buyouts/Growth,PE - Buyouts/Growth,Private Equity,Private Equity,PE - Buyouts/Growth,1,5,19,0,0,0,0,MSouth IV,0,0,MSouth,0,0
4834,Global Equity,Private Equity,PE - Buyouts/Growth,PE - Buyouts/Growth,Private Equity,Private Equity,PE - Buyouts/Growth,1,5,19,0,0,0,0,LGP Jade Equity I CF IV - Pye-Barker,0,0,Leonard Green,0,0
4818,Global Equity,Private Equity,PE - Buyouts/Growth,PE - Buyouts/Growth,Private Equity,Private Equity,PE - Buyouts/Growth,1,5,19,0,0,0,0,GTCR Strategic Growth II A,0,0,GTCR,0,0
4807,Global Equity,Private Equity,PE - Buyouts/Growth,PE - Buyouts/Growth,Private Equity,Private Equity,PE - Buyouts/Growth,1,5,19,0,0,0,0,Varde CI - GE - AUD,0,0,Varde,0,0
4777,Global Equity,Private Equity,PE - Buyouts/Growth,PE - Buyouts/Growth,Private Equity,Private Equity,PE - Buyouts/Growth,1,5,19,0,0,0,0,Viburnum CI - MTI Group,0,0,Viburnum,0,0
4586,Global Equity,Private Equity,PE - Buyouts/Growth,PE - Buyouts/Growth,Private Equity,Private Equity,PE - Buyouts/Growth,1,5,19,0,0,0,0,Altas III,0,0,Altas,0,0
4311,Global Equity,Private Equity,PE - Buyouts/Growth,PE - Buyouts/Growth,Private Equity,Private Equity,PE - Buyouts/Growth,1,5,19,0,0,0,0,Hg Saturn 4,0,0,HG Capital,0,0
4193,Global Equity,Private Equity,PE - Buyouts/Growth,PE - Buyouts/Growth,Private Equity,Private Equity,PE - Buyouts/Growth,1,5,19,0,0,0,0,Dragoneer CV - Accordion (AmWINS),0,0,Dragoneer,0,0
4139,Global Equity,Private Equity,PE - Buyouts/Growth,PE - Buyouts/Growth,Private Equity,Private Equity,PE - Buyouts/Growth,1,5,19,0,0,0,0,TPG X,0,0,TPG Capital,0,0
4113,Global Equity,Private Equity,PE - Buyouts/Growth,PE - Buyouts/Growth,Private Equity,Private Equity,PE - Buyouts/Growth,1,5,19,0,0,0,0,Reservoir CIP IV,0,0,Reservoir,0,0
4080,Global Equity,Private Equity,PE - Buyouts/Growth,PE - Buyouts/Growth,Private Equity,Private Equity,PE - Buyouts/Growth,1,5,19,0,0,0,0,Summa Equity III,0,0,Summa Equity,0,0
4079,Global Equity,Private Equity,PE - Buyouts/Growth,PE - Buyouts/Growth,Private Equity,Private Equity,PE - Buyouts/Growth,1,5,19,0,0,0,0,TPG Healthcare III,0,0,TPG Capital,0,0
4066,Global Equity,Private Equity,PE - Buyouts/Growth,PE - Buyouts/Growth,Private Equity,Private Equity,PE - Buyouts/Growth,1,5,19,0,0,0,0,Veritas IX,0,0,Veritas,0,0
4048,Global Equity,Private Equity,PE - Buyouts/Growth,PE - Buyouts/Growth,Private Equity,Private Equity,PE - Buyouts/Growth,1,5,19,0,0,0,0,LFM IV,0,0,LFM Capital,0,0
4037,Global Equity,Private Equity,PE - Buyouts/Growth,PE - Buyouts/Growth,Private Equity,Private Equity,PE - Buyouts/Growth,1,5,19,0,0,0,0,Advent GPE XI,0,0,Advent International,0,0
4003,Global Equity,Private Equity,PE - Buyouts/Growth,PE - Buyouts/Growth,Private Equity,Private Equity,PE - Buyouts/Growth,1,5,19,0,0,0,0,Triton II,0,0,Triton,0,0
3951,Global Equity,Private Equity,PE - Buyouts/Growth,PE - Buyouts/Growth,Private Equity,Private Equity,PE - Buyouts/Growth,1,5,19,0,0,0,0,Advent Global Technology III,0,0,Advent International,0,0
3936,Global Equity,Private Equity,PE - Buyouts/Growth,PE - Buyouts/Growth,Private Equity,Private Equity,PE - Buyouts/Growth,1,5,19,0,0,0,0,TPG Star,0,0,TPG Capital,0,0
3808,Global Equity,Private Equity,PE - Buyouts/Growth,PE - Buyouts/Growth,Private Equity,Private Equity,PE - Buyouts/Growth,1,5,19,0,0,0,0,Arcline III CI - Double Eagle,0,0,Arcline Investment Management,0,0
3803,Global Equity,Private Equity,PE - Buyouts/Growth,PE - Buyouts/Growth,Private Equity,Private Equity,PE - Buyouts/Growth,1,5,19,0,0,0,0,Wingate V CI Vehicle,0,0,Wingate,0,0
3798,Global Equity,Private Equity,PE - Buyouts/Growth,PE - Buyouts/Growth,Private Equity,Private Equity,PE - Buyouts/Growth,1,5,19,0,0,0,0,Thoma Bravo XVI,0,0,Thoma Bravo,0,0
3784,Global Equity,Private Equity,PE - Buyouts/Growth,PE - Buyouts/Growth,Private Equity,Private Equity,PE - Buyouts/Growth,1,5,19,0,0,0,0,Southwest Opp - TGF,0,0,TGF,0,0
3771,Global Equity,Private Equity,PE - Buyouts/Growth,PE - Buyouts/Growth,Private Equity,Private Equity,PE - Buyouts/Growth,1,5,19,0,0,0,0,LFM III,0,0,LFM Capital,0,0
3705,Global Equity,Private Equity,PE - Buyouts/Growth,PE - Buyouts/Growth,Private Equity,Private Equity,PE - Buyouts/Growth,1,5,19,0,0,0,0,Arctos Sports Partners II - CI,0,0,Arctos,0,0
3702,Global Equity,Private Equity,PE - Buyouts/Growth,PE - Buyouts/Growth,Private Equity,Private Equity,PE - Buyouts/Growth,1,5,19,0,0,0,0,GTCR Strategic Growth I B,0,0,GTCR,0,0
3684,Global Equity,Private Equity,PE - Buyouts/Growth,PE - Buyouts/Growth,Private Equity,Private Equity,PE - Buyouts/Growth,1,5,19,0,0,0,0,GTCR Oak Fund,0,0,GTCR,0,0
3675,Global Equity,Private Equity,PE - Buyouts/Growth,PE - Buyouts/Growth,Private Equity,Private Equity,PE - Buyouts/Growth,1,5,19,0,0,0,0,Warburg Pincus IX,0,0,Warburg Pincus,0,0
3651,Global Equity,Private Equity,PE - Buyouts/Growth,PE - Buyouts/Growth,Private Equity,Private Equity,PE - Buyouts/Growth,1,5,19,0,0,0,0,TPG IX,0,0,TPG Capital,0,0
3625,Global Equity,Private Equity,PE - Buyouts/Growth,PE - Buyouts/Growth,Private Equity,Private Equity,PE - Buyouts/Growth,1,5,19,0,0,0,0,Pomona V FOF,0,0,Pomona,0,0
3589,Global Equity,Private Equity,PE - Buyouts/Growth,PE - Buyouts/Growth,Private Equity,Private Equity,PE - Buyouts/Growth,1,5,19,0,0,0,0,Arctos Sports Partners II,0,0,Arctos,0,0
3558,Global Equity,Private Equity,PE - Buyouts/Growth,PE - Buyouts/Growth,Private Equity,Private Equity,PE - Buyouts/Growth,1,5,19,0,0,0,0,GTCR XIV B,0,0,GTCR,0,0
3511,Global Equity,Private Equity,PE - Buyouts/Growth,PE - Buyouts/Growth,Private Equity,Private Equity,PE - Buyouts/Growth,1,5,19,0,0,0,0,Teakwood III,0,0,Teakwood,0,0
3479,Global Equity,Private Equity,PE - Buyouts/Growth,PE - Buyouts/Growth,Private Equity,Private Equity,PE - Buyouts/Growth,1,5,19,0,0,0,0,TA XV CI - TA Omnia,0,0,TA Associates,0,0
3478,Global Equity,Private Equity,PE - Buyouts/Growth,PE - Buyouts/Growth,Private Equity,Private Equity,PE - Buyouts/Growth,1,5,19,0,0,0,0,Pomona VI FOF,0,0,Pomona,0,0
3300,Global Equity,Private Equity,PE - Buyouts/Growth,PE - Buyouts/Growth,Private Equity,Private Equity,PE - Buyouts/Growth,1,5,19,0,0,0,0,Serve Opp I,0,0,Serve,0,0
3067,Global Equity,Private Equity,PE - Buyouts/Growth,PE - Buyouts/Growth,Private Equity,Private Equity,PE - Buyouts/Growth,1,5,19,0,0,0,0,TPG IV,0,0,TPG Capital,0,0
3041,Global Equity,Private Equity,PE - Buyouts/Growth,PE - Buyouts/Growth,Private Equity,Private Equity,PE - Buyouts/Growth,1,5,19,0,0,0,0,Veritas VIII,0,0,Veritas,0,0
2984,Global Equity,Private Equity,PE - Buyouts/Growth,PE - Buyouts/Growth,Private Equity,Private Equity,PE - Buyouts/Growth,1,5,19,0,0,0,0,GTCR XIV A,0,0,GTCR,0,0
2956,Global Equity,Private Equity,PE - Buyouts/Growth,PE - Buyouts/Growth,Private Equity,Private Equity,PE - Buyouts/Growth,1,5,19,0,0,0,0,Parthenon II,0,0,Parthenon,0,0
2889,Global Equity,Private Equity,PE - Buyouts/Growth,PE - Buyouts/Growth,Private Equity,Private Equity,PE - Buyouts/Growth,1,5,19,0,0,0,0,Dragoneer VII,0,0,Dragoneer,0,0
2869,Global Equity,Private Equity,PE - Buyouts/Growth,PE - Buyouts/Growth,Private Equity,Private Equity,PE - Buyouts/Growth,1,5,19,0,0,0,0,GTCR Strategic Growth I A,0,0,GTCR,0,0
2804,Global Equity,Private Equity,PE - Buyouts/Growth,PE - Buyouts/Growth,Private Equity,Private Equity,PE - Buyouts/Growth,1,5,19,0,0,0,0,Cerberus Supply Chain,0,0,Cerberus,0,0
2741,Global Equity,Private Equity,PE - Buyouts/Growth,PE - Buyouts/Growth,Private Equity,Private Equity,PE - Buyouts/Growth,1,5,19,0,0,0,0,LGP Jade Equity II,0,0,Leonard Green,0,0
2733,Global Equity,Private Equity,PE - Buyouts/Growth,PE - Buyouts/Growth,Private Equity,Private Equity,PE - Buyouts/Growth,1,5,19,0,0,0,0,LNK II CI Vehicle,0,0,LNK,0,0
2685,Global Equity,Private Equity,PE - Buyouts/Growth,PE - Buyouts/Growth,Private Equity,Private Equity,PE - Buyouts/Growth,1,5,19,0,0,0,0,Accel-KKR Emerging Buyout II,0,0,Accel - KKR,0,0
2673,Global Equity,Private Equity,PE - Buyouts/Growth,PE - Buyouts/Growth,Private Equity,Private Equity,PE - Buyouts/Growth,1,5,19,0,0,0,0,LNK II,0,0,LNK,0,0
2668,Global Equity,Private Equity,PE - Buyouts/Growth,PE - Buyouts/Growth,Private Equity,Private Equity,PE - Buyouts/Growth,1,5,19,0,0,0,0,American Industrial VIII,0,0,American Industrial Partners,0,0
2572,Global Equity,Private Equity,PE - Buyouts/Growth,PE - Buyouts/Growth,Private Equity,Private Equity,PE - Buyouts/Growth,1,5,19,0,0,0,0,HIG Europe II,0,0,H.I.G. Capital,0,0
2548,Global Equity,Private Equity,PE - Buyouts/Growth,PE - Buyouts/Growth,Private Equity,Private Equity,PE - Buyouts/Growth,1,5,19,0,0,0,0,TA XV,0,0,TA Associates,0,0
2529,Global Equity,Private Equity,PE - Buyouts/Growth,PE - Buyouts/Growth,Private Equity,Private Equity,PE - Buyouts/Growth,1,5,19,0,0,0,0,Thoma Bravo Discover IV,0,0,Thoma Bravo,0,0
2476,Global Equity,Private Equity,PE - Buyouts/Growth,PE - Buyouts/Growth,Private Equity,Private Equity,PE - Buyouts/Growth,1,5,19,0,0,0,0,Lake Capital I,0,0,Lake Capital,0,0
2471,Global Equity,Private Equity,PE - Buyouts/Growth,PE - Buyouts/Growth,Private Equity,Private Equity,PE - Buyouts/Growth,1,5,19,0,0,0,0,American Securities IX,0,0,American Securities,0,0
2409,Global Equity,Private Equity,PE - Buyouts/Growth,PE - Buyouts/Growth,Private Equity,Private Equity,PE - Buyouts/Growth,1,5,19,0,0,0,0,Incline Ascent I,0,0,Incline Equity,0,0
2366,Global Equity,Private Equity,PE - Buyouts/Growth,PE - Buyouts/Growth,Private Equity,Private Equity,PE - Buyouts/Growth,1,5,19,0,0,0,0,Reservoir CP III,0,0,Reservoir,0,0
2338,Global Equity,Private Equity,PE - Buyouts/Growth,PE - Buyouts/Growth,Private Equity,Private Equity,PE - Buyouts/Growth,1,5,19,0,0,0,0,Inverness II,0,0,Inverness,0,0
2324,Global Equity,Private Equity,PE - Buyouts/Growth,PE - Buyouts/Growth,Private Equity,Private Equity,PE - Buyouts/Growth,1,5,19,0,0,0,0,Insight XII Buyout Annex,0,0,Insight Venture Partners,0,0
2317,Global Equity,Private Equity,PE - Buyouts/Growth,PE - Buyouts/Growth,Private Equity,Private Equity,PE - Buyouts/Growth,1,5,19,0,0,0,0,Incline Elevate II,0,0,Incline Equity,0,0
2234,Global Equity,Private Equity,PE - Buyouts/Growth,PE - Buyouts/Growth,Private Equity,Private Equity,PE - Buyouts/Growth,1,5,19,0,0,0,0,Thoma Bravo Discover III,0,0,Thoma Bravo,0,0
2045,Global Equity,Private Equity,PE - Buyouts/Growth,PE - Buyouts/Growth,Private Equity,Private Equity,PE - Buyouts/Growth,1,5,19,0,0,0,0,LGP Green Equity VIII CI - OMNIA,0,0,Leonard Green,0,0
2018,Global Equity,Private Equity,PE - Buyouts/Growth,PE - Buyouts/Growth,Private Equity,Private Equity,PE - Buyouts/Growth,1,5,19,0,0,0,0,GTCR XIII B,0,0,GTCR,0,0
1977,Global Equity,Private Equity,PE - Buyouts/Growth,PE - Buyouts/Growth,Private Equity,Private Equity,PE - Buyouts/Growth,1,5,19,0,0,0,0,LGP Green Equity V,0,0,Leonard Green,0,0
1960,Global Equity,Private Equity,PE - Buyouts/Growth,PE - Buyouts/Growth,Private Equity,Private Equity,PE - Buyouts/Growth,1,5,19,0,0,0,0,Fortress IV A,0,0,Fortress,0,0
1952,Global Equity,Private Equity,PE - Buyouts/Growth,PE - Buyouts/Growth,Private Equity,Private Equity,PE - Buyouts/Growth,1,5,19,0,0,0,0,Fortress IV CI Vehicle,0,0,Fortress,0,0
1944,Global Equity,Private Equity,PE - Buyouts/Growth,PE - Buyouts/Growth,Private Equity,Private Equity,PE - Buyouts/Growth,1,5,19,0,0,0,0,Thoma Bravo XV,0,0,Thoma Bravo,0,0
1938,Global Equity,Private Equity,PE - Buyouts/Growth,PE - Buyouts/Growth,Private Equity,Private Equity,PE - Buyouts/Growth,1,5,19,0,0,0,0,TPG CI - WellSky,0,0,TPG Capital,0,0
1785,Global Equity,Private Equity,PE - Buyouts/Growth,PE - Buyouts/Growth,Private Equity,Private Equity,PE - Buyouts/Growth,1,5,19,0,0,0,0,Hellman & Friedman X,0,0,Hellman & Friedman,0,0
1645,Global Equity,Private Equity,PE - Buyouts/Growth,PE - Buyouts/Growth,Private Equity,Private Equity,PE - Buyouts/Growth,1,5,19,0,0,0,0,Equistone I A,0,0,Equistone,0,0
1578,Global Equity,Private Equity,PE - Buyouts/Growth,PE - Buyouts/Growth,Private Equity,Private Equity,PE - Buyouts/Growth,1,5,19,0,0,0,0,Thoma Bravo XIV,0,0,Thoma Bravo,0,0
1541,Global Equity,Private Equity,PE - Buyouts/Growth,PE - Buyouts/Growth,Private Equity,Private Equity,PE - Buyouts/Growth,1,5,19,0,0,0,0,Bridgepoint VI CI - Dorna,0,0,Bridgepoint,0,0
1497,Global Equity,Private Equity,PE - Buyouts/Growth,PE - Buyouts/Growth,Private Equity,Private Equity,PE - Buyouts/Growth,1,5,19,0,0,0,0,Equistone III E,0,0,Equistone,0,0
1477,Global Equity,Private Equity,PE - Buyouts/Growth,PE - Buyouts/Growth,Private Equity,Private Equity,PE - Buyouts/Growth,1,5,19,0,0,0,0,TA XIII,0,0,TA Associates,0,0
1370,Global Equity,Private Equity,PE - Buyouts/Growth,PE - Buyouts/Growth,Private Equity,Private Equity,PE - Buyouts/Growth,1,5,19,0,0,0,0,CVC V,0,0,CVC Capital Partners,0,0
1341,Global Equity,Private Equity,PE - Buyouts/Growth,PE - Buyouts/Growth,Private Equity,Private Equity,PE - Buyouts/Growth,1,5,19,0,0,0,0,Trident IX,0,0,Stone Point,0,0
1337,Global Equity,Private Equity,PE - Buyouts/Growth,PE - Buyouts/Growth,Private Equity,Private Equity,PE - Buyouts/Growth,1,5,19,0,0,0,0,Insight XII,0,0,Insight Venture Partners,0,0
1257,Global Equity,Private Equity,PE - Buyouts/Growth,PE - Buyouts/Growth,Private Equity,Private Equity,PE - Buyouts/Growth,1,5,19,0,0,0,0,CVC IV Tandem,0,0,CVC Capital Partners,0,0
1218,Global Equity,Private Equity,PE - Buyouts/Growth,PE - Buyouts/Growth,Private Equity,Private Equity,PE - Buyouts/Growth,1,5,19,0,0,0,0,L Catterton CI - Cholula,0,0,L Catterton,0,0
1168,Global Equity,Private Equity,PE - Buyouts/Growth,PE - Buyouts/Growth,Private Equity,Private Equity,PE - Buyouts/Growth,1,5,19,0,0,0,0,HarbourVest - Longhorn HV CI 1,0,0,HarbourVest,0,0
1151,Global Equity,Private Equity,PE - Buyouts/Growth,PE - Buyouts/Growth,Private Equity,Private Equity,PE - Buyouts/Growth,1,5,19,0,0,0,0,HarbourVest - Longhorn HV CI Opps A,0,0,HarbourVest,0,0
1145,Global Equity,Private Equity,PE - Buyouts/Growth,PE - Buyouts/Growth,Private Equity,Private Equity,PE - Buyouts/Growth,1,5,19,0,0,0,0,LNK II CI - Life Time,0,0,LNK,0,0
1064,Global Equity,Private Equity,PE - Buyouts/Growth,PE - Buyouts/Growth,Private Equity,Private Equity,PE - Buyouts/Growth,1,5,19,0,0,0,0,Advent Global Technology,0,0,Advent International,0,0
1048,Global Equity,Private Equity,PE - Buyouts/Growth,PE - Buyouts/Growth,Private Equity,Private Equity,PE - Buyouts/Growth,1,5,19,0,0,0,0,TA Select Opp - A,0,0,TA Associates,0,0
948,Global Equity,Private Equity,PE - Buyouts/Growth,PE - Buyouts/Growth,Private Equity,Private Equity,PE - Buyouts/Growth,1,5,19,0,0,0,0,Carrick I,0,0,Carrick,0,0
851,Global Equity,Private Equity,PE - Buyouts/Growth,PE - Buyouts/Growth,Private Equity,Private Equity,PE - Buyouts/Growth,1,5,19,0,0,0,0,Thoma Bravo Explore I,0,0,Thoma Bravo,0,0
665,Global Equity,Private Equity,PE - Buyouts/Growth,PE - Buyouts/Growth,Private Equity,Private Equity,PE - Buyouts/Growth,1,5,19,0,0,0,0,GEC CI - FlowCo,0,0,GEC,0,0
207,Global Equity,Private Equity,PE - Buyouts/Growth,PE - Buyouts/Growth,Private Equity,Private Equity,PE - Buyouts/Growth,1,5,19,0,0,0,0,TPG VIII,0,0,TPG Capital,0,0
149,Global Equity,Private Equity,PE - Buyouts/Growth,PE - Buyouts/Growth,Private Equity,Private Equity,PE - Buyouts/Growth,1,5,19,0,0,0,0,American Securities III,0,0,American Securities,0,0
148,Global Equity,Private Equity,PE - Buyouts/Growth,PE - Buyouts/Growth,Private Equity,Private Equity,PE - Buyouts/Growth,1,5,19,0,0,0,0,Advent GPE IX,0,0,Advent International,0,0
30064,Global Equity,Unknown,Unknown,Unknown,Unknown,Unknown,,1,,,0,0,0,0,S&P 500 Futures,0,0,UTIMCO,0,0
28897,Global Equity,Emerging Markets Public Equity,Emerging Markets Public Equity,Emerging Markets Public Equity,Emerging Markets Public Equity,Emerging Markets Public Equity,,1,2,,0,0,0,0,MSCI EM Swap,0,0,UTIMCO,0,0
23917,Global Equity,Global Equity,Global Equity,Global Equity,Global Equity,Total Regime,,1,,,0,1,1,0,Total Global Equity,0,1,UTIMCO,1,0
19166,Global Equity,Emerging Markets Public Equity,Emerging Markets Public Equity,Emerging Markets Public Equity,Emerging Markets Public Equity,Emerging Markets Public Equity,,1,2,,0,0,0,0,EM Short Beta,0,0,UTIMCO,0,0
12727,Global Equity,Unknown,Unknown,Unknown,Unknown,Unknown,,1,,,0,0,0,0,Long Korea Futures,0,0,UTIMCO,0,0
6664,Global Equity,Emerging Markets Public Equity,Emerging Markets Public Equity,Emerging Markets Public Equity,Emerging Markets Public Equity,Emerging Markets Public Equity,,1,2,,0,0,0,0,CNH FX Hedges,0,0,UTIMCO,0,0
6060,Global Equity,Developed Markets Public Equity,Developed Markets Public Equity,Developed Markets Public Equity,Developed Markets Public Equity,Developed Markets Public Equity,,1,1,,1,1,0,0,Total Developed Public Equity,1,1,UTIMCO,0,0
5152,Global Equity,Unknown,Unknown,Unknown,Unknown,Unknown,,1,,,0,0,0,0,Samsung,0,0,UTIMCO,0,0
4445,Global Equity,Public Equity,Public Equity,Public Equity,Public Equity,Total Regime,,1,3,,1,0,0,1,Total Public Equity,1,0,UTIMCO,0,1
3969,Global Equity,Directional Hedge Funds,Directional Hedge Funds,Directional Hedge Funds,Directional Hedge Funds,Directional Hedge Funds,,1,4,,1,1,0,0,Total Directional Hedge,1,1,UTIMCO,0,0
3779,Global Equity,Directional Hedge Funds,Directional Hedge Funds,Directional Hedge Funds,Directional Hedge Funds,Directional Hedge Funds,,1,4,,0,1,0,0,Total Directional HF Pool,0,1,UTIMCO,0,0
24178,Global Equity,Developed Markets Public Equity,U.S. Public Equity,U.S. Public Equity,Developed Markets Public Equity,Developed Markets Public Equity,U.S. Public Equity,1,1,1,0,0,0,0,Polar Bio Hedge GDDUUS,0,0,UTIMCO,0,0
24157,Global Equity,Developed Markets Public Equity,U.S. Public Equity,U.S. Public Equity,Developed Markets Public Equity,Developed Markets Public Equity,U.S. Public Equity,1,1,1,0,0,0,0,DM EM Hedge NDDUWXUS,0,0,UTIMCO,0,0
22498,Global Equity,Emerging Markets Public Equity,Global EM Public Equity,Global EM Public Equity,Emerging Markets Public Equity,Emerging Markets Public Equity,Global EM Public Equity,1,2,5,0,0,0,0,MSCI EM ex-China Swap,0,0,UTIMCO,0,0
22018,Global Equity,Emerging Markets Public Equity,Global EM Public Equity,Global EM Public Equity,Emerging Markets Public Equity,Emerging Markets Public Equity,Global EM Public Equity,1,2,5,0,0,0,0,Taiwan Semi Swap,0,0,UTIMCO,0,0
20056,Global Equity,Developed Markets Public Equity,Hedge Fund Overlay,Hedge Fund Overlay,Developed Markets Public Equity,Developed Markets Public Equity,Hedge Fund Overlay,1,1,4,0,0,0,0,Total Portable Alpha DM Consol,0,0,UTIMCO,0,0
18916,Global Equity,Developed Markets Public Equity,U.S. Public Equity,U.S. Public Equity,Developed Markets Public Equity,Developed Markets Public Equity,U.S. Public Equity,1,1,1,0,0,0,0,MSCI US Value LC,0,0,UTIMCO,0,0
18658,Global Equity,Developed Markets Public Equity,Global Developed Public Equity,Global Developed Public Equity,Developed Markets Public Equity,Developed Markets Public Equity,Global Developed Public Equity,1,1,3,0,1,0,1,Total Global Developed Equity,0,1,UTIMCO,0,1
18627,Global Equity,Developed Markets Public Equity,U.S. Public Equity,U.S. Public Equity,Developed Markets Public Equity,Developed Markets Public Equity,U.S. Public Equity,1,1,1,0,0,0,0,Factor Basket - Custom Universe,0,0,UTIMCO,0,0
18496,Global Equity,Directional Hedge Funds,Long/Short Equity,Long/Short Equity,Directional Hedge Funds,Directional Hedge Funds,Long/Short Equity,1,4,7,0,0,0,0,Maverick Hedge - Coupang,0,0,UTIMCO,0,0
18338,Global Equity,Developed Markets Public Equity,U.S. Public Equity,U.S. Public Equity,Developed Markets Public Equity,Developed Markets Public Equity,U.S. Public Equity,1,1,1,0,0,0,0,Polar Bio Hedge XNBI,0,0,UTIMCO,0,0
17438,Global Equity,Developed Markets Public Equity,Hedge Fund Overlay,Hedge Fund Overlay,Developed Markets Public Equity,Developed Markets Public Equity,Hedge Fund Overlay,1,1,4,0,0,0,0,MSCI US - Levered Swaps for US-PA,0,0,UTIMCO,0,0
16394,Global Equity,Developed Markets Public Equity,Global Developed Public Equity,Global Developed Public Equity,Developed Markets Public Equity,Developed Markets Public Equity,Global Developed Public Equity,1,1,3,0,0,0,0,MSCI EM Reallocation,0,0,UTIMCO,0,0
13438,Global Equity,Developed Markets Public Equity,U.S. Public Equity,U.S. Public Equity,Developed Markets Public Equity,Developed Markets Public Equity,U.S. Public Equity,1,1,1,0,0,0,0,DM EM Hedge M1CNA,0,0,UTIMCO,0,0
13113,Global Equity,Developed Markets Public Equity,U.S. Public Equity,U.S. Public Equity,Developed Markets Public Equity,Developed Markets Public Equity,U.S. Public Equity,1,1,1,0,0,0,0,DM EM Hedge NDEUSKO,0,0,UTIMCO,0,0
10613,Global Equity,Developed Markets Public Equity,U.S. Public Equity,U.S. Public Equity,Developed Markets Public Equity,Developed Markets Public Equity,U.S. Public Equity,1,1,1,0,0,0,0,DM USD HEDGE,0,0,UTIMCO,0,0
10567,Global Equity,Developed Markets Public Equity,Non-U.S. Developed Public Equity,Non-U.S. Developed Public Equity,Developed Markets Public Equity,Developed Markets Public Equity,Non-U.S. Developed Public Equity,1,1,2,0,0,0,0,Indus Japan Forward,0,0,UTIMCO,0,0
10174,Global Equity,Developed Markets Public Equity,Non-U.S. Developed Public Equity,Non-U.S. Developed Public Equity,Developed Markets Public Equity,Developed Markets Public Equity,Non-U.S. Developed Public Equity,1,1,2,0,0,0,0,EAFE Swap,0,0,UTIMCO,0,0
9085,Global Equity,Developed Markets Public Equity,U.S. Public Equity,U.S. Public Equity,Developed Markets Public Equity,Developed Markets Public Equity,U.S. Public Equity,1,1,1,0,0,0,0,US Swap,0,0,UTIMCO,0,0
9038,Global Equity,Developed Markets Public Equity,U.S. Public Equity,U.S. Public Equity,Developed Markets Public Equity,Developed Markets Public Equity,U.S. Public Equity,1,1,1,0,0,0,0,DM EM Hedge NDEUCHF,0,0,UTIMCO,0,0
8769,Global Equity,Developed Markets Public Equity,Hedge Fund Overlay,Hedge Fund Overlay,Developed Markets Public Equity,Developed Markets Public Equity,Hedge Fund Overlay,1,1,4,0,1,0,1,Total Portable Alpha US Consol,0,1,UTIMCO,0,1
8174,Global Equity,Directional Hedge Funds,Directional Multi-Strat,Directional Multi-Strat,Directional Hedge Funds,Directional Hedge Funds,Directional Multi-Strat,1,4,9,0,1,0,0,Total Directional Hedge Multi,0,1,UTIMCO,0,0
7569,Global Equity,Developed Markets Public Equity,Hedge Fund Overlay,Hedge Fund Overlay,Developed Markets Public Equity,Developed Markets Public Equity,Hedge Fund Overlay,1,1,4,0,0,0,0,MSCI World - Levered Swaps for DM-PA,0,0,UTIMCO,0,0
7148,Global Equity,Developed Markets Public Equity,Global Developed Public Equity,Global Developed Public Equity,Developed Markets Public Equity,Developed Markets Public Equity,Global Developed Public Equity,1,1,3,0,0,0,0,Internal Factor Basket,0,0,UTIMCO,0,0
6014,Global Equity,Emerging Markets Public Equity,Global EM Public Equity,Global EM Public Equity,Emerging Markets Public Equity,Emerging Markets Public Equity,Global EM Public Equity,1,2,5,0,0,0,0,EM Short Futures,0,0,UTIMCO,0,0
4595,Global Equity,Developed Markets Public Equity,U.S. Public Equity,U.S. Public Equity,Developed Markets Public Equity,Developed Markets Public Equity,U.S. Public Equity,1,1,1,0,0,0,0,Factor Basket - DirHF Universe,0,0,UTIMCO,0,0
4478,Global Equity,Developed Markets Public Equity,U.S. Public Equity,U.S. Public Equity,Developed Markets Public Equity,Developed Markets Public Equity,U.S. Public Equity,1,1,1,0,0,0,0,DM EM Hedge GDDUUS,0,0,UTIMCO,0,0
4337,Global Equity,Developed Markets Public Equity,U.S. Public Equity,U.S. Public Equity,Developed Markets Public Equity,Developed Markets Public Equity,U.S. Public Equity,1,1,1,0,0,0,0,DM EM Hedge NDUEEGF,0,0,UTIMCO,0,0
4258,Global Equity,Developed Markets Public Equity,Global Developed Public Equity,Global Developed Public Equity,Developed Markets Public Equity,Developed Markets Public Equity,Global Developed Public Equity,1,1,3,0,0,0,0,DCE Futures,0,0,UTIMCO,0,0
4217,Global Equity,Directional Hedge Funds,Directional Credit,Directional Credit,Directional Hedge Funds,Directional Hedge Funds,Directional Credit,1,4,11,0,1,0,0,Total Directional Hedge Credit,0,1,UTIMCO,0,0
4124,Global Equity,Developed Markets Public Equity,Non-U.S. Developed Public Equity,Non-U.S. Developed Public Equity,Developed Markets Public Equity,Developed Markets Public Equity,Non-U.S. Developed Public Equity,1,1,2,0,1,0,1,Total Non-U.S. Developed Public Equity,0,1,UTIMCO,0,1
4068,Global Equity,Developed Markets Public Equity,U.S. Public Equity,U.S. Public Equity,Developed Markets Public Equity,Developed Markets Public Equity,U.S. Public Equity,1,1,1,0,0,0,0,S&P 500 Swap,0,0,UTIMCO,0,0
3822,Global Equity,Emerging Markets Public Equity,Global EM Public Equity,Global EM Public Equity,Emerging Markets Public Equity,Emerging Markets Public Equity,Global EM Public Equity,1,2,5,0,0,0,0,Taiwan Semi,0,0,UTIMCO,0,0
3766,Global Equity,Emerging Markets Public Equity,Hedge Fund Overlay,Hedge Fund Overlay,Emerging Markets Public Equity,Emerging Markets Public Equity,Hedge Fund Overlay,1,2,4,0,0,0,0,MSCI EM - Levered Swaps for EM-PA,0,0,UTIMCO,0,0
3680,Global Equity,Emerging Markets Public Equity,Global EM Public Equity,Global EM Public Equity,Emerging Markets Public Equity,Emerging Markets Public Equity,Global EM Public Equity,1,2,5,0,0,0,0,MSCI Taiwan Swap,0,0,UTIMCO,0,0
3659,Global Equity,Developed Markets Public Equity,Hedge Fund Overlay,Hedge Fund Overlay,Developed Markets Public Equity,Developed Markets Public Equity,Hedge Fund Overlay,1,1,4,0,0,0,0,Total Portable Alpha,0,0,UTIMCO,0,0
3626,Global Equity,Developed Markets Public Equity,U.S. Public Equity,U.S. Public Equity,Developed Markets Public Equity,Developed Markets Public Equity,U.S. Public Equity,1,1,1,0,0,0,0,S&P 500 ETF,0,0,UTIMCO,0,0
3624,Global Equity,Directional Hedge Funds,Long/Short Equity,Long/Short Equity,Directional Hedge Funds,Directional Hedge Funds,Long/Short Equity,1,4,7,0,1,0,0,Total Directional Hedge Long/Short Equity,0,1,UTIMCO,0,0
3384,Global Equity,Emerging Markets Public Equity,Global EM Public Equity,Global EM Public Equity,Emerging Markets Public Equity,Emerging Markets Public Equity,Global EM Public Equity,1,2,5,1,1,0,1,Total Emerging Markets Public Equity,1,1,UTIMCO,0,1
3261,Global Equity,Developed Markets Public Equity,U.S. Public Equity,U.S. Public Equity,Developed Markets Public Equity,Developed Markets Public Equity,U.S. Public Equity,1,1,1,0,1,0,1,Total U.S. Public Equity,0,1,UTIMCO,0,1
3060,Global Equity,Developed Markets Public Equity,U.S. Public Equity,U.S. Public Equity,Developed Markets Public Equity,Developed Markets Public Equity,U.S. Public Equity,1,1,1,0,0,0,0,GS US Value Passive,0,0,UTIMCO,0,0
2310,Global Equity,Emerging Markets Public Equity,Global EM Public Equity,Global EM Public Equity,Emerging Markets Public Equity,Emerging Markets Public Equity,Global EM Public Equity,1,2,5,0,0,0,0,Public EM Passive,0,0,UTIMCO,0,0
2081,Global Equity,Emerging Markets Public Equity,Global EM Public Equity,Global EM Public Equity,Emerging Markets Public Equity,Emerging Markets Public Equity,Global EM Public Equity,1,2,5,0,0,0,0,MSCI Taiwan Swap 02,0,0,UTIMCO,0,0
599,Global Equity,Developed Markets Public Equity,Global Developed Public Equity,Global Developed Public Equity,Developed Markets Public Equity,Developed Markets Public Equity,Global Developed Public Equity,1,1,3,0,0,0,0,US Swap - Global Equity,0,0,UTIMCO,0,0
218,Global Equity,Developed Markets Public Equity,Global Developed Public Equity,Global Developed Public Equity,Developed Markets Public Equity,Developed Markets Public Equity,Global Developed Public Equity,1,1,3,0,0,0,0,MSCI World Swap,0,0,UTIMCO,0,0
188,Global Equity,Developed Markets Public Equity,U.S. Public Equity,U.S. Public Equity,Developed Markets Public Equity,Developed Markets Public Equity,U.S. Public Equity,1,1,1,0,0,0,0,MSCI US Passive,0,0,UTIMCO,0,0
32804,Global Equity,Developed Markets Public Equity,Hedge Fund Overlay,Hedge Fund Overlay,Developed Markets Public Equity,Developed Markets Public Equity,Hedge Fund Overlay,1,1,4,0,0,0,0,Junto US-PA,0,0,Junto,0,0
23638,Global Equity,Developed Markets Public Equity,Hedge Fund Overlay,Hedge Fund Overlay,Developed Markets Public Equity,Developed Markets Public Equity,Hedge Fund Overlay,1,1,4,0,0,0,0,DE Shaw Alkali V Onshore DM-PA,0,0,DE Shaw,0,0
23578,Global Equity,Developed Markets Public Equity,Hedge Fund Overlay,Hedge Fund Overlay,Developed Markets Public Equity,Developed Markets Public Equity,Hedge Fund Overlay,1,1,4,0,0,0,0,DE Shaw Alkali V Offshore US-PA,0,0,DE Shaw,0,0
23377,Global Equity,Developed Markets Public Equity,Hedge Fund Overlay,Hedge Fund Overlay,Developed Markets Public Equity,Developed Markets Public Equity,Hedge Fund Overlay,1,1,4,0,0,0,0,DE Shaw Alkali V Offshore DM-PA,0,0,DE Shaw,0,0
21806,Global Equity,Developed Markets Public Equity,Hedge Fund Overlay,Hedge Fund Overlay,Developed Markets Public Equity,Developed Markets Public Equity,Hedge Fund Overlay,1,1,4,0,0,0,0,Marshall Wace Systematic Alpha US-PA,0,0,Marshall Wace,0,0
21245,Global Equity,Developed Markets Public Equity,Hedge Fund Overlay,Hedge Fund Overlay,Developed Markets Public Equity,Developed Markets Public Equity,Hedge Fund Overlay,1,1,4,0,0,0,0,Walleye US-PA,0,0,Walleye Capital LLC,0,0
21187,Global Equity,Developed Markets Public Equity,Hedge Fund Overlay,Hedge Fund Overlay,Developed Markets Public Equity,Developed Markets Public Equity,Hedge Fund Overlay,1,1,4,0,0,0,0,Millennium HF DM-PA,0,0,Millennium Management,0,0
20947,Global Equity,Developed Markets Public Equity,Hedge Fund Overlay,Hedge Fund Overlay,Developed Markets Public Equity,Developed Markets Public Equity,Hedge Fund Overlay,1,1,4,0,0,0,0,Highbridge Tactical Credit US-PA,0,0,Highbridge,0,0
20312,Global Equity,Developed Markets Public Equity,Hedge Fund Overlay,Hedge Fund Overlay,Developed Markets Public Equity,Developed Markets Public Equity,Hedge Fund Overlay,1,1,4,0,0,0,0,Juniperus DM-PA,0,0,Pillar Capital,0,0
19696,Global Equity,Developed Markets Public Equity,Hedge Fund Overlay,Hedge Fund Overlay,Developed Markets Public Equity,Developed Markets Public Equity,Hedge Fund Overlay,1,1,4,0,0,0,0,Jain Onshore DM-PA,0,0,Jain Global,0,0
18867,Global Equity,Developed Markets Public Equity,Hedge Fund Overlay,Hedge Fund Overlay,Developed Markets Public Equity,Developed Markets Public Equity,Hedge Fund Overlay,1,1,4,0,0,0,0,DE Shaw Diopter Onshore DM-PA,0,0,DE Shaw,0,0
18507,Global Equity,Developed Markets Public Equity,Hedge Fund Overlay,Hedge Fund Overlay,Developed Markets Public Equity,Developed Markets Public Equity,Hedge Fund Overlay,1,1,4,0,0,0,0,Marshall Wace Alpha Plus US-PA,0,0,Marshall Wace,0,0
17427,Global Equity,Developed Markets Public Equity,Hedge Fund Overlay,Hedge Fund Overlay,Developed Markets Public Equity,Developed Markets Public Equity,Hedge Fund Overlay,1,1,4,0,0,0,0,Junto DM-PA,0,0,Junto,0,0
16994,Global Equity,Developed Markets Public Equity,Hedge Fund Overlay,Hedge Fund Overlay,Developed Markets Public Equity,Developed Markets Public Equity,Hedge Fund Overlay,1,1,4,0,0,0,0,Silver Point Specialty Credit II DM-PA,0,0,Silver Point,0,0
16334,Global Equity,Developed Markets Public Equity,Hedge Fund Overlay,Hedge Fund Overlay,Developed Markets Public Equity,Developed Markets Public Equity,Hedge Fund Overlay,1,1,4,0,0,0,0,Hound Variable Beta DM-PA,0,0,Hound,0,0
16205,Global Equity,Developed Markets Public Equity,Hedge Fund Overlay,Hedge Fund Overlay,Developed Markets Public Equity,Developed Markets Public Equity,Hedge Fund Overlay,1,1,4,0,0,0,0,ExodusPoint Onshore US-PA,0,0,ExodusPoint,0,0
15444,Global Equity,Developed Markets Public Equity,Hedge Fund Overlay,Hedge Fund Overlay,Developed Markets Public Equity,Developed Markets Public Equity,Hedge Fund Overlay,1,1,4,0,0,0,0,Woodline DM-PA,0,0,Woodline Partners,0,0
14114,Global Equity,Developed Markets Public Equity,Hedge Fund Overlay,Hedge Fund Overlay,Developed Markets Public Equity,Developed Markets Public Equity,Hedge Fund Overlay,1,1,4,0,0,0,0,ExodusPoint Offshore US-PA,0,0,ExodusPoint,0,0
12765,Global Equity,Developed Markets Public Equity,Hedge Fund Overlay,Hedge Fund Overlay,Developed Markets Public Equity,Developed Markets Public Equity,Hedge Fund Overlay,1,1,4,0,0,0,0,Silver Point Specialty Lending US-PA,0,0,Silver Point,0,0
12625,Global Equity,Developed Markets Public Equity,Hedge Fund Overlay,Hedge Fund Overlay,Developed Markets Public Equity,Developed Markets Public Equity,Hedge Fund Overlay,1,1,4,0,0,0,0,Dockside I DM-PA,0,0,Walleye Capital LLC,0,0
12505,Global Equity,Developed Markets Public Equity,Hedge Fund Overlay,Hedge Fund Overlay,Developed Markets Public Equity,Developed Markets Public Equity,Hedge Fund Overlay,1,1,4,0,0,0,0,BSOF Co-Invest DM-PA,0,0,Blackstone,0,0
12453,Global Equity,Developed Markets Public Equity,Hedge Fund Overlay,Hedge Fund Overlay,Developed Markets Public Equity,Developed Markets Public Equity,Hedge Fund Overlay,1,1,4,0,0,0,0,Freestone Grove US-PA,0,0,Freestone Grove Partners,0,0
12285,Global Equity,Developed Markets Public Equity,Hedge Fund Overlay,Hedge Fund Overlay,Developed Markets Public Equity,Developed Markets Public Equity,Hedge Fund Overlay,1,1,4,0,0,0,0,Jain Offshore US-PA,0,0,Jain Global,0,0
11925,Global Equity,Developed Markets Public Equity,Hedge Fund Overlay,Hedge Fund Overlay,Developed Markets Public Equity,Developed Markets Public Equity,Hedge Fund Overlay,1,1,4,0,0,0,0,Two Sigma Absolute Return Enhanced DM-PA,0,0,Two Sigma,0,0
11565,Global Equity,Developed Markets Public Equity,Hedge Fund Overlay,Hedge Fund Overlay,Developed Markets Public Equity,Developed Markets Public Equity,Hedge Fund Overlay,1,1,4,0,0,0,0,Marshall Wace Alpha Plus DM-PA,0,0,Marshall Wace,0,0
11545,Global Equity,Developed Markets Public Equity,Hedge Fund Overlay,Hedge Fund Overlay,Developed Markets Public Equity,Developed Markets Public Equity,Hedge Fund Overlay,1,1,4,0,0,0,0,Two Sigma Absolute Return DM-PA,0,0,Two Sigma,0,0
9431,Global Equity,Developed Markets Public Equity,Hedge Fund Overlay,Hedge Fund Overlay,Developed Markets Public Equity,Developed Markets Public Equity,Hedge Fund Overlay,1,1,4,0,0,0,0,DE Shaw Diopter Onshore US-PA,0,0,DE Shaw,0,0
9371,Global Equity,Developed Markets Public Equity,Hedge Fund Overlay,Hedge Fund Overlay,Developed Markets Public Equity,Developed Markets Public Equity,Hedge Fund Overlay,1,1,4,0,0,0,0,Two Sigma Absolute Return Enhanced US-PA,0,0,Two Sigma,0,0
9277,Global Equity,Developed Markets Public Equity,Hedge Fund Overlay,Hedge Fund Overlay,Developed Markets Public Equity,Developed Markets Public Equity,Hedge Fund Overlay,1,1,4,0,0,0,0,DE Shaw Diopter Offshore US-PA,0,0,DE Shaw,0,0