DimInvestmentID,DimAccountID,InvestmentManagerID,Name,AssetClass,SubAssetClass,InvestmentRegime,IsPrimaryAccount,AsOfDate,NAV,Twr1Month,Twr3Month,Twr1Year,Twr3Year,Twr5Year,Twr10Year,TwrFytd,TwrYtd,TwrSince98,SINCE_INCEPTION,INCEPTION_DATE,AdjustedBegMV,TOT_MARKET_VALUE,DimPortfolioID,BenchmarkDimAccountID,Account,DimBenchmarkID,BenchmarkName,Twr6Month,Twr2Year,Twr4Year,Twr7Year
3766,7492,UTIMCO,MSCI EM - Levered Swaps for EM-PA,Emerging Markets Public Equity,Hedge Fund Overlay,Global Equity,TRUE,30-09-2022 00:00:00,,-0.117232,-0.115724,-0.281141,-0.020667,-0.018069,0.010479,-0.117232,-0.271588,,9.0232,,64720020027,57346595506,12,89951,IX1F00274888,3510,MSCI EM,-0.216972,-0.078197,-0.020541,0.038819
18848,12120,Cantillon Capital,Cantillon,Developed Markets Public Equity,Global Developed Public Equity,Global Equity,TRUE,30-09-2022 00:00:00,,-0.095729,-0.068197,-0.206595,0.037468,0.04442,0.072812,-0.095729,-0.256251,,5.0311,,571573000000,514897000000,12,80172,IX1F00285998,3594,Cantillon Custom Benchmark,-0.214122,0.005524,0.031498,0.074232
18848,10491,Cantillon Capital,Cantillon,Developed Markets Public Equity,Global Developed Public Equity,Global Equity,TRUE,30-09-2022 00:00:00,,-0.095729,-0.068197,-0.206595,0.037468,0.04442,0.072812,-0.095729,-0.256251,,5.0311,,571573000000,514897000000,12,80172,IX1F00285998,3594,Cantillon Custom Benchmark,-0.214122,0.005524,0.031498,0.074232
4124,13672,UTIMCO,Total Non-U.S. Developed Public Equity,Developed Markets Public Equity,Non-U.S. Developed Public Equity,Global Equity,TRUE,30-09-2022 00:00:00,,-0.092569,-0.091952,-0.23911,-0.012119,-0.003946,0.036244,-0.092569,-0.2623,,7.1143,,153420000000,138437000000,12,87547,IX1F00100188,3330,MSCI EAFE and Canada,-0.225032,-0.018925,-0.011461,0.032087
27605,1012,DE Shaw,DE Shaw AE - Combined Returns,Developed Markets Public Equity,Global Developed Public Equity,Global Equity,TRUE,30-09-2022 00:00:00,,-0.093116,-0.048139,-0.176032,0.076188,0.086266,0.110189,-0.093116,-0.250752,,9.7246,,353432000000,319114000000,12,78606,IX1F00053058,4434,DE Shaw AE Composite Custom,-0.208764,0.034767,0.065789,0.106987
27605,81215,DE Shaw,DE Shaw AE - Combined Returns,Developed Markets Public Equity,Global Developed Public Equity,Global Equity,TRUE,30-09-2022 00:00:00,,-0.093116,-0.048139,-0.176032,0.076188,0.086266,0.110189,-0.093116,-0.250752,,9.7246,,353432000000,319114000000,12,78606,IX1F00053058,4434,DE Shaw AE Composite Custom,-0.208764,0.034767,0.065789,0.106987
7193,81095,Eminence,Eminence US,Developed Markets Public Equity,U.S. Public Equity,Global Equity,TRUE,30-09-2022 00:00:00,,-0.093116,-0.048139,-0.176032,0.076188,0.086266,0.110189,,-0.250752,,9.7246,,353432000000,319114000000,12,78606,IX1F00053058,163,Eminence US Custom BM,-0.208764,0.034767,0.065789,0.106987
7193,115817,Eminence,Eminence US,Developed Markets Public Equity,U.S. Public Equity,Global Equity,TRUE,30-09-2022 00:00:00,,-0.093116,-0.048139,-0.176032,0.076188,0.086266,0.110189,,-0.250752,,9.7246,,353432000000,319114000000,12,78606,IX1F00053058,163,Eminence US Custom BM,-0.208764,0.034767,0.065789,0.106987
11138,83135,Cooke & Bieler,Cooke & Bieler CV,Developed Markets Public Equity,U.S. Public Equity,Global Equity,TRUE,30-09-2022 00:00:00,,-0.088554,-0.055567,-0.117851,0.043746,0.051128,0.090803,-0.088554,-0.179724,,11.3959,,177660000000,175689000000,12,81486,IX1F00061088,2584,Russell 3000 Value,-0.172731,0.097906,0.040536,0.081021
11138,90078,Cooke & Bieler,Cooke & Bieler CV,Developed Markets Public Equity,U.S. Public Equity,Global Equity,TRUE,30-09-2022 00:00:00,,-0.088554,-0.055567,-0.117851,0.043746,0.051128,0.090803,-0.088554,-0.179724,,11.3959,,177660000000,175689000000,12,81486,IX1F00061088,2584,Russell 3000 Value,-0.172731,0.097906,0.040536,0.081021
4153,75995,ValueAct Capital,ValueAct,Developed Markets Public Equity,U.S. Public Equity,Global Equity,TRUE,30-09-2022 00:00:00,,-0.093116,-0.048139,-0.176032,0.076188,0.086266,0.110189,,-0.250752,,9.7246,,353432000000,319114000000,12,78606,IX1F00053058,26,50% MSCI US/50% MSCI US Midcap Value,-0.208764,0.034767,0.065789,0.106987
4153,11151,ValueAct Capital,ValueAct,Developed Markets Public Equity,U.S. Public Equity,Global Equity,TRUE,30-09-2022 00:00:00,,-0.093116,-0.048139,-0.176032,0.076188,0.086266,0.110189,,-0.250752,,9.7246,,353432000000,319114000000,12,78606,IX1F00053058,26,50% MSCI US/50% MSCI US Midcap Value,-0.208764,0.034767,0.065789,0.106987
5925,81335,Janchor,Janchor Opp II,Emerging Markets Public Equity,Global EM Public Equity,Global Equity,TRUE,30-09-2022 00:00:00,,-0.087494,-0.067978,-0.168403,0.028315,0.022972,0.074176,,-0.160281,,4.5121,,99999375254,87874110466,12,79572,IX1F00285408,1650,Janchor Opp Custom BM,-0.125408,-0.000387,0.01202,0.055016
5925,97218,Janchor,Janchor Opp II,Emerging Markets Public Equity,Global EM Public Equity,Global Equity,TRUE,30-09-2022 00:00:00,,-0.087494,-0.067978,-0.168403,0.028315,0.022972,0.074176,,-0.160281,,4.5121,,99999375254,87874110466,12,79572,IX1F00285408,1650,Janchor Opp Custom BM,-0.125408,-0.000387,0.01202,0.055016
7165,97158,Janchor,Janchor Opp I,Emerging Markets Public Equity,Global EM Public Equity,Global Equity,TRUE,30-09-2022 00:00:00,,-0.087494,-0.067978,-0.168403,0.028315,0.022972,0.074176,,-0.160281,,4.5121,,99999375254,87874110466,12,79572,IX1F00285408,1650,Janchor Opp Custom BM,-0.125408,-0.000387,0.01202,0.055016
7165,13260,Janchor,Janchor Opp I,Emerging Markets Public Equity,Global EM Public Equity,Global Equity,TRUE,30-09-2022 00:00:00,,-0.087494,-0.067978,-0.168403,0.028315,0.022972,0.074176,,-0.160281,,4.5121,,99999375254,87874110466,12,79572,IX1F00285408,1650,Janchor Opp Custom BM,-0.125408,-0.000387,0.01202,0.055016
7165,13260,Janchor,Janchor Opp I,Emerging Markets Public Equity,Global EM Public Equity,Global Equity,TRUE,30-09-2022 00:00:00,,-0.123247,-0.125069,-0.282258,-0.014616,-0.00879,0.034036,-0.123247,-0.27108,,6.9425,,57353347839,50217217114,12,82332,IX1F00309178,1650,Janchor Opp Custom BM,-0.216345,-0.086083,-0.018855,0.042633
7165,97158,Janchor,Janchor Opp I,Emerging Markets Public Equity,Global EM Public Equity,Global Equity,TRUE,30-09-2022 00:00:00,,-0.123247,-0.125069,-0.282258,-0.014616,-0.00879,0.034036,-0.123247,-0.27108,,6.9425,,57353347839,50217217114,12,82332,IX1F00309178,1650,Janchor Opp Custom BM,-0.216345,-0.086083,-0.018855,0.042633
5925,97218,Janchor,Janchor Opp II,Emerging Markets Public Equity,Global EM Public Equity,Global Equity,TRUE,30-09-2022 00:00:00,,-0.123247,-0.125069,-0.282258,-0.014616,-0.00879,0.034036,-0.123247,-0.27108,,6.9425,,57353347839,50217217114,12,82332,IX1F00309178,1650,Janchor Opp Custom BM,-0.216345,-0.086083,-0.018855,0.042633
5925,81335,Janchor,Janchor Opp II,Emerging Markets Public Equity,Global EM Public Equity,Global Equity,TRUE,30-09-2022 00:00:00,,-0.123247,-0.125069,-0.282258,-0.014616,-0.00879,0.034036,-0.123247,-0.27108,,6.9425,,57353347839,50217217114,12,82332,IX1F00309178,1650,Janchor Opp Custom BM,-0.216345,-0.086083,-0.018855,0.042633
3822,82595,UTIMCO,Taiwan Semi,Emerging Markets Public Equity,Global EM Public Equity,Global Equity,TRUE,30-09-2022 00:00:00,,-0.158356,-0.144749,-0.305269,0.103513,0.080388,0.094951,-0.158356,-0.359287,,6.7459,,9446875850,7925135774,12,78372,IX1F00281838,604,MSCI Taiwan Net Dividend,-0.314178,-0.002392,0.076186,0.110895
3822,89178,UTIMCO,Taiwan Semi,Emerging Markets Public Equity,Global EM Public Equity,Global Equity,TRUE,30-09-2022 00:00:00,,-0.158356,-0.144749,-0.305269,0.103513,0.080388,0.094951,-0.158356,-0.359287,,6.7459,,9446875850,7925135774,12,78372,IX1F00281838,604,MSCI Taiwan Net Dividend,-0.314178,-0.002392,0.076186,0.110895
4406,97038,Charles-Lim,Charles-Lim Asia,Emerging Markets Public Equity,Global EM Public Equity,Global Equity,TRUE,30-09-2022 00:00:00,,-0.127695,-0.13834,-0.287495,-0.01331,-0.012075,0.030273,-0.127695,-0.278604,,6.9425,,57353347839,50217217114,12,82332,IX1F00309178,2070,MSCI AC Asia ex-Japan,-0.215928,-0.097104,-0.018621,0.043688
4406,80255,Charles-Lim,Charles-Lim Asia,Emerging Markets Public Equity,Global EM Public Equity,Global Equity,TRUE,30-09-2022 00:00:00,,-0.127695,-0.13834,-0.287495,-0.01331,-0.012075,0.030273,-0.127695,-0.278604,,6.9425,,57353347839,50217217114,12,82332,IX1F00309178,2070,MSCI AC Asia ex-Japan,-0.215928,-0.097104,-0.018621,0.043688
20584,77135,Proa Partners,Proa,Emerging Markets Public Equity,Global EM Public Equity,Global Equity,TRUE,30-09-2022 00:00:00,,-0.127695,-0.13834,-0.287495,-0.01331,-0.012075,0.030273,-0.127695,-0.278604,,6.9425,,57353347839,50217217114,12,82332,IX1F00309178,2070,MSCI AC Asia ex-Japan,-0.215928,-0.097104,-0.018621,0.043688
20584,110597,Proa Partners,Proa,Emerging Markets Public Equity,Global EM Public Equity,Global Equity,TRUE,30-09-2022 00:00:00,,-0.127695,-0.13834,-0.287495,-0.01331,-0.012075,0.030273,-0.127695,-0.278604,,6.9425,,57353347839,50217217114,12,82332,IX1F00309178,2070,MSCI AC Asia ex-Japan,-0.215928,-0.097104,-0.018621,0.043688
1993,110117,Hillhouse,Hillhouse Gaoling,Emerging Markets Public Equity,Global EM Public Equity,Global Equity,TRUE,30-09-2022 00:00:00,,-0.145443,-0.224376,-0.352907,-0.070557,-0.054207,0.025614,-0.145443,-0.31117,,0.5137,,20766554450,17975987064,12,87726,IX1F00078668,3030,MSCI China,-0.197248,-0.225235,-0.062451,0.019089
1993,75155,Hillhouse,Hillhouse Gaoling,Emerging Markets Public Equity,Global EM Public Equity,Global Equity,TRUE,30-09-2022 00:00:00,,-0.145443,-0.224376,-0.352907,-0.070557,-0.054207,0.025614,-0.145443,-0.31117,,0.5137,,20766554450,17975987064,12,87726,IX1F00078668,3030,MSCI China,-0.197248,-0.225235,-0.062451,0.019089
2629,82355,CoreView Capital Management,CoreView China,Emerging Markets Public Equity,Global EM Public Equity,Global Equity,TRUE,30-09-2022 00:00:00,,-0.145443,-0.224376,-0.352907,-0.070557,-0.054207,0.025614,-0.145443,-0.31117,,0.5137,,20766554450,17975987064,12,87726,IX1F00078668,3030,MSCI China,-0.197248,-0.225235,-0.062451,0.019089
2629,88758,CoreView Capital Management,CoreView China,Emerging Markets Public Equity,Global EM Public Equity,Global Equity,TRUE,30-09-2022 00:00:00,,-0.145443,-0.224376,-0.352907,-0.070557,-0.054207,0.025614,-0.145443,-0.31117,,0.5137,,20766554450,17975987064,12,87726,IX1F00078668,3030,MSCI China,-0.197248,-0.225235,-0.062451,0.019089
3384,713,UTIMCO,Total Emerging Markets Public Equity,Emerging Markets Public Equity,Global EM Public Equity,Global Equity,TRUE,30-09-2022 00:00:00,,-0.117232,-0.115724,-0.281141,-0.020667,-0.018069,0.010479,-0.117232,-0.271588,,9.0232,,64720020027,57346595506,12,89951,IX1F00274888,103,EM Policy Blended BM,-0.216972,-0.078197,-0.020541,0.038819
9993,116237,Marshall Wace,Marshall Wace EM,Emerging Markets Public Equity,Global EM Public Equity,Global Equity,TRUE,30-09-2022 00:00:00,,-0.117232,-0.115724,-0.281141,-0.020667,-0.018069,0.010479,-0.117232,-0.271588,,9.0232,,64720020027,57346595506,12,89951,IX1F00274888,3510,MSCI EM,-0.216972,-0.078197,-0.020541,0.038819
9993,81515,Marshall Wace,Marshall Wace EM,Emerging Markets Public Equity,Global EM Public Equity,Global Equity,TRUE,30-09-2022 00:00:00,,-0.117232,-0.115724,-0.281141,-0.020667,-0.018069,0.010479,-0.117232,-0.271588,,9.0232,,64720020027,57346595506,12,89951,IX1F00274888,3510,MSCI EM,-0.216972,-0.078197,-0.020541,0.038819
3984,12480,Acadian,Acadian EM Core,Emerging Markets Public Equity,Global EM Public Equity,Global Equity,TRUE,30-09-2022 00:00:00,,-0.117232,-0.115724,-0.281141,-0.020667,-0.018069,0.010479,-0.117232,-0.271588,,9.0232,,64720020027,57346595506,12,89951,IX1F00274888,3510,MSCI EM,-0.216972,-0.078197,-0.020541,0.038819
2310,6352,UTIMCO,Public EM Passive,Emerging Markets Public Equity,Global EM Public Equity,Global Equity,TRUE,30-09-2022 00:00:00,,-0.117232,-0.115724,-0.281141,-0.020667,-0.018069,0.010479,-0.117232,-0.271588,,9.0232,,64720020027,57346595506,12,89951,IX1F00274888,3510,MSCI EM,-0.216972,-0.078197,-0.020541,0.038819
6817,116117,Marshall Wace,Marshall Wace US 150-50,Developed Markets Public Equity,U.S. Public Equity,Global Equity,TRUE,30-09-2022 00:00:00,,-0.093116,-0.048139,-0.176032,0.076188,0.086266,0.110189,-0.093116,-0.250752,0.061597,9.7246,,353432000000,319114000000,12,78606,IX1F00053058,664,MSCI United States,-0.208764,0.034767,0.06579,0.106987
6817,81395,Marshall Wace,Marshall Wace US 150-50,Developed Markets Public Equity,U.S. Public Equity,Global Equity,TRUE,30-09-2022 00:00:00,,-0.093116,-0.048139,-0.176032,0.076188,0.086266,0.110189,-0.093116,-0.250752,0.061597,9.7246,,353432000000,319114000000,12,78606,IX1F00053058,664,MSCI United States,-0.208764,0.034767,0.06579,0.106987
761,81215,DE Shaw,DE Shaw US 130-30,Developed Markets Public Equity,U.S. Public Equity,Global Equity,TRUE,30-09-2022 00:00:00,,-0.093116,-0.048139,-0.176032,0.076188,0.086266,0.110189,-0.093116,-0.250752,0.061597,9.7246,,353432000000,319114000000,12,78606,IX1F00053058,664,MSCI United States,-0.208764,0.034767,0.06579,0.106987
761,1012,DE Shaw,DE Shaw US 130-30,Developed Markets Public Equity,U.S. Public Equity,Global Equity,TRUE,30-09-2022 00:00:00,,-0.093116,-0.048139,-0.176032,0.076188,0.086266,0.110189,-0.093116,-0.250752,0.061597,9.7246,,353432000000,319114000000,12,78606,IX1F00053058,664,MSCI United States,-0.208764,0.034767,0.06579,0.106987
188,5632,UTIMCO,MSCI US Passive,Developed Markets Public Equity,U.S. Public Equity,Global Equity,TRUE,30-09-2022 00:00:00,,-0.093116,-0.048139,-0.176032,0.076188,0.086266,0.110189,-0.093116,-0.250752,0.061597,9.7246,,353432000000,319114000000,12,78606,IX1F00053058,664,MSCI United States,-0.208764,0.034767,0.06579,0.106987
8137,89358,Echo Street,Echo Street New World,Developed Markets Public Equity,U.S. Public Equity,Global Equity,TRUE,30-09-2022 00:00:00,,-0.093116,-0.048139,-0.176032,0.076188,0.086266,0.110189,-0.093116,-0.250752,0.061597,9.7246,,353432000000,319114000000,12,78606,IX1F00053058,664,MSCI United States,-0.208764,0.034767,0.06579,0.106987
8137,82715,Echo Street,Echo Street New World,Developed Markets Public Equity,U.S. Public Equity,Global Equity,TRUE,30-09-2022 00:00:00,,-0.093116,-0.048139,-0.176032,0.076188,0.086266,0.110189,-0.093116,-0.250752,0.061597,9.7246,,353432000000,319114000000,12,78606,IX1F00053058,664,MSCI United States,-0.208764,0.034767,0.06579,0.106987
6345,117137,Echo Street,Echo Street Select Plus,Developed Markets Public Equity,U.S. Public Equity,Global Equity,TRUE,30-09-2022 00:00:00,,-0.093116,-0.048139,-0.176032,0.076188,0.086266,0.110189,-0.093116,-0.250752,0.061597,9.7246,,353432000000,319114000000,12,78606,IX1F00053058,664,MSCI United States,-0.208764,0.034767,0.06579,0.106987
6345,82175,Echo Street,Echo Street Select Plus,Developed Markets Public Equity,U.S. Public Equity,Global Equity,TRUE,30-09-2022 00:00:00,,-0.093116,-0.048139,-0.176032,0.076188,0.086266,0.110189,-0.093116,-0.250752,0.061597,9.7246,,353432000000,319114000000,12,78606,IX1F00053058,664,MSCI United States,-0.208764,0.034767,0.06579,0.106987
1961,117017,Echo Street,Echo Street Select,Developed Markets Public Equity,U.S. Public Equity,Global Equity,TRUE,30-09-2022 00:00:00,,-0.093116,-0.048139,-0.176032,0.076188,0.086266,0.110189,-0.093116,-0.250752,0.061597,9.7246,,353432000000,319114000000,12,78606,IX1F00053058,664,MSCI United States,-0.208764,0.034767,0.06579,0.106987
1961,82115,Echo Street,Echo Street Select,Developed Markets Public Equity,U.S. Public Equity,Global Equity,TRUE,30-09-2022 00:00:00,,-0.093116,-0.048139,-0.176032,0.076188,0.086266,0.110189,-0.093116,-0.250752,0.061597,9.7246,,353432000000,319114000000,12,78606,IX1F00053058,664,MSCI United States,-0.208764,0.034767,0.06579,0.106987
2026,81935,Two Sigma,Two Sigma US 130-30,Developed Markets Public Equity,U.S. Public Equity,Global Equity,TRUE,30-09-2022 00:00:00,,-0.092729,-0.044646,-0.176272,0.077002,0.086162,0.113854,-0.092729,-0.246207,0.070999,11.481,,360964000000,356041000000,12,98043,IX1F00003858,2524,Russell 3000,-0.204201,0.042254,0.064842,0.108996
2026,116717,Two Sigma,Two Sigma US 130-30,Developed Markets Public Equity,U.S. Public Equity,Global Equity,TRUE,30-09-2022 00:00:00,,-0.092729,-0.044646,-0.176272,0.077002,0.086162,0.113854,-0.092729,-0.246207,0.070999,11.481,,360964000000,356041000000,12,98043,IX1F00003858,2524,Russell 3000,-0.204201,0.042254,0.064842,0.108996
22685,115337,BlueSpruce,WhiteSpruce,Developed Markets Public Equity,U.S. Public Equity,Global Equity,TRUE,30-09-2022 00:00:00,,-0.092099,-0.048827,-0.154721,0.081617,0.092378,0.117028,-0.092099,-0.238673,0.0691,10.2893,,333319000000,301191000000,12,88326,IX1F00079488,2884,S&P 500,-0.201976,0.048287,0.071712,0.11404
22685,80675,BlueSpruce,WhiteSpruce,Developed Markets Public Equity,U.S. Public Equity,Global Equity,TRUE,30-09-2022 00:00:00,,-0.092099,-0.048827,-0.154721,0.081617,0.092378,0.117028,-0.092099,-0.238673,0.0691,10.2893,,333319000000,301191000000,12,88326,IX1F00079488,2884,S&P 500,-0.201976,0.048287,0.071712,0.11404
10473,117197,"Texas McCombs Investment Advisers, LLC",UT Longhorn Fund,Developed Markets Public Equity,U.S. Public Equity,Global Equity,TRUE,30-09-2022 00:00:00,,-0.092099,-0.048827,-0.154721,0.081617,0.092378,0.117028,-0.092099,-0.238673,0.0691,10.2893,,333319000000,301191000000,12,88326,IX1F00079488,2884,S&P 500,-0.201976,0.048287,0.071712,0.11404
10473,82235,"Texas McCombs Investment Advisers, LLC",UT Longhorn Fund,Developed Markets Public Equity,U.S. Public Equity,Global Equity,TRUE,30-09-2022 00:00:00,,-0.092099,-0.048827,-0.154721,0.081617,0.092378,0.117028,-0.092099,-0.238673,0.0691,10.2893,,333319000000,301191000000,12,88326,IX1F00079488,2884,S&P 500,-0.201976,0.048287,0.071712,0.11404
8111,89538,BlueSpruce,BlueSpruce Dislocation Fund - CI,Developed Markets Public Equity,U.S. Public Equity,Global Equity,TRUE,30-09-2022 00:00:00,,-0.092099,-0.048827,-0.154721,0.081617,0.092378,0.117028,-0.092099,-0.238673,0.0691,10.2893,,333319000000,301191000000,12,88326,IX1F00079488,2884,S&P 500,-0.201976,0.048287,0.071712,0.11404
8111,82775,BlueSpruce,BlueSpruce Dislocation Fund - CI,Developed Markets Public Equity,U.S. Public Equity,Global Equity,TRUE,30-09-2022 00:00:00,,-0.092099,-0.048827,-0.154721,0.081617,0.092378,0.117028,-0.092099,-0.238673,0.0691,10.2893,,333319000000,301191000000,12,88326,IX1F00079488,2884,S&P 500,-0.201976,0.048287,0.071712,0.11404
3293,117317,Texas A&M University,TAMU Reveille Fund,Developed Markets Public Equity,U.S. Public Equity,Global Equity,TRUE,30-09-2022 00:00:00,,-0.092099,-0.048827,-0.154721,0.081617,0.092378,0.117028,-0.092099,-0.238673,0.0691,10.2893,,333319000000,301191000000,12,88326,IX1F00079488,2884,S&P 500,-0.201976,0.048287,0.071712,0.11404
3293,82295,Texas A&M University,TAMU Reveille Fund,Developed Markets Public Equity,U.S. Public Equity,Global Equity,TRUE,30-09-2022 00:00:00,,-0.092099,-0.048827,-0.154721,0.081617,0.092378,0.117028,-0.092099,-0.238673,0.0691,10.2893,,333319000000,301191000000,12,88326,IX1F00079488,2884,S&P 500,-0.201976,0.048287,0.071712,0.11404
18916,101778,UTIMCO,MSCI US Value LC,Developed Markets Public Equity,U.S. Public Equity,Global Equity,TRUE,30-09-2022 00:00:00,,-0.082006,-0.057408,-0.091944,0.04434,0.055071,0.093683,-0.082006,-0.173856,0.057709,11.41,,179906000000,163876000000,12,91508,IX1F00128388,1024,MSCI US Value,-0.16174,0.094737,0.045027,0.085827
3060,5692,UTIMCO,GS US Value Passive,Developed Markets Public Equity,U.S. Public Equity,Global Equity,TRUE,30-09-2022 00:00:00,,-0.082006,-0.057408,-0.091944,0.04434,0.055071,0.093683,-0.082006,-0.173856,0.057709,11.41,,179906000000,163876000000,12,91508,IX1F00128388,1024,MSCI US Value,-0.16174,0.094737,0.045027,0.085827
18658,13852,UTIMCO,Total Global Developed Equity,Developed Markets Public Equity,Global Developed Public Equity,Global Equity,TRUE,30-09-2022 00:00:00,,-0.09296,-0.061877,-0.196329,0.045571,0.053017,0.081093,-0.09296,-0.254243,0.051783,8.003,,506853000000,457551000000,12,77886,IX1F00052438,1204,MSCI World,-0.213726,0.017494,0.038679,0.079084
16573,116057,TPG Capital,TPG LO,Developed Markets Public Equity,Global Developed Public Equity,Global Equity,TRUE,30-09-2022 00:00:00,,-0.09296,-0.061877,-0.196329,0.045571,0.053017,0.081093,-0.09296,-0.254243,0.051783,8.003,,506853000000,457551000000,12,77886,IX1F00052438,1204,MSCI World,-0.213726,0.017494,0.038679,0.079084
16573,81275,TPG Capital,TPG LO,Developed Markets Public Equity,Global Developed Public Equity,Global Equity,TRUE,30-09-2022 00:00:00,,-0.09296,-0.061877,-0.196329,0.045571,0.053017,0.081093,-0.09296,-0.254243,0.051783,8.003,,506853000000,457551000000,12,77886,IX1F00052438,1204,MSCI World,-0.213726,0.017494,0.038679,0.079084
16394,101958,UTIMCO,MSCI EM Reallocation,Developed Markets Public Equity,Global Developed Public Equity,Global Equity,TRUE,30-09-2022 00:00:00,,-0.09296,-0.061877,-0.196329,0.045571,0.053017,0.081093,-0.09296,-0.254243,0.051783,8.003,,506853000000,457551000000,12,77886,IX1F00052438,1204,MSCI World,-0.213726,0.017494,0.038679,0.079084
9686,103997,Eminence,Eminence Global,Developed Markets Public Equity,Global Developed Public Equity,Global Equity,TRUE,30-09-2022 00:00:00,,-0.09296,-0.061877,-0.196329,0.045571,0.053017,0.081093,-0.09296,-0.254243,0.051783,8.003,,506853000000,457551000000,12,77886,IX1F00052438,1204,MSCI World,-0.213726,0.017494,0.038679,0.079084
9686,77435,Eminence,Eminence Global,Developed Markets Public Equity,Global Developed Public Equity,Global Equity,TRUE,30-09-2022 00:00:00,,-0.09296,-0.061877,-0.196329,0.045571,0.053017,0.081093,-0.09296,-0.254243,0.051783,8.003,,506853000000,457551000000,12,77886,IX1F00052438,1204,MSCI World,-0.213726,0.017494,0.038679,0.079084
7148,13560,UTIMCO,Internal Factor Basket,Developed Markets Public Equity,Global Developed Public Equity,Global Equity,TRUE,30-09-2022 00:00:00,,-0.09296,-0.061877,-0.196329,0.045571,0.053017,0.081093,-0.09296,-0.254243,0.051783,8.003,,506853000000,457551000000,12,77886,IX1F00052438,1204,MSCI World,-0.213726,0.017494,0.038679,0.079084
7148,1312,UTIMCO,Internal Factor Basket,Developed Markets Public Equity,Global Developed Public Equity,Global Equity,TRUE,30-09-2022 00:00:00,,-0.09296,-0.061877,-0.196329,0.045571,0.053017,0.081093,-0.09296,-0.254243,0.051783,8.003,,506853000000,457551000000,12,77886,IX1F00052438,1204,MSCI World,-0.213726,0.017494,0.038679,0.079084
4497,91579,Viking,Viking LO,Developed Markets Public Equity,Global Developed Public Equity,Global Equity,TRUE,30-09-2022 00:00:00,,-0.09296,-0.061877,-0.196329,0.045571,0.053017,0.081093,-0.09296,-0.254243,0.051783,8.003,,506853000000,457551000000,12,77886,IX1F00052438,1204,MSCI World,-0.213726,0.017494,0.038679,0.079084
4497,75215,Viking,Viking LO,Developed Markets Public Equity,Global Developed Public Equity,Global Equity,TRUE,30-09-2022 00:00:00,,-0.09296,-0.061877,-0.196329,0.045571,0.053017,0.081093,-0.09296,-0.254243,0.051783,8.003,,506853000000,457551000000,12,77886,IX1F00052438,1204,MSCI World,-0.213726,0.017494,0.038679,0.079084
1738,89058,Generation,Generation Global,Developed Markets Public Equity,Global Developed Public Equity,Global Equity,TRUE,30-09-2022 00:00:00,,-0.09296,-0.061877,-0.196329,0.045571,0.053017,0.081093,-0.09296,-0.254243,0.051783,8.003,,506853000000,457551000000,12,77886,IX1F00052438,1204,MSCI World,-0.213726,0.017494,0.038679,0.079084
1738,82535,Generation,Generation Global,Developed Markets Public Equity,Global Developed Public Equity,Global Equity,TRUE,30-09-2022 00:00:00,,-0.09296,-0.061877,-0.196329,0.045571,0.053017,0.081093,-0.09296,-0.254243,0.051783,8.003,,506853000000,457551000000,12,77886,IX1F00052438,1204,MSCI World,-0.213726,0.017494,0.038679,0.079084
24313,13320,AKO,AKO Global LO,Developed Markets Public Equity,Global Developed Public Equity,Global Equity,TRUE,30-09-2022 00:00:00,,-0.095729,-0.068197,-0.206595,0.037468,0.04442,0.072812,-0.095729,-0.256251,0.051046,5.0311,,571573000000,514897000000,12,80172,IX1F00285998,2250,MSCI AC World,-0.214122,0.005524,0.031498,0.074232
24313,952,AKO,AKO Global LO,Developed Markets Public Equity,Global Developed Public Equity,Global Equity,TRUE,30-09-2022 00:00:00,,-0.095729,-0.068197,-0.206595,0.037468,0.04442,0.072812,-0.095729,-0.256251,0.051046,5.0311,,571573000000,514897000000,12,80172,IX1F00285998,2250,MSCI AC World,-0.214122,0.005524,0.031498,0.074232
9627,90558,Tiger Global,Tiger Global LO,Developed Markets Public Equity,Global Developed Public Equity,Global Equity,TRUE,30-09-2022 00:00:00,,-0.095729,-0.068197,-0.206595,0.037468,0.04442,0.072812,-0.095729,-0.256251,0.051046,5.0311,,571573000000,514897000000,12,80172,IX1F00285998,2250,MSCI AC World,-0.214122,0.005524,0.031498,0.074232
9627,80795,Tiger Global,Tiger Global LO,Developed Markets Public Equity,Global Developed Public Equity,Global Equity,TRUE,30-09-2022 00:00:00,,-0.095729,-0.068197,-0.206595,0.037468,0.04442,0.072812,-0.095729,-0.256251,0.051046,5.0311,,571573000000,514897000000,12,80172,IX1F00285998,2250,MSCI AC World,-0.214122,0.005524,0.031498,0.074232
6277,116177,Marshall Wace,Marshall Wace World,Developed Markets Public Equity,Global Developed Public Equity,Global Equity,TRUE,30-09-2022 00:00:00,,-0.095729,-0.068197,-0.206595,0.037468,0.04442,0.072812,-0.095729,-0.256251,0.051046,5.0311,,571573000000,514897000000,12,80172,IX1F00285998,2250,MSCI AC World,-0.214122,0.005524,0.031498,0.074232
6277,81455,Marshall Wace,Marshall Wace World,Developed Markets Public Equity,Global Developed Public Equity,Global Equity,TRUE,30-09-2022 00:00:00,,-0.095729,-0.068197,-0.206595,0.037468,0.04442,0.072812,-0.095729,-0.256251,0.051046,5.0311,,571573000000,514897000000,12,80172,IX1F00285998,2250,MSCI AC World,-0.214122,0.005524,0.031498,0.074232
4881,116897,GQG Partners,GQG Global,Developed Markets Public Equity,Global Developed Public Equity,Global Equity,TRUE,30-09-2022 00:00:00,,-0.095729,-0.068197,-0.206595,0.037468,0.04442,0.072812,-0.095729,-0.256251,0.051046,5.0311,,571573000000,514897000000,12,80172,IX1F00285998,2250,MSCI AC World,-0.214122,0.005524,0.031498,0.074232
4881,82055,GQG Partners,GQG Global,Developed Markets Public Equity,Global Developed Public Equity,Global Equity,TRUE,30-09-2022 00:00:00,,-0.095729,-0.068197,-0.206595,0.037468,0.04442,0.072812,-0.095729,-0.256251,0.051046,5.0311,,571573000000,514897000000,12,80172,IX1F00285998,2250,MSCI AC World,-0.214122,0.005524,0.031498,0.074232
25925,83015,Arrowstreet,Arrowstreet ACWI,Developed Markets Public Equity,Global Developed Public Equity,Global Equity,TRUE,30-09-2022 00:00:00,,-0.096524,-0.066353,-0.211837,0.036424,0.041646,0.072492,-0.096524,-0.257159,0.054302,6.8782,,650209000000,584764000000,12,88987,IX1F00112407,2550,MSCI ACWI IMI,-0.214188,0.008008,0.02842,0.072703
25925,89958,Arrowstreet,Arrowstreet ACWI,Developed Markets Public Equity,Global Developed Public Equity,Global Equity,TRUE,30-09-2022 00:00:00,,-0.096524,-0.066353,-0.211837,0.036424,0.041646,0.072492,-0.096524,-0.257159,0.054302,6.8782,,650209000000,584764000000,12,88987,IX1F00112407,2550,MSCI ACWI IMI,-0.214188,0.008008,0.02842,0.072703
20056,94160,UTIMCO,Total Portable Alpha DM Consol,Developed Markets Public Equity,Hedge Fund Overlay,Global Equity,TRUE,30-09-2022 00:00:00,,-0.09296,-0.061877,-0.196329,0.045571,0.053017,0.081093,-0.09296,-0.254243,0.051783,8.003,,506853000000,457551000000,12,77886,IX1F00052438,1204,MSCI World,-0.213726,0.017494,0.038679,0.079084
7569,7432,UTIMCO,MSCI World - Levered Swaps for DM-PA,Developed Markets Public Equity,Hedge Fund Overlay,Global Equity,TRUE,30-09-2022 00:00:00,,-0.09296,-0.061877,-0.196329,0.045571,0.053017,0.081093,-0.09296,-0.254243,0.051783,8.003,,506853000000,457551000000,12,77886,IX1F00052438,1204,MSCI World,-0.213726,0.017494,0.038679,0.079084
3659,94280,UTIMCO,Total Portable Alpha,Developed Markets Public Equity,Hedge Fund Overlay,Global Equity,TRUE,30-09-2022 00:00:00,,-0.09296,-0.061877,-0.196329,0.045571,0.053017,0.081093,-0.09296,-0.254243,0.051783,8.003,,506853000000,457551000000,12,77886,IX1F00052438,1204,MSCI World,-0.213726,0.017494,0.038679,0.079084
14164,104837,Westwood Global,Westwood Developed,Developed Markets Public Equity,Non-U.S. Developed Public Equity,Global Equity,TRUE,30-09-2022 00:00:00,,-0.093547,-0.093576,-0.251311,-0.018339,-0.008367,0.036691,-0.093547,-0.270943,0.032867,7.1656,,135693000000,122288000000,12,78006,IX1F00052708,3270,MSCI EAFE,-0.225115,-0.029779,-0.017105,0.028388
14164,80555,Westwood Global,Westwood Developed,Developed Markets Public Equity,Non-U.S. Developed Public Equity,Global Equity,TRUE,30-09-2022 00:00:00,,-0.093547,-0.093576,-0.251311,-0.018339,-0.008367,0.036691,-0.093547,-0.270943,0.032867,7.1656,,135693000000,122288000000,12,78006,IX1F00052708,3270,MSCI EAFE,-0.225115,-0.029779,-0.017105,0.028388
8921,75095,Silchester,Silchester IE,Developed Markets Public Equity,Non-U.S. Developed Public Equity,Global Equity,TRUE,30-09-2022 00:00:00,,-0.089653,-0.10205,-0.201614,-0.027864,-0.0274,0.023929,-0.089653,-0.210843,0.032908,9.2498,,67335191608,60714091964,12,84308,IX1F00126038,3450,MSCI EAFE Value,-0.213467,0.021355,-0.033251,0.014239
8921,110057,Silchester,Silchester IE,Developed Markets Public Equity,Non-U.S. Developed Public Equity,Global Equity,TRUE,30-09-2022 00:00:00,,-0.089653,-0.10205,-0.201614,-0.027864,-0.0274,0.023929,-0.089653,-0.210843,0.032908,9.2498,,67335191608,60714091964,12,84308,IX1F00126038,3450,MSCI EAFE Value,-0.213467,0.021355,-0.033251,0.014239
10236,90498,East Bridge Capital,East Bridge India,Emerging Markets Public Equity,Global EM Public Equity,Global Equity,TRUE,30-09-2022 00:00:00,,-0.062616,0.088805,-0.15481,0.108853,0.020934,0.067163,-0.062616,-0.141816,0.134032,12.7704,,1412809899,1321289113,12,84732,IX1F00371967,4350,MSCI India Mid Cap,-0.095578,0.161504,0.069403,0.071705
10236,80735,East Bridge Capital,East Bridge India,Emerging Markets Public Equity,Global EM Public Equity,Global Equity,TRUE,30-09-2022 00:00:00,,-0.062616,0.088805,-0.15481,0.108853,0.020934,0.067163,-0.062616,-0.141816,0.134032,12.7704,,1412809899,1321289113,12,84732,IX1F00371967,4350,MSCI India Mid Cap,-0.095578,0.161504,0.069403,0.071705
2219,82655,Arrowstreet,Arrowstreet EM,Emerging Markets Public Equity,Global EM Public Equity,Global Equity,TRUE,30-09-2022 00:00:00,,-0.115028,-0.107854,-0.275109,-0.011977,-0.01437,0.012673,-0.115028,-0.267899,0.059893,6.9122,,74417996511,66077762948,12,88386,IX1F00079527,3810,MSCI EM IMI,-0.215779,-0.064226,-0.015024,0.039603
2219,89298,Arrowstreet,Arrowstreet EM,Emerging Markets Public Equity,Global EM Public Equity,Global Equity,TRUE,30-09-2022 00:00:00,,-0.115028,-0.107854,-0.275109,-0.011977,-0.01437,0.012673,-0.115028,-0.267899,0.059893,6.9122,,74417996511,66077762948,12,88386,IX1F00079527,3810,MSCI EM IMI,-0.215779,-0.064226,-0.015024,0.039603
10294,79595,Acadian,Acadian EM Small Cap,Emerging Markets Public Equity,Global EM Public Equity,Global Equity,TRUE,30-09-2022 00:00:00,,-0.100269,-0.052519,-0.232294,0.055351,0.012518,0.029135,-0.100269,-0.242341,0.072035,7.6617,,9697976484,8731167441,12,80226,IX1F0005747C,3870,MSCI EM Small Cap,-0.208014,0.04865,0.026637,0.046792
10294,96798,Acadian,Acadian EM Small Cap,Emerging Markets Public Equity,Global EM Public Equity,Global Equity,TRUE,30-09-2022 00:00:00,,-0.100269,-0.052519,-0.232294,0.055351,0.012518,0.029135,-0.100269,-0.242341,0.072035,7.6617,,9697976484,8731167441,12,80226,IX1F0005747C,3870,MSCI EM Small Cap,-0.208014,0.04865,0.026637,0.046792
32473,8575,D1 Capital Partners,D1 HF,Directional Hedge Funds,Long/Short Equity,Global Equity,TRUE,30-09-2022 00:00:00,,-0.042361,-0.023355,-0.132469,0.06242,0.043883,0.053332,-0.042361,-0.138078,0.065857,10.3914,,,,12,99843,IX1F0000533C,1723,HFRI Equity Hedge,-0.099003,0.051571,0.042368,0.055329
25904,87746,Two Creeks,Two Creeks,Directional Hedge Funds,Long/Short Equity,Global Equity,TRUE,30-09-2022 00:00:00,,-0.042361,-0.023355,-0.132469,0.06242,0.043883,0.053332,-0.042361,-0.138078,0.065857,10.3914,,,,12,99843,IX1F0000533C,1723,HFRI Equity Hedge,-0.099003,0.051571,0.042368,0.055329
22017,87986,Thunderbird,Thunderbird,Directional Hedge Funds,Long/Short Equity,Global Equity,TRUE,30-09-2022 00:00:00,,-0.042361,-0.023355,-0.132469,0.06242,0.043883,0.053332,-0.042361,-0.138078,0.065857,10.3914,,,,12,99843,IX1F0000533C,1723,HFRI Equity Hedge,-0.099003,0.051571,0.042368,0.055329
15165,75327,Hound,Hound HF,Directional Hedge Funds,Long/Short Equity,Global Equity,TRUE,30-09-2022 00:00:00,,-0.042361,-0.023355,-0.132469,0.06242,0.043883,0.053332,-0.042361,-0.138078,0.065857,10.3914,,,,12,99843,IX1F0000533C,1723,HFRI Equity Hedge,-0.099003,0.051571,0.042368,0.055329
14124,10915,D1 Capital Partners,D1 CI - Rivian,Directional Hedge Funds,Long/Short Equity,Global Equity,TRUE,30-09-2022 00:00:00,,-0.042361,-0.023355,-0.132469,0.06242,0.043883,0.053332,-0.042361,-0.138078,0.065857,10.3914,,,,12,99843,IX1F0000533C,1723,HFRI Equity Hedge,-0.099003,0.051571,0.042368,0.055329
12457,87326,Hengistbury,Hengistbury,Directional Hedge Funds,Long/Short Equity,Global Equity,TRUE,30-09-2022 00:00:00,,-0.042361,-0.023355,-0.132469,0.06242,0.043883,0.053332,-0.042361,-0.138078,0.065857,10.3914,,,,12,99843,IX1F0000533C,1723,HFRI Equity Hedge,-0.099003,0.051571,0.042368,0.055329
12163,87026,Slate Path,Slate Path HF,Directional Hedge Funds,Long/Short Equity,Global Equity,TRUE,30-09-2022 00:00:00,,-0.042361,-0.023355,-0.132469,0.06242,0.043883,0.053332,-0.042361,-0.138078,0.065857,10.3914,,,,12,99843,IX1F0000533C,1723,HFRI Equity Hedge,-0.099003,0.051571,0.042368,0.055329
11900,86126,Route One,Route One,Directional Hedge Funds,Long/Short Equity,Global Equity,TRUE,30-09-2022 00:00:00,,-0.042361,-0.023355,-0.132469,0.06242,0.043883,0.053332,-0.042361,-0.138078,0.065857,10.3914,,,,12,99843,IX1F0000533C,1723,HFRI Equity Hedge,-0.099003,0.051571,0.042368,0.055329
11533,11035,Tiger Pacific,Tiger Pacific,Directional Hedge Funds,Long/Short Equity,Global Equity,TRUE,30-09-2022 00:00:00,,-0.042361,-0.023355,-0.132469,0.06242,0.043883,0.053332,-0.042361,-0.138078,0.065857,10.3914,,,,12,99843,IX1F0000533C,1723,HFRI Equity Hedge,-0.099003,0.051571,0.042368,0.055329
7888,10675,Hound,Hound Variable Beta,Directional Hedge Funds,Long/Short Equity,Global Equity,TRUE,30-09-2022 00:00:00,,-0.042361,-0.023355,-0.132469,0.06242,0.043883,0.053332,-0.042361,-0.138078,0.065857,10.3914,,,,12,99843,IX1F0000533C,1723,HFRI Equity Hedge,-0.099003,0.051571,0.042368,0.055329
5076,87926,Immersion,Immersion,Directional Hedge Funds,Long/Short Equity,Global Equity,TRUE,30-09-2022 00:00:00,,-0.042361,-0.023355,-0.132469,0.06242,0.043883,0.053332,-0.042361,-0.138078,0.065857,10.3914,,,,12,99843,IX1F0000533C,1723,HFRI Equity Hedge,-0.099003,0.051571,0.042368,0.055329
4716,87806,Soroban,Soroban Opp,Directional Hedge Funds,Long/Short Equity,Global Equity,TRUE,30-09-2022 00:00:00,,-0.042361,-0.023355,-0.132469,0.06242,0.043883,0.053332,-0.042361,-0.138078,0.065857,10.3914,,,,12,99843,IX1F0000533C,1723,HFRI Equity Hedge,-0.099003,0.051571,0.042368,0.055329
4128,7795,Valiant,Valiant,Directional Hedge Funds,Long/Short Equity,Global Equity,TRUE,30-09-2022 00:00:00,,-0.042361,-0.023355,-0.132469,0.06242,0.043883,0.053332,-0.042361,-0.138078,0.065857,10.3914,,,,12,99843,IX1F0000533C,1723,HFRI Equity Hedge,-0.099003,0.051571,0.042368,0.055329
3624,83727,UTIMCO,Total Directional Hedge Long/Short Equity,Directional Hedge Funds,Long/Short Equity,Global Equity,TRUE,30-09-2022 00:00:00,,-0.042361,-0.023355,-0.132469,0.06242,0.043883,0.053332,-0.042361,-0.138078,0.065857,10.3914,,,,12,99843,IX1F0000533C,1723,HFRI Equity Hedge,-0.099003,0.051571,0.042368,0.055329
3576,85167,Steadfast,Steadfast,Directional Hedge Funds,Long/Short Equity,Global Equity,TRUE,30-09-2022 00:00:00,,-0.042361,-0.023355,-0.132469,0.06242,0.043883,0.053332,-0.042361,-0.138078,0.065857,10.3914,,,,12,99843,IX1F0000533C,1723,HFRI Equity Hedge,-0.099003,0.051571,0.042368,0.055329
3576,82526,Steadfast,Steadfast,Directional Hedge Funds,Long/Short Equity,Global Equity,TRUE,30-09-2022 00:00:00,,-0.042361,-0.023355,-0.132469,0.06242,0.043883,0.053332,-0.042361,-0.138078,0.065857,10.3914,,,,12,99843,IX1F0000533C,1723,HFRI Equity Hedge,-0.099003,0.051571,0.042368,0.055329
3052,84747,Maverick,Maverick HF - Hedged,Directional Hedge Funds,Long/Short Equity,Global Equity,TRUE,30-09-2022 00:00:00,,-0.042361,-0.023355,-0.132469,0.06242,0.043883,0.053332,-0.042361,-0.138078,0.065857,10.3914,,,,12,99843,IX1F0000533C,1723,HFRI Equity Hedge,-0.099003,0.051571,0.042368,0.055329
3052,10735,Maverick,Maverick HF - Hedged,Directional Hedge Funds,Long/Short Equity,Global Equity,TRUE,30-09-2022 00:00:00,,-0.042361,-0.023355,-0.132469,0.06242,0.043883,0.053332,-0.042361,-0.138078,0.065857,10.3914,,,,12,99843,IX1F0000533C,1723,HFRI Equity Hedge,-0.099003,0.051571,0.042368,0.055329
3052,5575,Maverick,Maverick HF - Hedged,Directional Hedge Funds,Long/Short Equity,Global Equity,TRUE,30-09-2022 00:00:00,,-0.042361,-0.023355,-0.132469,0.06242,0.043883,0.053332,-0.042361,-0.138078,0.065857,10.3914,,,,12,99843,IX1F0000533C,1723,HFRI Equity Hedge,-0.099003,0.051571,0.042368,0.055329
2578,10015,Junto,Junto,Directional Hedge Funds,Long/Short Equity,Global Equity,TRUE,30-09-2022 00:00:00,,-0.042361,-0.023355,-0.132469,0.06242,0.043883,0.053332,-0.042361,-0.138078,0.065857,10.3914,,,,12,99843,IX1F0000533C,1723,HFRI Equity Hedge,-0.099003,0.051571,0.042368,0.055329
1963,86426,Janchor,Janchor HF,Directional Hedge Funds,Long/Short Equity,Global Equity,TRUE,30-09-2022 00:00:00,,-0.042361,-0.023355,-0.132469,0.06242,0.043883,0.053332,-0.042361,-0.138078,0.065857,10.3914,,,,12,99843,IX1F0000533C,1723,HFRI Equity Hedge,-0.099003,0.051571,0.042368,0.055329
1780,9895,Deerfield,Deerfield Partners,Directional Hedge Funds,Long/Short Equity,Global Equity,TRUE,30-09-2022 00:00:00,,-0.042361,-0.023355,-0.132469,0.06242,0.043883,0.053332,-0.042361,-0.138078,0.065857,10.3914,,,,12,99843,IX1F0000533C,1723,HFRI Equity Hedge,-0.099003,0.051571,0.042368,0.055329
905,9055,Eminence,Eminence II,Directional Hedge Funds,Long/Short Equity,Global Equity,TRUE,30-09-2022 00:00:00,,-0.042361,-0.023355,-0.132469,0.06242,0.043883,0.053332,-0.042361,-0.138078,0.065857,10.3914,,,,12,99843,IX1F0000533C,1723,HFRI Equity Hedge,-0.099003,0.051571,0.042368,0.055329
788,10255,TPG Capital,TPG TPEP HF,Directional Hedge Funds,Long/Short Equity,Global Equity,TRUE,30-09-2022 00:00:00,,-0.042361,-0.023355,-0.132469,0.06242,0.043883,0.053332,-0.042361,-0.138078,0.065857,10.3914,,,,12,99843,IX1F0000533C,1723,HFRI Equity Hedge,-0.099003,0.051571,0.042368,0.055329
590,82766,Axon,Axon,Directional Hedge Funds,Long/Short Equity,Global Equity,TRUE,30-09-2022 00:00:00,,-0.042361,-0.023355,-0.132469,0.06242,0.043883,0.053332,-0.042361,-0.138078,0.065857,10.3914,,,,12,99843,IX1F0000533C,1723,HFRI Equity Hedge,-0.099003,0.051571,0.042368,0.055329
20444,8215,Owl Creek,Owl Creek CI - Yahoo/Alibaba,Directional Hedge Funds,Event-Driven,Global Equity,TRUE,30-09-2022 00:00:00,,-0.032435,-0.003902,-0.067606,0.052367,0.039728,0.048751,-0.032435,-0.077286,0.065947,9.4489,,,,12,93064,IX1F0000929C,2443,HFRI Event Driven,-0.064705,0.076457,0.037685,0.05059
4217,83967,UTIMCO,Total Directional Hedge Credit,Directional Hedge Funds,Directional Credit,Global Equity,TRUE,30-09-2022 00:00:00,,-0.016402,-0.003517,-0.065206,0.041462,0.030886,0.034683,-0.016402,-0.069173,0.038103,6.1187,,,,12,100263,IX1F0000607C,2983,HFRI Fund of Funds,-0.042807,0.033656,0.030817,0.031764
3969,14635,UTIMCO,Total Directional Hedge,Directional Hedge Funds,,Global Equity,TRUE,30-09-2022 00:00:00,,-0.016402,-0.003517,-0.065206,0.041462,0.030886,0.034683,-0.016402,-0.069173,0.038103,6.1187,,,,12,100263,IX1F0000607C,2983,HFRI Fund of Funds,-0.042807,0.033656,0.030817,0.031764
3969,3413,UTIMCO,Total Directional Hedge,Directional Hedge Funds,,Global Equity,TRUE,30-09-2022 00:00:00,,-0.016402,-0.003517,-0.065206,0.041462,0.030886,0.034683,-0.016402,-0.069173,0.038103,6.1187,,,,12,100263,IX1F0000607C,2983,HFRI Fund of Funds,-0.042807,0.033656,0.030817,0.031764
16873,10555,Marshall Wace,Marshall Wace Eureka,Directional Hedge Funds,Directional Multi-Strat,Global Equity,TRUE,30-09-2022 00:00:00,,-0.016402,-0.003517,-0.065206,0.041462,0.030886,0.034683,-0.016402,-0.069173,0.038103,6.1187,,,,12,100263,IX1F0000607C,2983,HFRI Fund of Funds,-0.042807,0.033656,0.030817,0.031764
8174,83847,UTIMCO,Total Directional Hedge Multi,Directional Hedge Funds,Directional Multi-Strat,Global Equity,TRUE,30-09-2022 00:00:00,,-0.016402,-0.003517,-0.065206,0.041462,0.030886,0.034683,-0.016402,-0.069173,0.038103,6.1187,,,,12,100263,IX1F0000607C,2983,HFRI Fund of Funds,-0.042807,0.033656,0.030817,0.031764
3232,86906,Myriad,Myriad,Directional Hedge Funds,Directional Multi-Strat,Global Equity,TRUE,30-09-2022 00:00:00,,-0.016402,-0.003517,-0.065206,0.041462,0.030886,0.034683,-0.016402,-0.069173,0.038103,6.1187,,,,12,100263,IX1F0000607C,2983,HFRI Fund of Funds,-0.042807,0.033656,0.030817,0.031764
2558,11335,Myriad,Myriad Direct - Didi,Directional Hedge Funds,Directional Multi-Strat,Global Equity,TRUE,30-09-2022 00:00:00,,-0.016402,-0.003517,-0.065206,0.041462,0.030886,0.034683,-0.016402,-0.069173,0.038103,6.1187,,,,12,100263,IX1F0000607C,2983,HFRI Fund of Funds,-0.042807,0.033656,0.030817,0.031764
1126,8755,Farallon,Farallon CIP VI,Directional Hedge Funds,Directional Multi-Strat,Global Equity,TRUE,30-09-2022 00:00:00,,-0.016402,-0.003517,-0.065206,0.041462,0.030886,0.034683,-0.016402,-0.069173,0.038103,6.1187,,,,12,100263,IX1F0000607C,2983,HFRI Fund of Funds,-0.042807,0.033656,0.030817,0.031764
468,7435,Baupost,Baupost,Directional Hedge Funds,Directional Multi-Strat,Global Equity,TRUE,30-09-2022 00:00:00,,-0.016402,-0.003517,-0.065206,0.041462,0.030886,0.034683,-0.016402,-0.069173,0.038103,6.1187,,,,12,100263,IX1F0000607C,2983,HFRI Fund of Funds,-0.042807,0.033656,0.030817,0.031764
24184,75687,Farallon,FASS III,Directional Hedge Funds,Directional Credit,Global Equity,TRUE,30-09-2022 00:00:00,,-0.025209,-0.013882,-0.043037,0.070626,0.047885,0.050436,-0.025209,-0.049985,0.066596,9.7684,,,,12,100143,IX1F0000538C,2623,HFRI Event Driven: Distressed/Restructuring,-0.061732,0.102928,0.04498,0.056747
23465,8455,Farallon,Farallon Special Situations I,Directional Hedge Funds,Directional Credit,Global Equity,TRUE,30-09-2022 00:00:00,,-0.025209,-0.013882,-0.043037,0.070626,0.047885,0.050436,-0.025209,-0.049985,0.066596,9.7684,,,,12,100143,IX1F0000538C,2623,HFRI Event Driven: Distressed/Restructuring,-0.061732,0.102928,0.04498,0.056747
7468,10495,Farallon,Farallon Special Situations II,Directional Hedge Funds,Directional Credit,Global Equity,TRUE,30-09-2022 00:00:00,,-0.025209,-0.013882,-0.043037,0.070626,0.047885,0.050436,-0.025209,-0.049985,0.066596,9.7684,,,,12,100143,IX1F0000538C,2623,HFRI Event Driven: Distressed/Restructuring,-0.061732,0.102928,0.04498,0.056747
5957,86726,Farallon,FASS II,Directional Hedge Funds,Directional Credit,Global Equity,TRUE,30-09-2022 00:00:00,,-0.025209,-0.013882,-0.043037,0.070626,0.047885,0.050436,-0.025209,-0.049985,0.066596,9.7684,,,,12,100143,IX1F0000538C,2623,HFRI Event Driven: Distressed/Restructuring,-0.061732,0.102928,0.04498,0.056747
5684,86006,Farallon,FASS,Directional Hedge Funds,Directional Credit,Global Equity,TRUE,30-09-2022 00:00:00,,-0.025209,-0.013882,-0.043037,0.070626,0.047885,0.050436,-0.025209,-0.049985,0.066596,9.7684,,,,12,100143,IX1F0000538C,2623,HFRI Event Driven: Distressed/Restructuring,-0.061732,0.102928,0.04498,0.056747
5116,88166,Farallon,Farallon Overflow,Directional Hedge Funds,Directional Credit,Global Equity,TRUE,30-09-2022 00:00:00,,-0.025209,-0.013882,-0.043037,0.070626,0.047885,0.050436,-0.025209,-0.049985,0.066596,9.7684,,,,12,100143,IX1F0000538C,2623,HFRI Event Driven: Distressed/Restructuring,-0.061732,0.102928,0.04498,0.056747
6251,9175,DE Shaw,DE Shaw Alkali IV,Directional Hedge Funds,Directional Credit,Global Equity,TRUE,30-09-2022 00:00:00,,-0.025209,-0.013882,-0.043037,0.070626,0.047885,0.050436,-0.025209,-0.049985,0.066596,9.7684,,,,12,100143,IX1F0000538C,2623,HFRI Event Driven: Distressed/Restructuring,-0.061732,0.102928,0.04498,0.056747
5834,10375,DE Shaw,DE Shaw Alkali V - Offshore,Directional Hedge Funds,Directional Credit,Global Equity,TRUE,30-09-2022 00:00:00,,-0.025209,-0.013882,-0.043037,0.070626,0.047885,0.050436,-0.025209,-0.049985,0.066596,9.7684,,,,12,100143,IX1F0000538C,2623,HFRI Event Driven: Distressed/Restructuring,-0.061732,0.102928,0.04498,0.056747
2509,10315,DE Shaw,DE Shaw Alkali V - Onshore,Directional Hedge Funds,Directional Credit,Global Equity,TRUE,30-09-2022 00:00:00,,-0.025209,-0.013882,-0.043037,0.070626,0.047885,0.050436,-0.025209,-0.049985,0.066596,9.7684,,,,12,100143,IX1F0000538C,2623,HFRI Event Driven: Distressed/Restructuring,-0.061732,0.102928,0.04498,0.056747
11674,75807,Deerfield,Deerfield PDIV,Directional Hedge Funds,Directional Credit,Global Equity,TRUE,30-09-2022 00:00:00,,-0.025209,-0.013882,-0.043037,0.070626,0.047885,0.050436,-0.025209,-0.049985,0.066596,9.7684,,,,12,100143,IX1F0000538C,2623,HFRI Event Driven: Distressed/Restructuring,-0.061732,0.102928,0.04498,0.056747
7477,10435,Deerfield,Deerfield PDV,Directional Hedge Funds,Directional Credit,Global Equity,TRUE,30-09-2022 00:00:00,,-0.025209,-0.013882,-0.043037,0.070626,0.047885,0.050436,-0.025209,-0.049985,0.066596,9.7684,,,,12,100143,IX1F0000538C,2623,HFRI Event Driven: Distressed/Restructuring,-0.061732,0.102928,0.04498,0.056747
964,85826,Deerfield,Deerfield PDII,Directional Hedge Funds,Directional Credit,Global Equity,TRUE,30-09-2022 00:00:00,,-0.025209,-0.013882,-0.043037,0.070626,0.047885,0.050436,-0.025209,-0.049985,0.066596,9.7684,,,,12,100143,IX1F0000538C,2623,HFRI Event Driven: Distressed/Restructuring,-0.061732,0.102928,0.04498,0.056747
876,85886,Deerfield,Deerfield PDIII,Directional Hedge Funds,Directional Credit,Global Equity,TRUE,30-09-2022 00:00:00,,-0.025209,-0.013882,-0.043037,0.070626,0.047885,0.050436,-0.025209,-0.049985,0.066596,9.7684,,,,12,100143,IX1F0000538C,2623,HFRI Event Driven: Distressed/Restructuring,-0.061732,0.102928,0.04498,0.056747
11486,86606,Sculptor,Sculptor Credit Opp,Directional Hedge Funds,Directional Credit,Global Equity,TRUE,30-09-2022 00:00:00,,-0.025209,-0.013882,-0.043037,0.070626,0.047885,0.050436,-0.025209,-0.049985,0.066596,9.7684,,,,12,100143,IX1F0000538C,2623,HFRI Event Driven: Distressed/Restructuring,-0.061732,0.102928,0.04498,0.056747
7977,8335,Contrarian,Contrarian EM II,Directional Hedge Funds,Directional Credit,Global Equity,TRUE,30-09-2022 00:00:00,,-0.025209,-0.013882,-0.043037,0.070626,0.047885,0.050436,-0.025209,-0.049985,0.066596,9.7684,,,,12,100143,IX1F0000538C,2623,HFRI Event Driven: Distressed/Restructuring,-0.061732,0.102928,0.04498,0.056747
3396,83846,Silver Point,Silver Point HF,Directional Hedge Funds,Directional Credit,Global Equity,TRUE,30-09-2022 00:00:00,,-0.025209,-0.013882,-0.043037,0.070626,0.047885,0.050436,-0.025209,-0.049985,0.066596,9.7684,,,,12,100143,IX1F0000538C,2623,HFRI Event Driven: Distressed/Restructuring,-0.061732,0.102928,0.04498,0.056747
3325,87206,Oaktree,Oaktree TX,Directional Hedge Funds,Directional Credit,Global Equity,TRUE,30-09-2022 00:00:00,,-0.025209,-0.013882,-0.043037,0.070626,0.047885,0.050436,-0.025209,-0.049985,0.066596,9.7684,,,,12,100143,IX1F0000538C,2623,HFRI Event Driven: Distressed/Restructuring,-0.061732,0.102928,0.04498,0.056747
643,7315,Centerbridge,Centerbridge,Directional Hedge Funds,Directional Credit,Global Equity,TRUE,30-09-2022 00:00:00,,-0.025209,-0.013882,-0.043037,0.070626,0.047885,0.050436,-0.025209,-0.049985,0.066596,9.7684,,,,12,100143,IX1F0000538C,2623,HFRI Event Driven: Distressed/Restructuring,-0.061732,0.102928,0.04498,0.056747
34957,107177,Indus,Indus Japan LO,Developed Markets Public Equity,Non-U.S. Developed Public Equity,Global Equity,TRUE,30-09-2022 00:00:00,,-0.094896,-0.068845,-0.284151,-0.024849,-0.008234,0.052378,,-0.248446,,7.0503,,,,12,97815,IX1G00262758,3784,TOPIX,-0.198467,-0.070814,-0.033248,0.034135
34957,75395,Indus,Indus Japan LO,Developed Markets Public Equity,Non-U.S. Developed Public Equity,Global Equity,TRUE,30-09-2022 00:00:00,,-0.094896,-0.068845,-0.284151,-0.024849,-0.008234,0.052378,,-0.248446,,7.0503,,,,12,97815,IX1G00262758,3784,TOPIX,-0.198467,-0.070814,-0.033248,0.034135
6060,413,UTIMCO,Total Developed Public Equity,Developed Markets Public Equity,,Global Equity,TRUE,30-09-2022 00:00:00,,-0.09296,-0.061877,-0.196329,0.045029,0.052792,0.080978,-0.09296,-0.254243,,,,,,12,99800,UGEGX0903060,4614,Developed Markets Public Equity Custom BM,-0.213726,0.017304,0.038411,0.078919
23917,89660,UTIMCO,Total Global Equity,Total Regime,,Global Equity,TRUE,30-09-2022 00:00:00,,-0.044977,-0.047509,-0.108396,0.096148,0.08465,0.080588,-0.044977,-0.137364,,,,,,12,101780,UGEGX0903093,1984,PUF GEF Total Global Equity BM,-0.117811,0.095016,0.084091,0.086362
6614,90018,Hillhouse,Hillhouse China Value,Emerging Markets Public Equity,Global EM Public Equity,Global Equity,TRUE,30-09-2022 00:00:00,,-0.096167,-0.18962,-0.273118,0.04266,-0.007113,0.048945,-0.096167,-0.297239,,,,,,12,99363,IX1F0000462C,3150,MSCI China A Shares,-0.176209,-0.072288,0.057474,0.009638
6614,83075,Hillhouse,Hillhouse China Value,Emerging Markets Public Equity,Global EM Public Equity,Global Equity,TRUE,30-09-2022 00:00:00,,-0.096167,-0.18962,-0.273118,0.04266,-0.007113,0.048945,-0.096167,-0.297239,,,,,,12,99363,IX1F0000462C,3150,MSCI China A Shares,-0.176209,-0.072288,0.057474,0.009638
11528,77735,Hillhouse,Hillhouse QFII,Emerging Markets Public Equity,Global EM Public Equity,Global Equity,TRUE,30-09-2022 00:00:00,,-0.096167,-0.18962,-0.273118,0.04266,-0.007113,0.048945,-0.096167,-0.297239,,,,,,12,99363,IX1F0000462C,3150,MSCI China A Shares,-0.176209,-0.072288,0.057474,0.009638
11528,77795,Hillhouse,Hillhouse QFII,Emerging Markets Public Equity,Global EM Public Equity,Global Equity,TRUE,30-09-2022 00:00:00,,-0.096167,-0.18962,-0.273118,0.04266,-0.007113,0.048945,-0.096167,-0.297239,,,,,,12,99363,IX1F0000462C,3150,MSCI China A Shares,-0.176209,-0.072288,0.057474,0.009638
11528,111077,Hillhouse,Hillhouse QFII,Emerging Markets Public Equity,Global EM Public Equity,Global Equity,TRUE,30-09-2022 00:00:00,,-0.096167,-0.18962,-0.273118,0.04266,-0.007113,0.048945,-0.096167,-0.297239,,,,,,12,99363,IX1F0000462C,3150,MSCI China A Shares,-0.176209,-0.072288,0.057474,0.009638
5909,81155,Springs Capital,Springs China,Emerging Markets Public Equity,Global EM Public Equity,Global Equity,TRUE,30-09-2022 00:00:00,,-0.100995,-0.177199,-0.274626,0.069008,-0.016125,0.052497,-0.100995,-0.303704,,,,,,12,102500,UGEGX0903106,4074,CSI 700 Net,-0.184498,-0.060025,0.059326,-0.005064
5909,115937,Springs Capital,Springs China,Emerging Markets Public Equity,Global EM Public Equity,Global Equity,TRUE,30-09-2022 00:00:00,,-0.100995,-0.177199,-0.274626,0.069008,-0.016125,0.052497,-0.100995,-0.303704,,,,,,12,102500,UGEGX0903106,4074,CSI 700 Net,-0.184498,-0.060025,0.059326,-0.005064
25304,92299,Tybourne,Tybourne LO,Developed Markets Public Equity,Global Developed Public Equity,Global Equity,TRUE,30-09-2022 00:00:00,,-0.109662,-0.092636,-0.243494,0.016275,0.025699,0.066465,-0.109662,-0.260091,,,,,,12,100760,UGEGX0903076,4264,Tybourne Custom BM,-0.20895,-0.041,0.009195,0.064674
25304,79115,Tybourne,Tybourne LO,Developed Markets Public Equity,Global Developed Public Equity,Global Equity,TRUE,30-09-2022 00:00:00,,-0.109662,-0.092636,-0.243494,0.016275,0.025699,0.066465,-0.109662,-0.260091,,,,,,12,100760,UGEGX0903076,4264,Tybourne Custom BM,-0.20895,-0.041,0.009195,0.064674
10718,116597,PIMCO,PIMCO StocksPlus,Developed Markets Public Equity,U.S. Public Equity,Global Equity,TRUE,30-09-2022 00:00:00,,-0.078766,-0.060372,-0.181076,0.073987,0.084933,0.109507,-0.078766,-0.255338,,,,,,12,75561,UGEGX0903132,4254,Custom PIMCO StocksPlus,-0.213607,0.031595,0.064155,0.106016
10718,81815,PIMCO,PIMCO StocksPlus,Developed Markets Public Equity,U.S. Public Equity,Global Equity,TRUE,30-09-2022 00:00:00,,-0.078766,-0.060372,-0.181076,0.073987,0.084933,0.109507,-0.078766,-0.255338,,,,,,12,75561,UGEGX0903132,4254,Custom PIMCO StocksPlus,-0.213607,0.031595,0.064155,0.106016
10567,107237,UTIMCO,Indus Japan Forward,Developed Markets Public Equity,Non-U.S. Developed Public Equity,Global Equity,TRUE,30-09-2022 00:00:00,,0.002513,0.004695,0.006239,0.00597,0.011509,0.006841,0.002513,0.006142,0.018109,,,,,12,100203,IX1F0000572C,750,ICE BofAML 3 Month US T-Bill,0.005749,0.003465,0.010411,0.009543
13805,6300,UTIMCO,Distributed Stock - Venture,Private Equity,PE - Venture Capital,Global Equity,TRUE,30-09-2022 00:00:00,,0.002364,-0.031367,0.003119,0.192107,0.169829,0.142157,0.002364,-0.018444,0.124437,,,,,12,98000,UGEGX0903019,806,Blended Venture Economics Custom,-0.037093,0.244961,0.175124,0.136031
3779,84387,UTIMCO,Total Directional HF Pool,Directional Hedge Funds,,Global Equity,TRUE,30-09-2022 00:00:00,,-0.021169,-0.004161,-0.068457,0.04006,0.030497,0.034671,-0.021169,-0.070087,0.033756,,,,,12,97760,UGEGX0903006,2923,HFRI FoF Custom,-0.039055,0.035176,0.029835,0.032003
8709,8700,UTIMCO,Total Private Equity,Private Equity,,Global Equity,TRUE,30-09-2022 00:00:00,,0.002364,-0.031367,0.003119,0.192107,0.169829,0.142157,0.002364,-0.018444,0.124437,,,,,12,98000,UGEGX0903019,806,Blended Venture Economics Custom,-0.037093,0.244961,0.175124,0.136031
550,97098,Baker Brothers,Baker Bros Healthcare,Developed Markets Public Equity,U.S. Public Equity,Global Equity,TRUE,30-09-2022 00:00:00,,-0.024363,0.005013,-0.259092,0.064009,0.015249,0.097488,-0.024363,-0.203289,0.106514,,,,,12,81732,IX1F00301098,1624,Nasdaq Biotech,-0.095669,-0.05921,-0.004453,0.025019
550,13200,Baker Brothers,Baker Bros Healthcare,Developed Markets Public Equity,U.S. Public Equity,Global Equity,TRUE,30-09-2022 00:00:00,,-0.024363,0.005013,-0.259092,0.064009,0.015249,0.097488,-0.024363,-0.203289,0.106514,,,,,12,81732,IX1F00301098,1624,Nasdaq Biotech,-0.095669,-0.05921,-0.004453,0.025019
6489,6412,Biotech Hedge,Biotech Hedge,Developed Markets Public Equity,Global Developed Public Equity,Global Equity,TRUE,30-09-2022 00:00:00,,-0.024363,0.005013,-0.259092,0.064009,0.015249,0.097488,-0.024363,-0.203289,0.106514,,,,,12,81732,IX1F00301098,1624,Nasdaq Biotech,-0.095669,-0.05921,-0.004453,0.025019
4445,10672,UTIMCO,Total Public Equity,Total Regime,,Global Equity,TRUE,30-09-2022 00:00:00,,-0.099229,-0.075823,-0.21795,0.029905,,,-0.099229,-0.258434,,,,,,12,101180,UGEGX0903083,2104,PUF GEF Total Public Equity BM,-0.214231,-0.005628,0.023846,
3766,7492,UTIMCO,MSCI EM - Levered Swaps for EM-PA,Emerging Markets Public Equity,Hedge Fund Overlay,Global Equity,TRUE,31-01-2023 00:00:00,,0.078961,0.221575,-0.121182,0.014034,-0.014761,0.0207,0.044886,0.078961,,9.4689,,63184999696,68168138572,12,89951,IX1F00274888,3510,MSCI EM,0.049249,-0.097075,0.020003,0.073381
3766,7492,UTIMCO,MSCI EM - Levered Swaps for EM-PA,Emerging Markets Public Equity,Hedge Fund Overlay,Global Equity,TRUE,31-12-2022 00:00:00,,-0.014056,0.097025,-0.200913,-0.026939,-0.013961,0.014361,-0.031581,-0.200913,,9.2145,,63736232609,63184999696,12,89951,IX1F00274888,3510,MSCI EM,-0.029927,-0.117517,0.022028,0.051665
18848,12120,Cantillon Capital,Cantillon,Developed Markets Public Equity,Global Developed Public Equity,Global Equity,TRUE,31-01-2023 00:00:00,,0.071677,0.109357,-0.079939,0.068264,0.055291,0.082395,0.063697,0.071677,,5.5921,,562171000000,602057000000,12,80172,IX1F00285998,3594,Cantillon Custom Benchmark,0.024537,0.020681,0.090581,0.101508
18848,12120,Cantillon Capital,Cantillon,Developed Markets Public Equity,Global Developed Public Equity,Global Equity,TRUE,31-12-2022 00:00:00,,-0.039351,0.097629,-0.183639,0.040038,0.052268,0.07978,-0.007446,-0.183639,,5.3118,,586288000000,562171000000,12,80172,IX1F00285998,3594,Cantillon Custom Benchmark,0.022774,-0.016287,0.092429,0.081019
18848,10491,Cantillon Capital,Cantillon,Developed Markets Public Equity,Global Developed Public Equity,Global Equity,TRUE,31-01-2023 00:00:00,,0.071677,0.109357,-0.079939,0.068264,0.055291,0.082395,0.063697,0.071677,,5.5921,,562171000000,602057000000,12,80172,IX1F00285998,3594,Cantillon Custom Benchmark,0.024537,0.020681,0.090581,0.101508
18848,10491,Cantillon Capital,Cantillon,Developed Markets Public Equity,Global Developed Public Equity,Global Equity,TRUE,31-12-2022 00:00:00,,-0.039351,0.097629,-0.183639,0.040038,0.052268,0.07978,-0.007446,-0.183639,,5.3118,,586288000000,562171000000,12,80172,IX1F00285998,3594,Cantillon Custom Benchmark,0.022774,-0.016287,0.092429,0.081019
4124,13672,UTIMCO,Total Non-U.S. Developed Public Equity,Developed Markets Public Equity,Non-U.S. Developed Public Equity,Global Equity,TRUE,31-01-2023 00:00:00,,0.08196,0.191394,-0.029844,0.046418,0.024707,0.049089,0.1407,0.08196,,7.3567,,159602000000,172527000000,12,87547,IX1F00100188,3330,MSCI EAFE and Canada,0.087411,0.027454,0.064632,0.071403
4124,13672,UTIMCO,Total Non-U.S. Developed Public Equity,Developed Markets Public Equity,Non-U.S. Developed Public Equity,Global Equity,TRUE,31-12-2022 00:00:00,,-0.004848,0.161841,-0.14291,0.012681,0.017918,0.045867,0.05429,-0.14291,,7.2428,,161116000000,159602000000,12,87547,IX1F00100188,3330,MSCI EAFE and Canada,0.055008,-0.017507,0.062014,0.048674
27605,1012,DE Shaw,DE Shaw AE - Combined Returns,Developed Markets Public Equity,Global Developed Public Equity,Global Equity,TRUE,31-01-2023 00:00:00,,0.065486,0.056342,-0.094478,0.091874,0.089181,0.119563,0.03372,0.065486,,10.0377,,339384000000,361362000000,12,78606,IX1F00053058,4434,DE Shaw AE Composite Custom,-0.007271,0.044224,0.120674,0.126399
27605,1012,DE Shaw,DE Shaw AE - Combined Returns,Developed Markets Public Equity,Global Developed Public Equity,Global Equity,TRUE,31-12-2022 00:00:00,,-0.059193,0.069802,-0.198452,0.069598,0.087457,0.118193,-0.029814,-0.198452,,9.8635,,361435000000,339384000000,12,78606,IX1F00053058,4434,DE Shaw AE Composite Custom,0.018303,0.006774,0.124942,0.107507
27605,81215,DE Shaw,DE Shaw AE - Combined Returns,Developed Markets Public Equity,Global Developed Public Equity,Global Equity,TRUE,31-01-2023 00:00:00,,0.065486,0.056342,-0.094478,0.091874,0.089181,0.119563,0.03372,0.065486,,10.0377,,339384000000,361362000000,12,78606,IX1F00053058,4434,DE Shaw AE Composite Custom,-0.007271,0.044224,0.120674,0.126399
27605,81215,DE Shaw,DE Shaw AE - Combined Returns,Developed Markets Public Equity,Global Developed Public Equity,Global Equity,TRUE,31-12-2022 00:00:00,,-0.059193,0.069802,-0.198452,0.069598,0.087457,0.118193,-0.029814,-0.198452,,9.8635,,361435000000,339384000000,12,78606,IX1F00053058,4434,DE Shaw AE Composite Custom,0.018303,0.006774,0.124942,0.107507
7193,81095,Eminence,Eminence US,Developed Markets Public Equity,U.S. Public Equity,Global Equity,TRUE,31-01-2023 00:00:00,,0.065486,0.056342,-0.094478,0.091874,0.089181,0.119563,,0.065486,,10.0377,,339384000000,361362000000,12,78606,IX1F00053058,163,Eminence US Custom BM,-0.007271,0.044224,0.120674,0.126399
7193,81095,Eminence,Eminence US,Developed Markets Public Equity,U.S. Public Equity,Global Equity,TRUE,31-12-2022 00:00:00,,-0.059193,0.069802,-0.198452,0.069599,0.087457,0.118193,,-0.198452,,9.8635,,361435000000,339384000000,12,78606,IX1F00053058,163,Eminence US Custom BM,0.018303,0.006774,0.124942,0.107507
7193,115817,Eminence,Eminence US,Developed Markets Public Equity,U.S. Public Equity,Global Equity,TRUE,31-01-2023 00:00:00,,0.065486,0.056342,-0.094478,0.091874,0.089181,0.119563,,0.065486,,10.0377,,339384000000,361362000000,12,78606,IX1F00053058,163,Eminence US Custom BM,-0.007271,0.044224,0.120674,0.126399
7193,115817,Eminence,Eminence US,Developed Markets Public Equity,U.S. Public Equity,Global Equity,TRUE,31-12-2022 00:00:00,,-0.059193,0.069802,-0.198452,0.069599,0.087457,0.118193,,-0.198452,,9.8635,,361435000000,339384000000,12,78606,IX1F00053058,163,Eminence US Custom BM,0.018303,0.006774,0.124942,0.107507
11138,83135,Cooke & Bieler,Cooke & Bieler CV,Developed Markets Public Equity,U.S. Public Equity,Global Equity,TRUE,31-01-2023 00:00:00,,0.054342,0.071427,-0.004338,0.086228,0.068572,0.100546,0.078042,0.054342,,11.7297,,201811000000,204807000000,12,81486,IX1F00061088,2584,Russell 3000 Value,0.045804,0.10575,0.099763,0.107512
11138,83135,Cooke & Bieler,Cooke & Bieler CV,Developed Markets Public Equity,U.S. Public Equity,Global Equity,TRUE,31-12-2022 00:00:00,,-0.04181,0.12182,-0.079799,0.058752,0.064974,0.101611,0.022478,-0.079799,,11.6189,,195001000000,194519000000,12,81486,IX1F00061088,2584,Russell 3000 Value,0.059483,0.074081,0.106393,0.090673
11138,90078,Cooke & Bieler,Cooke & Bieler CV,Developed Markets Public Equity,U.S. Public Equity,Global Equity,TRUE,31-01-2023 00:00:00,,0.054342,0.071427,-0.004338,0.086228,0.068572,0.100546,0.078042,0.054342,,11.7297,,201811000000,204807000000,12,81486,IX1F00061088,2584,Russell 3000 Value,0.045804,0.10575,0.099763,0.107512
11138,90078,Cooke & Bieler,Cooke & Bieler CV,Developed Markets Public Equity,U.S. Public Equity,Global Equity,TRUE,31-12-2022 00:00:00,,-0.04181,0.12182,-0.079799,0.058752,0.064974,0.101611,0.022478,-0.079799,,11.6189,,195001000000,194519000000,12,81486,IX1F00061088,2584,Russell 3000 Value,0.059483,0.074081,0.106393,0.090673
4153,75995,ValueAct Capital,ValueAct,Developed Markets Public Equity,U.S. Public Equity,Global Equity,TRUE,31-01-2023 00:00:00,,0.065486,0.056342,-0.094478,0.091874,0.089181,0.119563,,0.065486,,10.0377,,339384000000,361362000000,12,78606,IX1F00053058,26,50% MSCI US/50% MSCI US Midcap Value,-0.007271,0.044224,0.120674,0.126399
4153,75995,ValueAct Capital,ValueAct,Developed Markets Public Equity,U.S. Public Equity,Global Equity,TRUE,31-12-2022 00:00:00,,-0.059193,0.069802,-0.198452,0.069599,0.087457,0.118193,,-0.198452,,9.8635,,361435000000,339384000000,12,78606,IX1F00053058,26,50% MSCI US/50% MSCI US Midcap Value,0.018303,0.006774,0.124942,0.107507
4153,11151,ValueAct Capital,ValueAct,Developed Markets Public Equity,U.S. Public Equity,Global Equity,TRUE,31-01-2023 00:00:00,,0.065486,0.056342,-0.094478,0.091874,0.089181,0.119563,,0.065486,,10.0377,,339384000000,361362000000,12,78606,IX1F00053058,26,50% MSCI US/50% MSCI US Midcap Value,-0.007271,0.044224,0.120674,0.126399
4153,11151,ValueAct Capital,ValueAct,Developed Markets Public Equity,U.S. Public Equity,Global Equity,TRUE,31-12-2022 00:00:00,,-0.059193,0.069802,-0.198452,0.069599,0.087457,0.118193,,-0.198452,,9.8635,,361435000000,339384000000,12,78606,IX1F00053058,26,50% MSCI US/50% MSCI US Midcap Value,0.018303,0.006774,0.124942,0.107507
5925,81335,Janchor,Janchor Opp II,Emerging Markets Public Equity,Global EM Public Equity,Global Equity,TRUE,31-01-2023 00:00:00,,0.061664,0.140824,-0.010865,0.051335,0.026501,0.072241,,0.061664,,5.0351,,98774491549,106542000000,12,79572,IX1F00285408,1650,Janchor Opp Custom BM,0.04332,-0.01999,0.06243,0.07568
5925,81335,Janchor,Janchor Opp II,Emerging Markets Public Equity,Global EM Public Equity,Global Equity,TRUE,31-12-2022 00:00:00,,-0.02534,0.067281,-0.103784,0.023131,0.022034,0.071227,,-0.103784,,4.7693,,98881375923,98774491549,12,79572,IX1F00285408,1650,Janchor Opp Custom BM,-0.00527,-0.035883,0.062108,0.055426
5925,97218,Janchor,Janchor Opp II,Emerging Markets Public Equity,Global EM Public Equity,Global Equity,TRUE,31-01-2023 00:00:00,,0.061664,0.140824,-0.010865,0.051335,0.026501,0.072241,,0.061664,,5.0351,,98774491549,106542000000,12,79572,IX1F00285408,1650,Janchor Opp Custom BM,0.04332,-0.01999,0.06243,0.07568
5925,97218,Janchor,Janchor Opp II,Emerging Markets Public Equity,Global EM Public Equity,Global Equity,TRUE,31-12-2022 00:00:00,,-0.02534,0.067281,-0.103784,0.023131,0.022034,0.071227,,-0.103784,,4.7693,,98881375923,98774491549,12,79572,IX1F00285408,1650,Janchor Opp Custom BM,-0.00527,-0.035883,0.062108,0.055426
7165,97158,Janchor,Janchor Opp I,Emerging Markets Public Equity,Global EM Public Equity,Global Equity,TRUE,31-01-2023 00:00:00,,0.061664,0.140824,-0.010865,0.051335,0.026501,0.072241,,0.061664,,5.0351,,98774491549,106542000000,12,79572,IX1F00285408,1650,Janchor Opp Custom BM,0.04332,-0.01999,0.06243,0.07568
7165,97158,Janchor,Janchor Opp I,Emerging Markets Public Equity,Global EM Public Equity,Global Equity,TRUE,31-12-2022 00:00:00,,-0.02534,0.067281,-0.103784,0.023131,0.022034,0.071227,,-0.103784,,4.7693,,98881375923,98774491549,12,79572,IX1F00285408,1650,Janchor Opp Custom BM,-0.00527,-0.035883,0.062108,0.055426
7165,13260,Janchor,Janchor Opp I,Emerging Markets Public Equity,Global EM Public Equity,Global Equity,TRUE,31-01-2023 00:00:00,,0.061664,0.140824,-0.010865,0.051335,0.026501,0.072241,,0.061664,,5.0351,,98774491549,106542000000,12,79572,IX1F00285408,1650,Janchor Opp Custom BM,0.04332,-0.01999,0.06243,0.07568
7165,13260,Janchor,Janchor Opp I,Emerging Markets Public Equity,Global EM Public Equity,Global Equity,TRUE,31-12-2022 00:00:00,,-0.02534,0.067281,-0.103784,0.023131,0.022034,0.071227,,-0.103784,,4.7693,,98881375923,98774491549,12,79572,IX1F00285408,1650,Janchor Opp Custom BM,-0.00527,-0.035883,0.062108,0.055426
7165,13260,Janchor,Janchor Opp I,Emerging Markets Public Equity,Global EM Public Equity,Global Equity,TRUE,31-01-2023 00:00:00,,0.080378,0.260135,-0.084347,0.027766,0.000433,0.045536,0.06036,0.080378,,7.6777,,55949423008,60546210016,12,82332,IX1F00309178,1650,Janchor Opp Custom BM,0.055345,-0.089418,0.037922,0.075807
7165,13260,Janchor,Janchor Opp I,Emerging Markets Public Equity,Global EM Public Equity,Global Equity,TRUE,31-12-2022 00:00:00,,-0.0022,0.119439,-0.184018,-0.010711,-0.002003,0.039889,-0.018529,-0.184018,,7.3139,,55940208267,55949423008,12,82332,IX1F00309178,1650,Janchor Opp Custom BM,-0.020569,-0.110687,0.035592,0.051685
7165,97158,Janchor,Janchor Opp I,Emerging Markets Public Equity,Global EM Public Equity,Global Equity,TRUE,31-01-2023 00:00:00,,0.080378,0.260135,-0.084347,0.027766,0.000433,0.045536,0.06036,0.080378,,7.6777,,55949423008,60546210016,12,82332,IX1F00309178,1650,Janchor Opp Custom BM,0.055345,-0.089418,0.037922,0.075807
7165,97158,Janchor,Janchor Opp I,Emerging Markets Public Equity,Global EM Public Equity,Global Equity,TRUE,31-12-2022 00:00:00,,-0.0022,0.119439,-0.184018,-0.010711,-0.002003,0.039889,-0.018529,-0.184018,,7.3139,,55940208267,55949423008,12,82332,IX1F00309178,1650,Janchor Opp Custom BM,-0.020569,-0.110687,0.035592,0.051685
5925,97218,Janchor,Janchor Opp II,Emerging Markets Public Equity,Global EM Public Equity,Global Equity,TRUE,31-01-2023 00:00:00,,0.080378,0.260135,-0.084347,0.027766,0.000433,0.045536,0.06036,0.080378,,7.6777,,55949423008,60546210016,12,82332,IX1F00309178,1650,Janchor Opp Custom BM,0.055345,-0.089418,0.037922,0.075807
5925,97218,Janchor,Janchor Opp II,Emerging Markets Public Equity,Global EM Public Equity,Global Equity,TRUE,31-12-2022 00:00:00,,-0.0022,0.119439,-0.184018,-0.010711,-0.002003,0.039889,-0.018529,-0.184018,,7.3139,,55940208267,55949423008,12,82332,IX1F00309178,1650,Janchor Opp Custom BM,-0.020569,-0.110687,0.035592,0.051685
5925,81335,Janchor,Janchor Opp II,Emerging Markets Public Equity,Global EM Public Equity,Global Equity,TRUE,31-01-2023 00:00:00,,0.080378,0.260135,-0.084347,0.027766,0.000433,0.045536,0.06036,0.080378,,7.6777,,55949423008,60546210016,12,82332,IX1F00309178,1650,Janchor Opp Custom BM,0.055345,-0.089418,0.037922,0.075807
5925,81335,Janchor,Janchor Opp II,Emerging Markets Public Equity,Global EM Public Equity,Global Equity,TRUE,31-12-2022 00:00:00,,-0.0022,0.119439,-0.184018,-0.010711,-0.002003,0.039889,-0.018529,-0.184018,,7.3139,,55940208267,55949423008,12,82332,IX1F00309178,1650,Janchor Opp Custom BM,-0.020569,-0.110687,0.035592,0.051685
3822,82595,UTIMCO,Taiwan Semi,Emerging Markets Public Equity,Global EM Public Equity,Global Equity,TRUE,31-01-2023 00:00:00,,0.126724,0.301855,-0.192706,0.138768,0.101883,0.109331,0.039597,0.126724,,7.3938,,8725923312,9831284159,12,78372,IX1F00281838,604,MSCI Taiwan Net Dividend,0.026114,-0.03196,0.172007,0.139471
3822,82595,UTIMCO,Taiwan Semi,Emerging Markets Public Equity,Global EM Public Equity,Global Equity,TRUE,31-12-2022 00:00:00,,-0.054574,0.096274,-0.297602,0.076962,0.091773,0.100834,-0.077327,-0.297602,,6.9555,,9184626667,8725923312,12,78372,IX1F00281838,604,MSCI Taiwan Net Dividend,-0.06241,-0.058743,0.142424,0.118812
3822,89178,UTIMCO,Taiwan Semi,Emerging Markets Public Equity,Global EM Public Equity,Global Equity,TRUE,31-01-2023 00:00:00,,0.126724,0.301855,-0.192706,0.138768,0.101883,0.109331,0.039597,0.126724,,7.3938,,8725923312,9831284159,12,78372,IX1F00281838,604,MSCI Taiwan Net Dividend,0.026114,-0.03196,0.172007,0.139471
3822,89178,UTIMCO,Taiwan Semi,Emerging Markets Public Equity,Global EM Public Equity,Global Equity,TRUE,31-12-2022 00:00:00,,-0.054574,0.096274,-0.297602,0.076962,0.091773,0.100834,-0.077327,-0.297602,,6.9555,,9184626667,8725923312,12,78372,IX1F00281838,604,MSCI Taiwan Net Dividend,-0.06241,-0.058743,0.142424,0.118812
4406,97038,Charles-Lim,Charles-Lim Asia,Emerging Markets Public Equity,Global EM Public Equity,Global Equity,TRUE,31-01-2023 00:00:00,,0.082118,0.283215,-0.102913,0.027149,-0.00524,0.042148,0.051086,0.082118,,7.6777,,55949423008,60546210016,12,82332,IX1F00309178,2070,MSCI AC Asia ex-Japan,0.051003,-0.107939,0.033357,0.078311
4406,97038,Charles-Lim,Charles-Lim Asia,Emerging Markets Public Equity,Global EM Public Equity,Global Equity,TRUE,31-12-2022 00:00:00,,-0.001884,0.113512,-0.196716,-0.01458,-0.006434,0.03566,-0.028677,-0.196716,,7.3139,,55940208267,55949423008,12,82332,IX1F00309178,2070,MSCI AC Asia ex-Japan,-0.040531,-0.125134,0.031199,0.054186
4406,80255,Charles-Lim,Charles-Lim Asia,Emerging Markets Public Equity,Global EM Public Equity,Global Equity,TRUE,31-01-2023 00:00:00,,0.082118,0.283215,-0.102913,0.027149,-0.00524,0.042148,0.051086,0.082118,,7.6777,,55949423008,60546210016,12,82332,IX1F00309178,2070,MSCI AC Asia ex-Japan,0.051003,-0.107939,0.033357,0.078311
4406,80255,Charles-Lim,Charles-Lim Asia,Emerging Markets Public Equity,Global EM Public Equity,Global Equity,TRUE,31-12-2022 00:00:00,,-0.001884,0.113512,-0.196716,-0.01458,-0.006434,0.03566,-0.028677,-0.196716,,7.3139,,55940208267,55949423008,12,82332,IX1F00309178,2070,MSCI AC Asia ex-Japan,-0.040531,-0.125134,0.031199,0.054186
20584,77135,Proa Partners,Proa,Emerging Markets Public Equity,Global EM Public Equity,Global Equity,TRUE,31-01-2023 00:00:00,,0.082118,0.283215,-0.102913,0.027149,-0.00524,0.042148,0.051086,0.082118,,7.6777,,55949423008,60546210016,12,82332,IX1F00309178,2070,MSCI AC Asia ex-Japan,0.051003,-0.107939,0.033357,0.078311
20584,77135,Proa Partners,Proa,Emerging Markets Public Equity,Global EM Public Equity,Global Equity,TRUE,31-12-2022 00:00:00,,-0.001884,0.113512,-0.196716,-0.01458,-0.006434,0.03566,-0.028677,-0.196716,,7.3139,,55940208267,55949423008,12,82332,IX1F00309178,2070,MSCI AC Asia ex-Japan,-0.040531,-0.125134,0.031199,0.054186
20584,110597,Proa Partners,Proa,Emerging Markets Public Equity,Global EM Public Equity,Global Equity,TRUE,31-01-2023 00:00:00,,0.082118,0.283215,-0.102913,0.027149,-0.00524,0.042148,0.051086,0.082118,,7.6777,,55949423008,60546210016,12,82332,IX1F00309178,2070,MSCI AC Asia ex-Japan,0.051003,-0.107939,0.033357,0.078311
20584,110597,Proa Partners,Proa,Emerging Markets Public Equity,Global EM Public Equity,Global Equity,TRUE,31-12-2022 00:00:00,,-0.001884,0.113512,-0.196716,-0.01458,-0.006434,0.03566,-0.028677,-0.196716,,7.3139,,55940208267,55949423008,12,82332,IX1F00309178,2070,MSCI AC Asia ex-Japan,-0.040531,-0.125134,0.031199,0.054186
1993,110117,Hillhouse,Hillhouse Gaoling,Emerging Markets Public Equity,Global EM Public Equity,Global Equity,TRUE,31-01-2023 00:00:00,,0.117807,0.52543,-0.099289,-0.022846,-0.045245,0.033513,0.084453,0.117807,,1.2754,,20415062074,22828961623,12,87726,IX1F00078668,3030,MSCI China,0.086918,-0.201246,-0.002767,0.069015
1993,110117,Hillhouse,Hillhouse Gaoling,Emerging Markets Public Equity,Global EM Public Equity,Global Equity,TRUE,31-12-2022 00:00:00,,0.052048,0.13528,-0.217986,-0.073778,-0.044039,0.026206,-0.029839,-0.217986,,0.9048,,19375405774,20415062074,12,87726,IX1F00078668,3030,MSCI China,-0.119449,-0.217189,-0.004381,0.031891
1993,75155,Hillhouse,Hillhouse Gaoling,Emerging Markets Public Equity,Global EM Public Equity,Global Equity,TRUE,31-01-2023 00:00:00,,0.117807,0.52543,-0.099289,-0.022846,-0.045245,0.033513,0.084453,0.117807,,1.2754,,20415062074,22828961623,12,87726,IX1F00078668,3030,MSCI China,0.086918,-0.201246,-0.002767,0.069015
1993,75155,Hillhouse,Hillhouse Gaoling,Emerging Markets Public Equity,Global EM Public Equity,Global Equity,TRUE,31-12-2022 00:00:00,,0.052048,0.13528,-0.217986,-0.073778,-0.044039,0.026206,-0.029839,-0.217986,,0.9048,,19375405774,20415062074,12,87726,IX1F00078668,3030,MSCI China,-0.119449,-0.217189,-0.004381,0.031891
2629,82355,CoreView Capital Management,CoreView China,Emerging Markets Public Equity,Global EM Public Equity,Global Equity,TRUE,31-01-2023 00:00:00,,0.117807,0.52543,-0.099289,-0.022846,-0.045245,0.033513,0.084453,0.117807,,1.2754,,20415062074,22828961623,12,87726,IX1F00078668,3030,MSCI China,0.086918,-0.201246,-0.002767,0.069015
2629,82355,CoreView Capital Management,CoreView China,Emerging Markets Public Equity,Global EM Public Equity,Global Equity,TRUE,31-12-2022 00:00:00,,0.052048,0.13528,-0.217986,-0.073778,-0.044039,0.026206,-0.029839,-0.217986,,0.9048,,19375405774,20415062074,12,87726,IX1F00078668,3030,MSCI China,-0.119449,-0.217189,-0.004381,0.031891
2629,88758,CoreView Capital Management,CoreView China,Emerging Markets Public Equity,Global EM Public Equity,Global Equity,TRUE,31-01-2023 00:00:00,,0.117807,0.52543,-0.099289,-0.022846,-0.045245,0.033513,0.084453,0.117807,,1.2754,,20415062074,22828961623,12,87726,IX1F00078668,3030,MSCI China,0.086918,-0.201246,-0.002767,0.069015
2629,88758,CoreView Capital Management,CoreView China,Emerging Markets Public Equity,Global EM Public Equity,Global Equity,TRUE,31-12-2022 00:00:00,,0.052048,0.13528,-0.217986,-0.073778,-0.044039,0.026206,-0.029839,-0.217986,,0.9048,,19375405774,20415062074,12,87726,IX1F00078668,3030,MSCI China,-0.119449,-0.217189,-0.004381,0.031891
3384,713,UTIMCO,Total Emerging Markets Public Equity,Emerging Markets Public Equity,Global EM Public Equity,Global Equity,TRUE,31-01-2023 00:00:00,,0.078961,0.221575,-0.121182,0.014034,-0.014761,0.0207,0.044886,0.078961,,9.4689,,63184999696,68168138572,12,89951,IX1F00274888,103,EM Policy Blended BM,0.049249,-0.097075,0.020003,0.073381
3384,713,UTIMCO,Total Emerging Markets Public Equity,Emerging Markets Public Equity,Global EM Public Equity,Global Equity,TRUE,31-12-2022 00:00:00,,-0.014056,0.097025,-0.200913,-0.026939,-0.013961,0.014361,-0.031581,-0.200913,,9.2145,,63736232609,63184999696,12,89951,IX1F00274888,103,EM Policy Blended BM,-0.029927,-0.117517,0.022028,0.051665
9993,116237,Marshall Wace,Marshall Wace EM,Emerging Markets Public Equity,Global EM Public Equity,Global Equity,TRUE,31-01-2023 00:00:00,,0.078961,0.221575,-0.121182,0.014034,-0.014761,0.0207,0.044886,0.078961,,9.4689,,63184999696,68168138572,12,89951,IX1F00274888,3510,MSCI EM,0.049249,-0.097075,0.020003,0.073381
9993,116237,Marshall Wace,Marshall Wace EM,Emerging Markets Public Equity,Global EM Public Equity,Global Equity,TRUE,31-12-2022 00:00:00,,-0.014056,0.097025,-0.200913,-0.026939,-0.013961,0.014361,-0.031581,-0.200913,,9.2145,,63736232609,63184999696,12,89951,IX1F00274888,3510,MSCI EM,-0.029927,-0.117517,0.022028,0.051665
9993,81515,Marshall Wace,Marshall Wace EM,Emerging Markets Public Equity,Global EM Public Equity,Global Equity,TRUE,31-01-2023 00:00:00,,0.078961,0.221575,-0.121182,0.014034,-0.014761,0.0207,0.044886,0.078961,,9.4689,,63184999696,68168138572,12,89951,IX1F00274888,3510,MSCI EM,0.049249,-0.097075,0.020003,0.073381
9993,81515,Marshall Wace,Marshall Wace EM,Emerging Markets Public Equity,Global EM Public Equity,Global Equity,TRUE,31-12-2022 00:00:00,,-0.014056,0.097025,-0.200913,-0.026939,-0.013961,0.014361,-0.031581,-0.200913,,9.2145,,63736232609,63184999696,12,89951,IX1F00274888,3510,MSCI EM,-0.029927,-0.117517,0.022028,0.051665
5564,13671,DFA,DimensionalEM,Emerging Markets Public Equity,Global EM Public Equity,Global Equity,TRUE,31-01-2023 00:00:00,,0.078961,0.221575,-0.121182,0.014034,-0.014761,0.0207,0.044886,0.078961,,9.4689,,63184999696,68168138572,12,89951,IX1F00274888,3510,MSCI EM,0.049249,-0.097075,0.020003,0.073381
2310,6352,UTIMCO,Public EM Passive,Emerging Markets Public Equity,Global EM Public Equity,Global Equity,TRUE,31-01-2023 00:00:00,,0.078961,0.221575,-0.121182,0.014034,-0.014761,0.0207,0.044886,0.078961,,9.4689,,63184999696,68168138572,12,89951,IX1F00274888,3510,MSCI EM,0.049249,-0.097075,0.020003,0.073381
2310,6352,UTIMCO,Public EM Passive,Emerging Markets Public Equity,Global EM Public Equity,Global Equity,TRUE,31-12-2022 00:00:00,,-0.014056,0.097025,-0.200913,-0.026939,-0.013961,0.014361,-0.031581,-0.200913,,9.2145,,63736232609,63184999696,12,89951,IX1F00274888,3510,MSCI EM,-0.029927,-0.117517,0.022028,0.051665
6817,116117,Marshall Wace,Marshall Wace US 150-50,Developed Markets Public Equity,U.S. Public Equity,Global Equity,TRUE,31-01-2023 00:00:00,,0.065486,0.056342,-0.094478,0.091874,0.089181,0.119563,0.03372,0.065486,0.066417,10.0377,,339384000000,361362000000,12,78606,IX1F00053058,664,MSCI United States,-0.007271,0.044224,0.120674,0.126399
6817,116117,Marshall Wace,Marshall Wace US 150-50,Developed Markets Public Equity,U.S. Public Equity,Global Equity,TRUE,31-12-2022 00:00:00,,-0.059193,0.069802,-0.198452,0.069598,0.087457,0.118193,-0.029814,-0.198452,0.063884,9.8635,,361435000000,339384000000,12,78606,IX1F00053058,664,MSCI United States,0.018303,0.006774,0.124942,0.107507
6817,81395,Marshall Wace,Marshall Wace US 150-50,Developed Markets Public Equity,U.S. Public Equity,Global Equity,TRUE,31-01-2023 00:00:00,,0.065486,0.056342,-0.094478,0.091874,0.089181,0.119563,0.03372,0.065486,0.066417,10.0377,,339384000000,361362000000,12,78606,IX1F00053058,664,MSCI United States,-0.007271,0.044224,0.120674,0.126399
6817,81395,Marshall Wace,Marshall Wace US 150-50,Developed Markets Public Equity,U.S. Public Equity,Global Equity,TRUE,31-12-2022 00:00:00,,-0.059193,0.069802,-0.198452,0.069598,0.087457,0.118193,-0.029814,-0.198452,0.063884,9.8635,,361435000000,339384000000,12,78606,IX1F00053058,664,MSCI United States,0.018303,0.006774,0.124942,0.107507
761,81215,DE Shaw,DE Shaw US 130-30,Developed Markets Public Equity,U.S. Public Equity,Global Equity,TRUE,31-01-2023 00:00:00,,0.065486,0.056342,-0.094478,0.091874,0.089181,0.119563,0.03372,0.065486,0.066417,10.0377,,339384000000,361362000000,12,78606,IX1F00053058,664,MSCI United States,-0.007271,0.044224,0.120674,0.126399
761,81215,DE Shaw,DE Shaw US 130-30,Developed Markets Public Equity,U.S. Public Equity,Global Equity,TRUE,31-12-2022 00:00:00,,-0.059193,0.069802,-0.198452,0.069598,0.087457,0.118193,-0.029814,-0.198452,0.063884,9.8635,,361435000000,339384000000,12,78606,IX1F00053058,664,MSCI United States,0.018303,0.006774,0.124942,0.107507
761,1012,DE Shaw,DE Shaw US 130-30,Developed Markets Public Equity,U.S. Public Equity,Global Equity,TRUE,31-01-2023 00:00:00,,0.065486,0.056342,-0.094478,0.091874,0.089181,0.119563,0.03372,0.065486,0.066417,10.0377,,339384000000,361362000000,12,78606,IX1F00053058,664,MSCI United States,-0.007271,0.044224,0.120674,0.126399
761,1012,DE Shaw,DE Shaw US 130-30,Developed Markets Public Equity,U.S. Public Equity,Global Equity,TRUE,31-12-2022 00:00:00,,-0.059193,0.069802,-0.198452,0.069598,0.087457,0.118193,-0.029814,-0.198452,0.063884,9.8635,,361435000000,339384000000,12,78606,IX1F00053058,664,MSCI United States,0.018303,0.006774,0.124942,0.107507
188,5632,UTIMCO,MSCI US Passive,Developed Markets Public Equity,U.S. Public Equity,Global Equity,TRUE,31-01-2023 00:00:00,,0.065486,0.056342,-0.094478,0.091874,0.089181,0.119563,0.03372,0.065486,0.066417,10.0377,,339384000000,361362000000,12,78606,IX1F00053058,664,MSCI United States,-0.007271,0.044224,0.120674,0.126399
188,5632,UTIMCO,MSCI US Passive,Developed Markets Public Equity,U.S. Public Equity,Global Equity,TRUE,31-12-2022 00:00:00,,-0.059193,0.069802,-0.198452,0.069598,0.087457,0.118193,-0.029814,-0.198452,0.063884,9.8635,,361435000000,339384000000,12,78606,IX1F00053058,664,MSCI United States,0.018303,0.006774,0.124942,0.107507
8137,89358,Echo Street,Echo Street New World,Developed Markets Public Equity,U.S. Public Equity,Global Equity,TRUE,31-01-2023 00:00:00,,0.065486,0.056342,-0.094478,0.091874,0.089181,0.119563,0.03372,0.065486,0.066417,10.0377,,339384000000,361362000000,12,78606,IX1F00053058,664,MSCI United States,-0.007271,0.044224,0.120674,0.126399
8137,89358,Echo Street,Echo Street New World,Developed Markets Public Equity,U.S. Public Equity,Global Equity,TRUE,31-12-2022 00:00:00,,-0.059193,0.069802,-0.198452,0.069598,0.087457,0.118193,-0.029814,-0.198452,0.063884,9.8635,,361435000000,339384000000,12,78606,IX1F00053058,664,MSCI United States,0.018303,0.006774,0.124942,0.107507
8137,82715,Echo Street,Echo Street New World,Developed Markets Public Equity,U.S. Public Equity,Global Equity,TRUE,31-01-2023 00:00:00,,0.065486,0.056342,-0.094478,0.091874,0.089181,0.119563,0.03372,0.065486,0.066417,10.0377,,339384000000,361362000000,12,78606,IX1F00053058,664,MSCI United States,-0.007271,0.044224,0.120674,0.126399
8137,82715,Echo Street,Echo Street New World,Developed Markets Public Equity,U.S. Public Equity,Global Equity,TRUE,31-12-2022 00:00:00,,-0.059193,0.069802,-0.198452,0.069598,0.087457,0.118193,-0.029814,-0.198452,0.063884,9.8635,,361435000000,339384000000,12,78606,IX1F00053058,664,MSCI United States,0.018303,0.006774,0.124942,0.107507
6345,117137,Echo Street,Echo Street Select Plus,Developed Markets Public Equity,U.S. Public Equity,Global Equity,TRUE,31-01-2023 00:00:00,,0.065486,0.056342,-0.094478,0.091874,0.089181,0.119563,0.03372,0.065486,0.066417,10.0377,,339384000000,361362000000,12,78606,IX1F00053058,664,MSCI United States,-0.007271,0.044224,0.120674,0.126399
6345,117137,Echo Street,Echo Street Select Plus,Developed Markets Public Equity,U.S. Public Equity,Global Equity,TRUE,31-12-2022 00:00:00,,-0.059193,0.069802,-0.198452,0.069598,0.087457,0.118193,-0.029814,-0.198452,0.063884,9.8635,,361435000000,339384000000,12,78606,IX1F00053058,664,MSCI United States,0.018303,0.006774,0.124942,0.107507
6345,82175,Echo Street,Echo Street Select Plus,Developed Markets Public Equity,U.S. Public Equity,Global Equity,TRUE,31-01-2023 00:00:00,,0.065486,0.056342,-0.094478,0.091874,0.089181,0.119563,0.03372,0.065486,0.066417,10.0377,,339384000000,361362000000,12,78606,IX1F00053058,664,MSCI United States,-0.007271,0.044224,0.120674,0.126399
6345,82175,Echo Street,Echo Street Select Plus,Developed Markets Public Equity,U.S. Public Equity,Global Equity,TRUE,31-12-2022 00:00:00,,-0.059193,0.069802,-0.198452,0.069598,0.087457,0.118193,-0.029814,-0.198452,0.063884,9.8635,,361435000000,339384000000,12,78606,IX1F00053058,664,MSCI United States,0.018303,0.006774,0.124942,0.107507
1961,117017,Echo Street,Echo Street Select,Developed Markets Public Equity,U.S. Public Equity,Global Equity,TRUE,31-01-2023 00:00:00,,0.065486,0.056342,-0.094478,0.091874,0.089181,0.119563,0.03372,0.065486,0.066417,10.0377,,339384000000,361362000000,12,78606,IX1F00053058,664,MSCI United States,-0.007271,0.044224,0.120674,0.126399
1961,117017,Echo Street,Echo Street Select,Developed Markets Public Equity,U.S. Public Equity,Global Equity,TRUE,31-12-2022 00:00:00,,-0.059193,0.069802,-0.198452,0.069598,0.087457,0.118193,-0.029814,-0.198452,0.063884,9.8635,,361435000000,339384000000,12,78606,IX1F00053058,664,MSCI United States,0.018303,0.006774,0.124942,0.107507
1961,82115,Echo Street,Echo Street Select,Developed Markets Public Equity,U.S. Public Equity,Global Equity,TRUE,31-01-2023 00:00:00,,0.065486,0.056342,-0.094478,0.091874,0.089181,0.119563,0.03372,0.065486,0.066417,10.0377,,339384000000,361362000000,12,78606,IX1F00053058,664,MSCI United States,-0.007271,0.044224,0.120674,0.126399
1961,82115,Echo Street,Echo Street Select,Developed Markets Public Equity,U.S. Public Equity,Global Equity,TRUE,31-12-2022 00:00:00,,-0.059193,0.069802,-0.198452,0.069598,0.087457,0.118193,-0.029814,-0.198452,0.063884,9.8635,,361435000000,339384000000,12,78606,IX1F00053058,664,MSCI United States,0.018303,0.006774,0.124942,0.107507
2026,81935,Two Sigma,Two Sigma US 130-30,Developed Markets Public Equity,U.S. Public Equity,Global Equity,TRUE,31-01-2023 00:00:00,,0.068873,0.058811,-0.082438,0.095098,0.091203,0.122806,0.039406,0.068873,0.075954,11.7335,,396107000000,402451000000,12,98043,IX1F00003858,2524,Russell 3000,0.000617,0.044044,0.121667,0.130306
2026,81935,Two Sigma,Two Sigma US 130-30,Developed Markets Public Equity,U.S. Public Equity,Global Equity,TRUE,31-12-2022 00:00:00,,-0.058553,0.071821,-0.192069,0.070663,0.087883,0.121326,-0.027568,-0.192069,0.073291,11.5879,,377858000000,376909000000,12,98043,IX1F00003858,2524,Russell 3000,0.023969,0.007599,0.12609,0.110351
2026,116717,Two Sigma,Two Sigma US 130-30,Developed Markets Public Equity,U.S. Public Equity,Global Equity,TRUE,31-01-2023 00:00:00,,0.068873,0.058811,-0.082438,0.095098,0.091203,0.122806,0.039406,0.068873,0.075954,11.7335,,396107000000,402451000000,12,98043,IX1F00003858,2524,Russell 3000,0.000617,0.044044,0.121667,0.130306
2026,116717,Two Sigma,Two Sigma US 130-30,Developed Markets Public Equity,U.S. Public Equity,Global Equity,TRUE,31-12-2022 00:00:00,,-0.058553,0.071821,-0.192069,0.070663,0.087883,0.121326,-0.027568,-0.192069,0.073291,11.5879,,377858000000,376909000000,12,98043,IX1F00003858,2524,Russell 3000,0.023969,0.007599,0.12609,0.110351
22685,115337,BlueSpruce,WhiteSpruce,Developed Markets Public Equity,U.S. Public Equity,Global Equity,TRUE,31-01-2023 00:00:00,,0.062834,0.057573,-0.082159,0.098842,0.095402,0.126801,0.037908,0.062834,0.073979,,,321329000000,341136000000,12,88326,IX1F00079488,2884,S&P 500,-0.00442,0.06377,0.127223,0.132763
22685,80675,BlueSpruce,WhiteSpruce,Developed Markets Public Equity,U.S. Public Equity,Global Equity,TRUE,31-01-2023 00:00:00,,0.062834,0.057573,-0.082159,0.098842,0.095402,0.126801,0.037908,0.062834,0.073979,,,321329000000,341136000000,12,88326,IX1F00079488,2884,S&P 500,-0.00442,0.06377,0.127223,0.132763
8111,89538,BlueSpruce,BlueSpruce Dislocation Fund - CI,Developed Markets Public Equity,U.S. Public Equity,Global Equity,TRUE,31-01-2023 00:00:00,,0.062834,0.057573,-0.082159,0.098842,0.095402,0.126801,0.037908,0.062834,0.073979,,,321329000000,341136000000,12,88326,IX1F00079488,2884,S&P 500,-0.00442,0.06377,0.127223,0.132763
8111,82775,BlueSpruce,BlueSpruce Dislocation Fund - CI,Developed Markets Public Equity,U.S. Public Equity,Global Equity,TRUE,31-01-2023 00:00:00,,0.062834,0.057573,-0.082159,0.098842,0.095402,0.126801,0.037908,0.062834,0.073979,,,321329000000,341136000000,12,88326,IX1F00079488,2884,S&P 500,-0.00442,0.06377,0.127223,0.132763
10473,117197,"Texas McCombs Investment Advisers, LLC",UT Longhorn Fund,Developed Markets Public Equity,U.S. Public Equity,Global Equity,TRUE,31-01-2023 00:00:00,,0.062834,0.057573,-0.082159,0.098842,0.095402,0.126801,0.037908,0.062834,0.073979,,,321329000000,341136000000,12,88326,IX1F00079488,2884,S&P 500,-0.00442,0.06377,0.127223,0.132763
10473,82235,"Texas McCombs Investment Advisers, LLC",UT Longhorn Fund,Developed Markets Public Equity,U.S. Public Equity,Global Equity,TRUE,31-01-2023 00:00:00,,0.062834,0.057573,-0.082159,0.098842,0.095402,0.126801,0.037908,0.062834,0.073979,,,321329000000,341136000000,12,88326,IX1F00079488,2884,S&P 500,-0.00442,0.06377,0.127223,0.132763
3293,117317,Texas A&M University,TAMU Reveille Fund,Developed Markets Public Equity,U.S. Public Equity,Global Equity,TRUE,31-01-2023 00:00:00,,0.062834,0.057573,-0.082159,0.098842,0.095402,0.126801,0.037908,0.062834,0.073979,,,321329000000,341136000000,12,88326,IX1F00079488,2884,S&P 500,-0.00442,0.06377,0.127223,0.132763
3293,82295,Texas A&M University,TAMU Reveille Fund,Developed Markets Public Equity,U.S. Public Equity,Global Equity,TRUE,31-01-2023 00:00:00,,0.062834,0.057573,-0.082159,0.098842,0.095402,0.126801,0.037908,0.062834,0.073979,,,321329000000,341136000000,12,88326,IX1F00079488,2884,S&P 500,-0.00442,0.06377,0.127223,0.132763
22685,115337,BlueSpruce,WhiteSpruce,Developed Markets Public Equity,U.S. Public Equity,Global Equity,TRUE,31-12-2022 00:00:00,,-0.057614,0.075611,-0.181109,0.076606,0.094249,0.125625,-0.023452,-0.181109,0.071562,8.9944,,342892000000,321329000000,12,88326,IX1F00079488,2884,S&P 500,0.023092,0.026625,0.131782,0.114809
22685,80675,BlueSpruce,WhiteSpruce,Developed Markets Public Equity,U.S. Public Equity,Global Equity,TRUE,31-12-2022 00:00:00,,-0.057614,0.075611,-0.181109,0.076606,0.094249,0.125625,-0.023452,-0.181109,0.071562,8.9944,,342892000000,321329000000,12,88326,IX1F00079488,2884,S&P 500,0.023092,0.026625,0.131782,0.114809
10473,117197,"Texas McCombs Investment Advisers, LLC",UT Longhorn Fund,Developed Markets Public Equity,U.S. Public Equity,Global Equity,TRUE,31-12-2022 00:00:00,,-0.057614,0.075611,-0.181109,0.076606,0.094249,0.125625,-0.023452,-0.181109,0.071562,8.9944,,342892000000,321329000000,12,88326,IX1F00079488,2884,S&P 500,0.023092,0.026625,0.131782,0.114809
10473,82235,"Texas McCombs Investment Advisers, LLC",UT Longhorn Fund,Developed Markets Public Equity,U.S. Public Equity,Global Equity,TRUE,31-12-2022 00:00:00,,-0.057614,0.075611,-0.181109,0.076606,0.094249,0.125625,-0.023452,-0.181109,0.071562,8.9944,,342892000000,321329000000,12,88326,IX1F00079488,2884,S&P 500,0.023092,0.026625,0.131782,0.114809
8111,89538,BlueSpruce,BlueSpruce Dislocation Fund - CI,Developed Markets Public Equity,U.S. Public Equity,Global Equity,TRUE,31-12-2022 00:00:00,,-0.057614,0.075611,-0.181109,0.076606,0.094249,0.125625,-0.023452,-0.181109,0.071562,8.9944,,342892000000,321329000000,12,88326,IX1F00079488,2884,S&P 500,0.023092,0.026625,0.131782,0.114809
8111,82775,BlueSpruce,BlueSpruce Dislocation Fund - CI,Developed Markets Public Equity,U.S. Public Equity,Global Equity,TRUE,31-12-2022 00:00:00,,-0.057614,0.075611,-0.181109,0.076606,0.094249,0.125625,-0.023452,-0.181109,0.071562,8.9944,,342892000000,321329000000,12,88326,IX1F00079488,2884,S&P 500,0.023092,0.026625,0.131782,0.114809
3293,117317,Texas A&M University,TAMU Reveille Fund,Developed Markets Public Equity,U.S. Public Equity,Global Equity,TRUE,31-12-2022 00:00:00,,-0.057614,0.075611,-0.181109,0.076606,0.094249,0.125625,-0.023452,-0.181109,0.071562,8.9944,,342892000000,321329000000,12,88326,IX1F00079488,2884,S&P 500,0.023092,0.026625,0.131782,0.114809
3293,82295,Texas A&M University,TAMU Reveille Fund,Developed Markets Public Equity,U.S. Public Equity,Global Equity,TRUE,31-12-2022 00:00:00,,-0.057614,0.075611,-0.181109,0.076606,0.094249,0.125625,-0.023452,-0.181109,0.071562,8.9944,,342892000000,321329000000,12,88326,IX1F00079488,2884,S&P 500,0.023092,0.026625,0.131782,0.114809
18916,101778,UTIMCO,MSCI US Value LC,Developed Markets Public Equity,U.S. Public Equity,Global Equity,TRUE,31-01-2023 00:00:00,,0.03209,0.053842,-0.008049,0.084087,0.069116,0.103585,0.075251,0.03209,0.063745,11.6933,,178165000000,183792000000,12,91508,IX1F00128388,1024,MSCI US Value,0.044972,0.115933,0.098668,0.107422
18916,101778,UTIMCO,MSCI US Value LC,Developed Markets Public Equity,U.S. Public Equity,Global Equity,TRUE,31-12-2022 00:00:00,,-0.037375,0.134887,-0.06242,0.063734,0.070325,0.106827,0.041819,-0.06242,0.062594,11.6412,,192246000000,178165000000,12,91508,IX1F00128388,1024,MSCI US Value,0.069735,0.091947,0.109127,0.09553
3060,5692,UTIMCO,GS US Value Passive,Developed Markets Public Equity,U.S. Public Equity,Global Equity,TRUE,31-01-2023 00:00:00,,0.03209,0.053842,-0.008049,0.084087,0.069116,0.103585,0.075251,0.03209,0.063745,11.6933,,178165000000,183792000000,12,91508,IX1F00128388,1024,MSCI US Value,0.044972,0.115933,0.098668,0.107422
3060,5692,UTIMCO,GS US Value Passive,Developed Markets Public Equity,U.S. Public Equity,Global Equity,TRUE,31-12-2022 00:00:00,,-0.037375,0.134887,-0.06242,0.063734,0.070325,0.106827,0.041819,-0.06242,0.062594,11.6412,,192246000000,178165000000,12,91508,IX1F00128388,1024,MSCI US Value,0.069735,0.091947,0.109127,0.09553
18658,13852,UTIMCO,Total Global Developed Equity,Developed Markets Public Equity,Global Developed Public Equity,Global Equity,TRUE,31-01-2023 00:00:00,,0.070756,0.096572,-0.074529,0.075809,0.064983,0.090571,0.066063,0.070756,0.058014,8.2255,,498986000000,533889000000,12,77886,IX1F00052438,1204,MSCI World,0.021493,0.038484,0.100336,0.105562
18658,13852,UTIMCO,Total Global Developed Equity,Developed Markets Public Equity,Global Developed Public Equity,Global Equity,TRUE,31-12-2022 00:00:00,,-0.042467,0.097655,-0.181417,0.049432,0.061387,0.088535,-0.004383,-0.181417,0.055259,8.1103,,522552000000,498986000000,12,77886,IX1F00052438,1204,MSCI World,0.029735,-0.001414,0.102143,0.085211
16573,116057,TPG Capital,TPG LO,Developed Markets Public Equity,Global Developed Public Equity,Global Equity,TRUE,31-01-2023 00:00:00,,0.070756,0.096572,-0.074529,0.075809,0.064983,0.090571,0.066063,0.070756,0.058014,8.2255,,498986000000,533889000000,12,77886,IX1F00052438,1204,MSCI World,0.021493,0.038484,0.100336,0.105562
16573,116057,TPG Capital,TPG LO,Developed Markets Public Equity,Global Developed Public Equity,Global Equity,TRUE,31-12-2022 00:00:00,,-0.042467,0.097655,-0.181417,0.049432,0.061387,0.088535,-0.004383,-0.181417,0.055259,8.1103,,522552000000,498986000000,12,77886,IX1F00052438,1204,MSCI World,0.029735,-0.001414,0.102143,0.085211
16573,81275,TPG Capital,TPG LO,Developed Markets Public Equity,Global Developed Public Equity,Global Equity,TRUE,31-01-2023 00:00:00,,0.070756,0.096572,-0.074529,0.075809,0.064983,0.090571,0.066063,0.070756,0.058014,8.2255,,498986000000,533889000000,12,77886,IX1F00052438,1204,MSCI World,0.021493,0.038484,0.100336,0.105562
16573,81275,TPG Capital,TPG LO,Developed Markets Public Equity,Global Developed Public Equity,Global Equity,TRUE,31-12-2022 00:00:00,,-0.042467,0.097655,-0.181417,0.049432,0.061387,0.088535,-0.004383,-0.181417,0.055259,8.1103,,522552000000,498986000000,12,77886,IX1F00052438,1204,MSCI World,0.029735,-0.001414,0.102143,0.085211
16394,101958,UTIMCO,MSCI EM Reallocation,Developed Markets Public Equity,Global Developed Public Equity,Global Equity,TRUE,31-01-2023 00:00:00,,0.070756,0.096572,-0.074529,0.075809,0.064983,0.090571,0.066063,0.070756,0.058014,8.2255,,498986000000,533889000000,12,77886,IX1F00052438,1204,MSCI World,0.021493,0.038484,0.100336,0.105562
16394,101958,UTIMCO,MSCI EM Reallocation,Developed Markets Public Equity,Global Developed Public Equity,Global Equity,TRUE,31-12-2022 00:00:00,,-0.042467,0.097655,-0.181417,0.049432,0.061387,0.088535,-0.004383,-0.181417,0.055259,8.1103,,522552000000,498986000000,12,77886,IX1F00052438,1204,MSCI World,0.029735,-0.001414,0.102143,0.085211
9686,103997,Eminence,Eminence Global,Developed Markets Public Equity,Global Developed Public Equity,Global Equity,TRUE,31-01-2023 00:00:00,,0.070756,0.096572,-0.074529,0.075809,0.064983,0.090571,0.066063,0.070756,0.058014,8.2255,,498986000000,533889000000,12,77886,IX1F00052438,1204,MSCI World,0.021493,0.038484,0.100336,0.105562
9686,103997,Eminence,Eminence Global,Developed Markets Public Equity,Global Developed Public Equity,Global Equity,TRUE,31-12-2022 00:00:00,,-0.042467,0.097655,-0.181417,0.049432,0.061387,0.088535,-0.004383,-0.181417,0.055259,8.1103,,522552000000,498986000000,12,77886,IX1F00052438,1204,MSCI World,0.029735,-0.001414,0.102143,0.085211
9686,77435,Eminence,Eminence Global,Developed Markets Public Equity,Global Developed Public Equity,Global Equity,TRUE,31-01-2023 00:00:00,,0.070756,0.096572,-0.074529,0.075809,0.064983,0.090571,0.066063,0.070756,0.058014,8.2255,,498986000000,533889000000,12,77886,IX1F00052438,1204,MSCI World,0.021493,0.038484,0.100336,0.105562
9686,77435,Eminence,Eminence Global,Developed Markets Public Equity,Global Developed Public Equity,Global Equity,TRUE,31-12-2022 00:00:00,,-0.042467,0.097655,-0.181417,0.049432,0.061387,0.088535,-0.004383,-0.181417,0.055259,8.1103,,522552000000,498986000000,12,77886,IX1F00052438,1204,MSCI World,0.029735,-0.001414,0.102143,0.085211
7148,13560,UTIMCO,Internal Factor Basket,Developed Markets Public Equity,Global Developed Public Equity,Global Equity,TRUE,31-01-2023 00:00:00,,0.070756,0.096572,-0.074529,0.075809,0.064983,0.090571,0.066063,0.070756,0.058014,8.2255,,498986000000,533889000000,12,77886,IX1F00052438,1204,MSCI World,0.021493,0.038484,0.100336,0.105562
7148,13560,UTIMCO,Internal Factor Basket,Developed Markets Public Equity,Global Developed Public Equity,Global Equity,TRUE,31-12-2022 00:00:00,,-0.042467,0.097655,-0.181417,0.049432,0.061387,0.088535,-0.004383,-0.181417,0.055259,8.1103,,522552000000,498986000000,12,77886,IX1F00052438,1204,MSCI World,0.029735,-0.001414,0.102143,0.085211
7148,1312,UTIMCO,Internal Factor Basket,Developed Markets Public Equity,Global Developed Public Equity,Global Equity,TRUE,31-01-2023 00:00:00,,0.070756,0.096572,-0.074529,0.075809,0.064983,0.090571,0.066063,0.070756,0.058014,8.2255,,498986000000,533889000000,12,77886,IX1F00052438,1204,MSCI World,0.021493,0.038484,0.100336,0.105562
7148,1312,UTIMCO,Internal Factor Basket,Developed Markets Public Equity,Global Developed Public Equity,Global Equity,TRUE,31-12-2022 00:00:00,,-0.042467,0.097655,-0.181417,0.049432,0.061387,0.088535,-0.004383,-0.181417,0.055259,8.1103,,522552000000,498986000000,12,77886,IX1F00052438,1204,MSCI World,0.029735,-0.001414,0.102143,0.085211
4497,91579,Viking,Viking LO,Developed Markets Public Equity,Global Developed Public Equity,Global Equity,TRUE,31-01-2023 00:00:00,,0.070756,0.096572,-0.074529,0.075809,0.064983,0.090571,0.066063,0.070756,0.058014,8.2255,,498986000000,533889000000,12,77886,IX1F00052438,1204,MSCI World,0.021493,0.038484,0.100336,0.105562
4497,91579,Viking,Viking LO,Developed Markets Public Equity,Global Developed Public Equity,Global Equity,TRUE,31-12-2022 00:00:00,,-0.042467,0.097655,-0.181417,0.049432,0.061387,0.088535,-0.004383,-0.181417,0.055259,8.1103,,522552000000,498986000000,12,77886,IX1F00052438,1204,MSCI World,0.029735,-0.001414,0.102143,0.085211
4497,75215,Viking,Viking LO,Developed Markets Public Equity,Global Developed Public Equity,Global Equity,TRUE,31-01-2023 00:00:00,,0.070756,0.096572,-0.074529,0.075809,0.064983,0.090571,0.066063,0.070756,0.058014,8.2255,,498986000000,533889000000,12,77886,IX1F00052438,1204,MSCI World,0.021493,0.038484,0.100336,0.105562
4497,75215,Viking,Viking LO,Developed Markets Public Equity,Global Developed Public Equity,Global Equity,TRUE,31-12-2022 00:00:00,,-0.042467,0.097655,-0.181417,0.049432,0.061387,0.088535,-0.004383,-0.181417,0.055259,8.1103,,522552000000,498986000000,12,77886,IX1F00052438,1204,MSCI World,0.029735,-0.001414,0.102143,0.085211
1738,89058,Generation,Generation Global,Developed Markets Public Equity,Global Developed Public Equity,Global Equity,TRUE,31-01-2023 00:00:00,,0.070756,0.096572,-0.074529,0.075809,0.064983,0.090571,0.066063,0.070756,0.058014,8.2255,,498986000000,533889000000,12,77886,IX1F00052438,1204,MSCI World,0.021493,0.038484,0.100336,0.105562
1738,89058,Generation,Generation Global,Developed Markets Public Equity,Global Developed Public Equity,Global Equity,TRUE,31-12-2022 00:00:00,,-0.042467,0.097655,-0.181417,0.049432,0.061387,0.088535,-0.004383,-0.181417,0.055259,8.1103,,522552000000,498986000000,12,77886,IX1F00052438,1204,MSCI World,0.029735,-0.001414,0.102143,0.085211
1738,82535,Generation,Generation Global,Developed Markets Public Equity,Global Developed Public Equity,Global Equity,TRUE,31-01-2023 00:00:00,,0.070756,0.096572,-0.074529,0.075809,0.064983,0.090571,0.066063,0.070756,0.058014,8.2255,,498986000000,533889000000,12,77886,IX1F00052438,1204,MSCI World,0.021493,0.038484,0.100336,0.105562
1738,82535,Generation,Generation Global,Developed Markets Public Equity,Global Developed Public Equity,Global Equity,TRUE,31-12-2022 00:00:00,,-0.042467,0.097655,-0.181417,0.049432,0.061387,0.088535,-0.004383,-0.181417,0.055259,8.1103,,522552000000,498986000000,12,77886,IX1F00052438,1204,MSCI World,0.029735,-0.001414,0.102143,0.085211
24313,13320,AKO,AKO Global LO,Developed Markets Public Equity,Global Developed Public Equity,Global Equity,TRUE,31-01-2023 00:00:00,,0.071677,0.109357,-0.079939,0.068264,0.055291,0.082395,0.063697,0.071677,0.057318,5.5921,,562171000000,602057000000,12,80172,IX1F00285998,2250,MSCI AC World,0.024537,0.020681,0.090581,0.101508
24313,13320,AKO,AKO Global LO,Developed Markets Public Equity,Global Developed Public Equity,Global Equity,TRUE,31-12-2022 00:00:00,,-0.039351,0.097629,-0.183639,0.040038,0.052268,0.07978,-0.007446,-0.183639,0.054525,5.3118,,586288000000,562171000000,12,80172,IX1F00285998,2250,MSCI AC World,0.022774,-0.016287,0.092429,0.081019
24313,952,AKO,AKO Global LO,Developed Markets Public Equity,Global Developed Public Equity,Global Equity,TRUE,31-01-2023 00:00:00,,0.071677,0.109357,-0.079939,0.068264,0.055291,0.082395,0.063697,0.071677,0.057318,5.5921,,562171000000,602057000000,12,80172,IX1F00285998,2250,MSCI AC World,0.024537,0.020681,0.090581,0.101508
24313,952,AKO,AKO Global LO,Developed Markets Public Equity,Global Developed Public Equity,Global Equity,TRUE,31-12-2022 00:00:00,,-0.039351,0.097629,-0.183639,0.040038,0.052268,0.07978,-0.007446,-0.183639,0.054525,5.3118,,586288000000,562171000000,12,80172,IX1F00285998,2250,MSCI AC World,0.022774,-0.016287,0.092429,0.081019
9627,90558,Tiger Global,Tiger Global LO,Developed Markets Public Equity,Global Developed Public Equity,Global Equity,TRUE,31-01-2023 00:00:00,,0.071677,0.109357,-0.079939,0.068264,0.055291,0.082395,0.063697,0.071677,0.057318,5.5921,,562171000000,602057000000,12,80172,IX1F00285998,2250,MSCI AC World,0.024537,0.020681,0.090581,0.101508
9627,90558,Tiger Global,Tiger Global LO,Developed Markets Public Equity,Global Developed Public Equity,Global Equity,TRUE,31-12-2022 00:00:00,,-0.039351,0.097629,-0.183639,0.040038,0.052268,0.07978,-0.007446,-0.183639,0.054525,5.3118,,586288000000,562171000000,12,80172,IX1F00285998,2250,MSCI AC World,0.022774,-0.016287,0.092429,0.081019
9627,80795,Tiger Global,Tiger Global LO,Developed Markets Public Equity,Global Developed Public Equity,Global Equity,TRUE,31-01-2023 00:00:00,,0.071677,0.109357,-0.079939,0.068264,0.055291,0.082395,0.063697,0.071677,0.057318,5.5921,,562171000000,602057000000,12,80172,IX1F00285998,2250,MSCI AC World,0.024537,0.020681,0.090581,0.101508
9627,80795,Tiger Global,Tiger Global LO,Developed Markets Public Equity,Global Developed Public Equity,Global Equity,TRUE,31-12-2022 00:00:00,,-0.039351,0.097629,-0.183639,0.040038,0.052268,0.07978,-0.007446,-0.183639,0.054525,5.3118,,586288000000,562171000000,12,80172,IX1F00285998,2250,MSCI AC World,0.022774,-0.016287,0.092429,0.081019
6277,116177,Marshall Wace,Marshall Wace World,Developed Markets Public Equity,Global Developed Public Equity,Global Equity,TRUE,31-01-2023 00:00:00,,0.071677,0.109357,-0.079939,0.068264,0.055291,0.082395,0.063697,0.071677,0.057318,5.5921,,562171000000,602057000000,12,80172,IX1F00285998,2250,MSCI AC World,0.024537,0.020681,0.090581,0.101508
6277,116177,Marshall Wace,Marshall Wace World,Developed Markets Public Equity,Global Developed Public Equity,Global Equity,TRUE,31-12-2022 00:00:00,,-0.039351,0.097629,-0.183639,0.040038,0.052268,0.07978,-0.007446,-0.183639,0.054525,5.3118,,586288000000,562171000000,12,80172,IX1F00285998,2250,MSCI AC World,0.022774,-0.016287,0.092429,0.081019
6277,81455,Marshall Wace,Marshall Wace World,Developed Markets Public Equity,Global Developed Public Equity,Global Equity,TRUE,31-01-2023 00:00:00,,0.071677,0.109357,-0.079939,0.068264,0.055291,0.082395,0.063697,0.071677,0.057318,5.5921,,562171000000,602057000000,12,80172,IX1F00285998,2250,MSCI AC World,0.024537,0.020681,0.090581,0.101508
6277,81455,Marshall Wace,Marshall Wace World,Developed Markets Public Equity,Global Developed Public Equity,Global Equity,TRUE,31-12-2022 00:00:00,,-0.039351,0.097629,-0.183639,0.040038,0.052268,0.07978,-0.007446,-0.183639,0.054525,5.3118,,586288000000,562171000000,12,80172,IX1F00285998,2250,MSCI AC World,0.022774,-0.016287,0.092429,0.081019
4881,116897,GQG Partners,GQG Global,Developed Markets Public Equity,Global Developed Public Equity,Global Equity,TRUE,31-01-2023 00:00:00,,0.071677,0.109357,-0.079939,0.068264,0.055291,0.082395,0.063697,0.071677,0.057318,5.5921,,562171000000,602057000000,12,80172,IX1F00285998,2250,MSCI AC World,0.024537,0.020681,0.090581,0.101508
4881,116897,GQG Partners,GQG Global,Developed Markets Public Equity,Global Developed Public Equity,Global Equity,TRUE,31-12-2022 00:00:00,,-0.039351,0.097629,-0.183639,0.040038,0.052268,0.07978,-0.007446,-0.183639,0.054525,5.3118,,586288000000,562171000000,12,80172,IX1F00285998,2250,MSCI AC World,0.022774,-0.016287,0.092429,0.081019
4881,82055,GQG Partners,GQG Global,Developed Markets Public Equity,Global Developed Public Equity,Global Equity,TRUE,31-01-2023 00:00:00,,0.071677,0.109357,-0.079939,0.068264,0.055291,0.082395,0.063697,0.071677,0.057318,5.5921,,562171000000,602057000000,12,80172,IX1F00285998,2250,MSCI AC World,0.024537,0.020681,0.090581,0.101508
4881,82055,GQG Partners,GQG Global,Developed Markets Public Equity,Global Developed Public Equity,Global Equity,TRUE,31-12-2022 00:00:00,,-0.039351,0.097629,-0.183639,0.040038,0.052268,0.07978,-0.007446,-0.183639,0.054525,5.3118,,586288000000,562171000000,12,80172,IX1F00285998,2250,MSCI AC World,0.022774,-0.016287,0.092429,0.081019
25925,83015,Arrowstreet,Arrowstreet ACWI,Developed Markets Public Equity,Global Developed Public Equity,Global Equity,TRUE,31-01-2023 00:00:00,,0.073659,0.110993,-0.075986,0.06858,0.053548,0.082124,0.065512,0.073659,0.060662,7.3023,,637524000000,683925000000,12,88987,IX1F00112407,2550,MSCI ACWI IMI,0.027682,0.018597,0.089084,0.100921
25925,83015,Arrowstreet,Arrowstreet ACWI,Developed Markets Public Equity,Global Developed Public Equity,Global Equity,TRUE,31-12-2022 00:00:00,,-0.038409,0.098437,-0.184036,0.038939,0.049646,0.079424,-0.007588,-0.184036,0.057791,7.0819,,665301000000,637524000000,12,88987,IX1F00112407,2550,MSCI ACWI IMI,0.025553,-0.017833,0.091036,0.079771
25925,89958,Arrowstreet,Arrowstreet ACWI,Developed Markets Public Equity,Global Developed Public Equity,Global Equity,TRUE,31-01-2023 00:00:00,,0.073659,0.110993,-0.075986,0.06858,0.053548,0.082124,0.065512,0.073659,0.060662,7.3023,,637524000000,683925000000,12,88987,IX1F00112407,2550,MSCI ACWI IMI,0.027682,0.018597,0.089084,0.100921
25925,89958,Arrowstreet,Arrowstreet ACWI,Developed Markets Public Equity,Global Developed Public Equity,Global Equity,TRUE,31-12-2022 00:00:00,,-0.038409,0.098437,-0.184036,0.038939,0.049646,0.079424,-0.007588,-0.184036,0.057791,7.0819,,665301000000,637524000000,12,88987,IX1F00112407,2550,MSCI ACWI IMI,0.025553,-0.017833,0.091036,0.079771
20056,94160,UTIMCO,Total Portable Alpha DM Consol,Developed Markets Public Equity,Hedge Fund Overlay,Global Equity,TRUE,31-01-2023 00:00:00,,0.070756,0.096572,-0.074529,0.075809,0.064983,0.090571,0.066063,0.070756,0.058014,8.2255,,498986000000,533889000000,12,77886,IX1F00052438,1204,MSCI World,0.021493,0.038484,0.100336,0.105562
20056,94160,UTIMCO,Total Portable Alpha DM Consol,Developed Markets Public Equity,Hedge Fund Overlay,Global Equity,TRUE,31-12-2022 00:00:00,,-0.042467,0.097655,-0.181417,0.049432,0.061387,0.088535,-0.004383,-0.181417,0.055259,8.1103,,522552000000,498986000000,12,77886,IX1F00052438,1204,MSCI World,0.029735,-0.001414,0.102143,0.085211
7569,7432,UTIMCO,MSCI World - Levered Swaps for DM-PA,Developed Markets Public Equity,Hedge Fund Overlay,Global Equity,TRUE,31-01-2023 00:00:00,,0.070756,0.096572,-0.074529,0.075809,0.064983,0.090571,0.066063,0.070756,0.058014,8.2255,,498986000000,533889000000,12,77886,IX1F00052438,1204,MSCI World,0.021493,0.038484,0.100336,0.105562
7569,7432,UTIMCO,MSCI World - Levered Swaps for DM-PA,Developed Markets Public Equity,Hedge Fund Overlay,Global Equity,TRUE,31-12-2022 00:00:00,,-0.042467,0.097655,-0.181417,0.049432,0.061387,0.088535,-0.004383,-0.181417,0.055259,8.1103,,522552000000,498986000000,12,77886,IX1F00052438,1204,MSCI World,0.029735,-0.001414,0.102143,0.085211
3659,94280,UTIMCO,Total Portable Alpha,Developed Markets Public Equity,Hedge Fund Overlay,Global Equity,TRUE,31-01-2023 00:00:00,,0.070756,0.096572,-0.074529,0.075809,0.064983,0.090571,0.066063,0.070756,0.058014,8.2255,,498986000000,533889000000,12,77886,IX1F00052438,1204,MSCI World,0.021493,0.038484,0.100336,0.105562
3659,94280,UTIMCO,Total Portable Alpha,Developed Markets Public Equity,Hedge Fund Overlay,Global Equity,TRUE,31-12-2022 00:00:00,,-0.042467,0.097655,-0.181417,0.049432,0.061387,0.088535,-0.004383,-0.181417,0.055259,8.1103,,522552000000,498986000000,12,77886,IX1F00052438,1204,MSCI World,0.029735,-0.001414,0.102143,0.085211
14164,104837,Westwood Global,Westwood Developed,Developed Markets Public Equity,Non-U.S. Developed Public Equity,Global Equity,TRUE,31-01-2023 00:00:00,,0.080977,0.203701,-0.028286,0.042501,0.021304,0.049494,0.149772,0.080977,0.042481,7.4115,,142394000000,153811000000,12,78006,IX1F00052708,3270,MSCI EAFE,0.095164,0.019802,0.061592,0.068345
14164,104837,Westwood Global,Westwood Developed,Developed Markets Public Equity,Non-U.S. Developed Public Equity,Global Equity,TRUE,31-12-2022 00:00:00,,0.000804,0.173411,-0.144517,0.008669,0.015413,0.046721,0.063642,-0.144517,0.039309,7.2998,,142932000000,142394000000,12,78006,IX1F00052708,3270,MSCI EAFE,0.063608,-0.024378,0.057826,0.045258
14164,80555,Westwood Global,Westwood Developed,Developed Markets Public Equity,Non-U.S. Developed Public Equity,Global Equity,TRUE,31-01-2023 00:00:00,,0.080977,0.203701,-0.028286,0.042501,0.021304,0.049494,0.149772,0.080977,0.042481,7.4115,,142394000000,153811000000,12,78006,IX1F00052708,3270,MSCI EAFE,0.095164,0.019802,0.061592,0.068345
14164,80555,Westwood Global,Westwood Developed,Developed Markets Public Equity,Non-U.S. Developed Public Equity,Global Equity,TRUE,31-12-2022 00:00:00,,0.000804,0.173411,-0.144517,0.008669,0.015413,0.046721,0.063642,-0.144517,0.039309,7.2998,,142932000000,142394000000,12,78006,IX1F00052708,3270,MSCI EAFE,0.063608,-0.024378,0.057826,0.045258
8921,75095,Silchester,Silchester IE,Developed Markets Public Equity,Non-U.S. Developed Public Equity,Global Equity,TRUE,31-01-2023 00:00:00,,0.07719,0.210691,0.006561,0.044457,0.006087,0.036827,0.173238,0.07719,0.043199,9.5446,,72760936312,78324606847,12,84308,IX1F00126038,3450,MSCI EAFE Value,0.13365,0.066153,0.04552,0.060483
8921,75095,Silchester,Silchester IE,Developed Markets Public Equity,Non-U.S. Developed Public Equity,Global Equity,TRUE,31-12-2022 00:00:00,,0.012633,0.196428,-0.05583,0.006456,0.001717,0.035052,0.089165,-0.05583,0.040177,9.4318,,71441979975,72760936312,12,84308,IX1F00126038,3450,MSCI EAFE Value,0.074333,0.023231,0.043021,0.036636
8921,110057,Silchester,Silchester IE,Developed Markets Public Equity,Non-U.S. Developed Public Equity,Global Equity,TRUE,31-01-2023 00:00:00,,0.07719,0.210691,0.006561,0.044457,0.006087,0.036827,0.173238,0.07719,0.043199,9.5446,,72760936312,78324606847,12,84308,IX1F00126038,3450,MSCI EAFE Value,0.13365,0.066153,0.04552,0.060483
8921,110057,Silchester,Silchester IE,Developed Markets Public Equity,Non-U.S. Developed Public Equity,Global Equity,TRUE,31-12-2022 00:00:00,,0.012633,0.196428,-0.05583,0.006456,0.001717,0.035052,0.089165,-0.05583,0.040177,9.4318,,71441979975,72760936312,12,84308,IX1F00126038,3450,MSCI EAFE Value,0.074333,0.023231,0.043021,0.036636
10236,90498,East Bridge Capital,East Bridge India,Emerging Markets Public Equity,Global EM Public Equity,Global Equity,TRUE,31-01-2023 00:00:00,,-0.033172,-0.03951,-0.153453,0.086203,-0.013375,0.05348,-0.105183,-0.033172,0.129948,11.9587,,1398531969,1351623913,12,84732,IX1F00371967,4350,MSCI India Mid Cap,-0.066353,0.035055,0.058542,0.077415
10236,90498,East Bridge Capital,East Bridge India,Emerging Markets Public Equity,Global EM Public Equity,Global Equity,TRUE,31-12-2022 00:00:00,,-0.048581,-0.012659,-0.152679,0.095753,-0.008266,0.060278,-0.074482,-0.152679,0.131982,12.5024,,1311843951,1398531969,12,84732,IX1F00371967,4350,MSCI India Mid Cap,0.075022,0.056067,0.043963,0.068146
10236,80735,East Bridge Capital,East Bridge India,Emerging Markets Public Equity,Global EM Public Equity,Global Equity,TRUE,31-01-2023 00:00:00,,-0.033172,-0.03951,-0.153453,0.086203,-0.013375,0.05348,-0.105183,-0.033172,0.129948,11.9587,,1398531969,1351623913,12,84732,IX1F00371967,4350,MSCI India Mid Cap,-0.066353,0.035055,0.058542,0.077415
10236,80735,East Bridge Capital,East Bridge India,Emerging Markets Public Equity,Global EM Public Equity,Global Equity,TRUE,31-12-2022 00:00:00,,-0.048581,-0.012659,-0.152679,0.095753,-0.008266,0.060278,-0.074482,-0.152679,0.131982,12.5024,,1311843951,1398531969,12,84732,IX1F00371967,4350,MSCI India Mid Cap,0.075022,0.056067,0.043963,0.068146
2219,82655,Arrowstreet,Arrowstreet EM,Emerging Markets Public Equity,Global EM Public Equity,Global Equity,TRUE,31-01-2023 00:00:00,,0.07638,0.21143,-0.11756,0.022112,-0.011705,0.022383,0.043093,0.07638,0.066185,7.2847,,72718195804,78263650123,12,88386,IX1F00079527,3810,MSCI EM IMI,0.050193,-0.084866,0.025475,0.073317
2219,82655,Arrowstreet,Arrowstreet EM,Emerging Markets Public Equity,Global EM Public Equity,Global Equity,TRUE,31-12-2022 00:00:00,,-0.013564,0.095035,-0.198325,-0.018165,-0.011037,0.01643,-0.030925,-0.198325,0.063208,7.0799,,73284809562,72718195804,12,88386,IX1F00079527,3810,MSCI EM IMI,-0.023069,-0.105887,0.027227,0.05164
2219,89298,Arrowstreet,Arrowstreet EM,Emerging Markets Public Equity,Global EM Public Equity,Global Equity,TRUE,31-01-2023 00:00:00,,0.07638,0.21143,-0.11756,0.022112,-0.011705,0.022383,0.043093,0.07638,0.066185,7.2847,,72718195804,78263650123,12,88386,IX1F00079527,3810,MSCI EM IMI,0.050193,-0.084866,0.025475,0.073317
2219,89298,Arrowstreet,Arrowstreet EM,Emerging Markets Public Equity,Global EM Public Equity,Global Equity,TRUE,31-12-2022 00:00:00,,-0.013564,0.095035,-0.198325,-0.018165,-0.011037,0.01643,-0.030925,-0.198325,0.063208,7.0799,,73284809562,72718195804,12,88386,IX1F00079527,3810,MSCI EM IMI,-0.023069,-0.105887,0.027227,0.05164
10294,79595,Acadian,Acadian EM Small Cap,Emerging Markets Public Equity,Global EM Public Equity,Global Equity,TRUE,31-01-2023 00:00:00,,0.059267,0.146962,-0.091432,0.086126,0.010849,0.035308,0.031208,0.059267,0.077,7.9001,,9533196108,10095511551,12,80226,IX1F0005747C,3870,MSCI EM Small Cap,0.056751,0.015074,0.068114,0.075014
10294,79595,Acadian,Acadian EM Small Cap,Emerging Markets Public Equity,Global EM Public Equity,Global Equity,TRUE,31-12-2022 00:00:00,,-0.010296,0.082003,-0.180211,0.051099,0.010598,0.03213,-0.026489,-0.180211,0.074735,7.7696,,9548576954,9533196108,12,80226,IX1F0005747C,3870,MSCI EM Small Cap,0.025176,-0.013334,0.066724,0.053787
10294,96798,Acadian,Acadian EM Small Cap,Emerging Markets Public Equity,Global EM Public Equity,Global Equity,TRUE,31-01-2023 00:00:00,,0.059267,0.146962,-0.091432,0.086126,0.010849,0.035308,0.031208,0.059267,0.077,7.9001,,9533196108,10095511551,12,80226,IX1F0005747C,3870,MSCI EM Small Cap,0.056751,0.015074,0.068114,0.075014
10294,96798,Acadian,Acadian EM Small Cap,Emerging Markets Public Equity,Global EM Public Equity,Global Equity,TRUE,31-12-2022 00:00:00,,-0.010296,0.082003,-0.180211,0.051099,0.010598,0.03213,-0.026489,-0.180211,0.074735,7.7696,,9548576954,9533196108,12,80226,IX1F0005747C,3870,MSCI EM Small Cap,0.025176,-0.013334,0.066724,0.053787
32473,8575,D1 Capital Partners,D1 HF,Directional Hedge Funds,Long/Short Equity,Global Equity,TRUE,31-01-2023 00:00:00,,0.038349,0.06131,-0.028343,0.074625,0.047535,0.056325,0.036805,0.038349,0.068391,10.5466,,,,12,99843,IX1F0000533C,1723,HFRI Equity Hedge,0.034563,0.013962,0.073618,0.071907
32473,8575,D1 Capital Partners,D1 HF,Directional Hedge Funds,Long/Short Equity,Global Equity,TRUE,31-12-2022 00:00:00,,-0.006619,0.042683,-0.101289,0.057669,0.045738,0.055817,-0.001487,-0.101289,0.066987,10.4486,,,,12,99843,IX1F0000533C,1723,HFRI Equity Hedge,0.01833,0.001809,0.076979,0.05904
25904,87746,Two Creeks,Two Creeks,Directional Hedge Funds,Long/Short Equity,Global Equity,TRUE,31-01-2023 00:00:00,,0.038349,0.06131,-0.028343,0.074625,0.047535,0.056325,0.036805,0.038349,0.068391,10.5466,,,,12,99843,IX1F0000533C,1723,HFRI Equity Hedge,0.034563,0.013962,0.073618,0.071907
25904,87746,Two Creeks,Two Creeks,Directional Hedge Funds,Long/Short Equity,Global Equity,TRUE,31-12-2022 00:00:00,,-0.006619,0.042683,-0.101289,0.057669,0.045738,0.055817,-0.001487,-0.101289,0.066987,10.4486,,,,12,99843,IX1F0000533C,1723,HFRI Equity Hedge,0.01833,0.001809,0.076979,0.05904
22017,87986,Thunderbird,Thunderbird,Directional Hedge Funds,Long/Short Equity,Global Equity,TRUE,31-01-2023 00:00:00,,0.038349,0.06131,-0.028343,0.074625,0.047535,0.056325,0.036805,0.038349,0.068391,10.5466,,,,12,99843,IX1F0000533C,1723,HFRI Equity Hedge,0.034563,0.013962,0.073618,0.071907
22017,87986,Thunderbird,Thunderbird,Directional Hedge Funds,Long/Short Equity,Global Equity,TRUE,31-12-2022 00:00:00,,-0.006619,0.042683,-0.101289,0.057669,0.045738,0.055817,-0.001487,-0.101289,0.066987,10.4486,,,,12,99843,IX1F0000533C,1723,HFRI Equity Hedge,0.01833,0.001809,0.076979,0.05904
15165,75327,Hound,Hound HF,Directional Hedge Funds,Long/Short Equity,Global Equity,TRUE,31-01-2023 00:00:00,,0.038349,0.06131,-0.028343,0.074625,0.047535,0.056325,0.036805,0.038349,0.068391,10.5466,,,,12,99843,IX1F0000533C,1723,HFRI Equity Hedge,0.034563,0.013962,0.073618,0.071907
15165,75327,Hound,Hound HF,Directional Hedge Funds,Long/Short Equity,Global Equity,TRUE,31-12-2022 00:00:00,,-0.006619,0.042683,-0.101289,0.057669,0.045738,0.055817,-0.001487,-0.101289,0.066987,10.4486,,,,12,99843,IX1F0000533C,1723,HFRI Equity Hedge,0.01833,0.001809,0.076979,0.05904
14124,10915,D1 Capital Partners,D1 CI - Rivian,Directional Hedge Funds,Long/Short Equity,Global Equity,TRUE,31-01-2023 00:00:00,,0.038349,0.06131,-0.028343,0.074625,0.047535,0.056325,0.036805,0.038349,0.068391,10.5466,,,,12,99843,IX1F0000533C,1723,HFRI Equity Hedge,0.034563,0.013962,0.073618,0.071907
14124,10915,D1 Capital Partners,D1 CI - Rivian,Directional Hedge Funds,Long/Short Equity,Global Equity,TRUE,31-12-2022 00:00:00,,-0.006619,0.042683,-0.101289,0.057669,0.045738,0.055817,-0.001487,-0.101289,0.066987,10.4486,,,,12,99843,IX1F0000533C,1723,HFRI Equity Hedge,0.01833,0.001809,0.076979,0.05904
12457,87326,Hengistbury,Hengistbury,Directional Hedge Funds,Long/Short Equity,Global Equity,TRUE,31-01-2023 00:00:00,,0.038349,0.06131,-0.028343,0.074625,0.047535,0.056325,0.036805,0.038349,0.068391,10.5466,,,,12,99843,IX1F0000533C,1723,HFRI Equity Hedge,0.034563,0.013962,0.073618,0.071907
12457,87326,Hengistbury,Hengistbury,Directional Hedge Funds,Long/Short Equity,Global Equity,TRUE,31-12-2022 00:00:00,,-0.006619,0.042683,-0.101289,0.057669,0.045738,0.055817,-0.001487,-0.101289,0.066987,10.4486,,,,12,99843,IX1F0000533C,1723,HFRI Equity Hedge,0.01833,0.001809,0.076979,0.05904
12163,87026,Slate Path,Slate Path HF,Directional Hedge Funds,Long/Short Equity,Global Equity,TRUE,31-01-2023 00:00:00,,0.038349,0.06131,-0.028343,0.074625,0.047535,0.056325,0.036805,0.038349,0.068391,10.5466,,,,12,99843,IX1F0000533C,1723,HFRI Equity Hedge,0.034563,0.013962,0.073618,0.071907
12163,87026,Slate Path,Slate Path HF,Directional Hedge Funds,Long/Short Equity,Global Equity,TRUE,31-12-2022 00:00:00,,-0.006619,0.042683,-0.101289,0.057669,0.045738,0.055817,-0.001487,-0.101289,0.066987,10.4486,,,,12,99843,IX1F0000533C,1723,HFRI Equity Hedge,0.01833,0.001809,0.076979,0.05904
11900,86126,Route One,Route One,Directional Hedge Funds,Long/Short Equity,Global Equity,TRUE,31-01-2023 00:00:00,,0.038349,0.06131,-0.028343,0.074625,0.047535,0.056325,0.036805,0.038349,0.068391,10.5466,,,,12,99843,IX1F0000533C,1723,HFRI Equity Hedge,0.034563,0.013962,0.073618,0.071907
11900,86126,Route One,Route One,Directional Hedge Funds,Long/Short Equity,Global Equity,TRUE,31-12-2022 00:00:00,,-0.006619,0.042683,-0.101289,0.057669,0.045738,0.055817,-0.001487,-0.101289,0.066987,10.4486,,,,12,99843,IX1F0000533C,1723,HFRI Equity Hedge,0.01833,0.001809,0.076979,0.05904
11533,11035,Tiger Pacific,Tiger Pacific,Directional Hedge Funds,Long/Short Equity,Global Equity,TRUE,31-01-2023 00:00:00,,0.038349,0.06131,-0.028343,0.074625,0.047535,0.056325,0.036805,0.038349,0.068391,10.5466,,,,12,99843,IX1F0000533C,1723,HFRI Equity Hedge,0.034563,0.013962,0.073618,0.071907
11533,11035,Tiger Pacific,Tiger Pacific,Directional Hedge Funds,Long/Short Equity,Global Equity,TRUE,31-12-2022 00:00:00,,-0.006619,0.042683,-0.101289,0.057669,0.045738,0.055817,-0.001487,-0.101289,0.066987,10.4486,,,,12,99843,IX1F0000533C,1723,HFRI Equity Hedge,0.01833,0.001809,0.076979,0.05904
7888,10675,Hound,Hound Variable Beta,Directional Hedge Funds,Long/Short Equity,Global Equity,TRUE,31-01-2023 00:00:00,,0.038349,0.06131,-0.028343,0.074625,0.047535,0.056325,0.036805,0.038349,0.068391,10.5466,,,,12,99843,IX1F0000533C,1723,HFRI Equity Hedge,0.034563,0.013962,0.073618,0.071907
7888,10675,Hound,Hound Variable Beta,Directional Hedge Funds,Long/Short Equity,Global Equity,TRUE,31-12-2022 00:00:00,,-0.006619,0.042683,-0.101289,0.057669,0.045738,0.055817,-0.001487,-0.101289,0.066987,10.4486,,,,12,99843,IX1F0000533C,1723,HFRI Equity Hedge,0.01833,0.001809,0.076979,0.05904
5076,87926,Immersion,Immersion,Directional Hedge Funds,Long/Short Equity,Global Equity,TRUE,31-01-2023 00:00:00,,0.038349,0.06131,-0.028343,0.074625,0.047535,0.056325,0.036805,0.038349,0.068391,10.5466,,,,12,99843,IX1F0000533C,1723,HFRI Equity Hedge,0.034563,0.013962,0.073618,0.071907
5076,87926,Immersion,Immersion,Directional Hedge Funds,Long/Short Equity,Global Equity,TRUE,31-12-2022 00:00:00,,-0.006619,0.042683,-0.101289,0.057669,0.045738,0.055817,-0.001487,-0.101289,0.066987,10.4486,,,,12,99843,IX1F0000533C,1723,HFRI Equity Hedge,0.01833,0.001809,0.076979,0.05904
4716,87806,Soroban,Soroban Opp,Directional Hedge Funds,Long/Short Equity,Global Equity,TRUE,31-01-2023 00:00:00,,0.038349,0.06131,-0.028343,0.074625,0.047535,0.056325,0.036805,0.038349,0.068391,10.5466,,,,12,99843,IX1F0000533C,1723,HFRI Equity Hedge,0.034563,0.013962,0.073618,0.071907
4716,87806,Soroban,Soroban Opp,Directional Hedge Funds,Long/Short Equity,Global Equity,TRUE,31-12-2022 00:00:00,,-0.006619,0.042683,-0.101289,0.057669,0.045738,0.055817,-0.001487,-0.101289,0.066987,10.4486,,,,12,99843,IX1F0000533C,1723,HFRI Equity Hedge,0.01833,0.001809,0.076979,0.05904
4128,7795,Valiant,Valiant,Directional Hedge Funds,Long/Short Equity,Global Equity,TRUE,31-01-2023 00:00:00,,0.038349,0.06131,-0.028343,0.074625,0.047535,0.056325,0.036805,0.038349,0.068391,10.5466,,,,12,99843,IX1F0000533C,1723,HFRI Equity Hedge,0.034563,0.013962,0.073618,0.071907
4128,7795,Valiant,Valiant,Directional Hedge Funds,Long/Short Equity,Global Equity,TRUE,31-12-2022 00:00:00,,-0.006619,0.042683,-0.101289,0.057669,0.045738,0.055817,-0.001487,-0.101289,0.066987,10.4486,,,,12,99843,IX1F0000533C,1723,HFRI Equity Hedge,0.01833,0.001809,0.076979,0.05904
3624,83727,UTIMCO,Total Directional Hedge Long/Short Equity,Directional Hedge Funds,Long/Short Equity,Global Equity,TRUE,31-01-2023 00:00:00,,0.038349,0.06131,-0.028343,0.074625,0.047535,0.056325,0.036805,0.038349,0.068391,10.5466,,,,12,99843,IX1F0000533C,1723,HFRI Equity Hedge,0.034563,0.013962,0.073618,0.071907
3624,83727,UTIMCO,Total Directional Hedge Long/Short Equity,Directional Hedge Funds,Long/Short Equity,Global Equity,TRUE,31-12-2022 00:00:00,,-0.006619,0.042683,-0.101289,0.057669,0.045738,0.055817,-0.001487,-0.101289,0.066987,10.4486,,,,12,99843,IX1F0000533C,1723,HFRI Equity Hedge,0.01833,0.001809,0.076979,0.05904
3576,85167,Steadfast,Steadfast,Directional Hedge Funds,Long/Short Equity,Global Equity,TRUE,31-01-2023 00:00:00,,0.038349,0.06131,-0.028343,0.074625,0.047535,0.056325,0.036805,0.038349,0.068391,10.5466,,,,12,99843,IX1F0000533C,1723,HFRI Equity Hedge,0.034563,0.013962,0.073618,0.071907
3576,85167,Steadfast,Steadfast,Directional Hedge Funds,Long/Short Equity,Global Equity,TRUE,31-12-2022 00:00:00,,-0.006619,0.042683,-0.101289,0.057669,0.045738,0.055817,-0.001487,-0.101289,0.066987,10.4486,,,,12,99843,IX1F0000533C,1723,HFRI Equity Hedge,0.01833,0.001809,0.076979,0.05904
3576,82526,Steadfast,Steadfast,Directional Hedge Funds,Long/Short Equity,Global Equity,TRUE,31-01-2023 00:00:00,,0.038349,0.06131,-0.028343,0.074625,0.047535,0.056325,0.036805,0.038349,0.068391,10.5466,,,,12,99843,IX1F0000533C,1723,HFRI Equity Hedge,0.034563,0.013962,0.073618,0.071907
3576,82526,Steadfast,Steadfast,Directional Hedge Funds,Long/Short Equity,Global Equity,TRUE,31-12-2022 00:00:00,,-0.006619,0.042683,-0.101289,0.057669,0.045738,0.055817,-0.001487,-0.101289,0.066987,10.4486,,,,12,99843,IX1F0000533C,1723,HFRI Equity Hedge,0.01833,0.001809,0.076979,0.05904
3052,84747,Maverick,Maverick HF - Hedged,Directional Hedge Funds,Long/Short Equity,Global Equity,TRUE,31-01-2023 00:00:00,,0.038349,0.06131,-0.028343,0.074625,0.047535,0.056325,0.036805,0.038349,0.068391,10.5466,,,,12,99843,IX1F0000533C,1723,HFRI Equity Hedge,0.034563,0.013962,0.073618,0.071907
3052,84747,Maverick,Maverick HF - Hedged,Directional Hedge Funds,Long/Short Equity,Global Equity,TRUE,31-12-2022 00:00:00,,-0.006619,0.042683,-0.101289,0.057669,0.045738,0.055817,-0.001487,-0.101289,0.066987,10.4486,,,,12,99843,IX1F0000533C,1723,HFRI Equity Hedge,0.01833,0.001809,0.076979,0.05904
3052,10735,Maverick,Maverick HF - Hedged,Directional Hedge Funds,Long/Short Equity,Global Equity,TRUE,31-01-2023 00:00:00,,0.038349,0.06131,-0.028343,0.074625,0.047535,0.056325,0.036805,0.038349,0.068391,10.5466,,,,12,99843,IX1F0000533C,1723,HFRI Equity Hedge,0.034563,0.013962,0.073618,0.071907
3052,10735,Maverick,Maverick HF - Hedged,Directional Hedge Funds,Long/Short Equity,Global Equity,TRUE,31-12-2022 00:00:00,,-0.006619,0.042683,-0.101289,0.057669,0.045738,0.055817,-0.001487,-0.101289,0.066987,10.4486,,,,12,99843,IX1F0000533C,1723,HFRI Equity Hedge,0.01833,0.001809,0.076979,0.05904
3052,5575,Maverick,Maverick HF - Hedged,Directional Hedge Funds,Long/Short Equity,Global Equity,TRUE,31-01-2023 00:00:00,,0.038349,0.06131,-0.028343,0.074625,0.047535,0.056325,0.036805,0.038349,0.068391,10.5466,,,,12,99843,IX1F0000533C,1723,HFRI Equity Hedge,0.034563,0.013962,0.073618,0.071907
3052,5575,Maverick,Maverick HF - Hedged,Directional Hedge Funds,Long/Short Equity,Global Equity,TRUE,31-12-2022 00:00:00,,-0.006619,0.042683,-0.101289,0.057669,0.045738,0.055817,-0.001487,-0.101289,0.066987,10.4486,,,,12,99843,IX1F0000533C,1723,HFRI Equity Hedge,0.01833,0.001809,0.076979,0.05904
2578,10015,Junto,Junto,Directional Hedge Funds,Long/Short Equity,Global Equity,TRUE,31-01-2023 00:00:00,,0.038349,0.06131,-0.028343,0.074625,0.047535,0.056325,0.036805,0.038349,0.068391,10.5466,,,,12,99843,IX1F0000533C,1723,HFRI Equity Hedge,0.034563,0.013962,0.073618,0.071907
2578,10015,Junto,Junto,Directional Hedge Funds,Long/Short Equity,Global Equity,TRUE,31-12-2022 00:00:00,,-0.006619,0.042683,-0.101289,0.057669,0.045738,0.055817,-0.001487,-0.101289,0.066987,10.4486,,,,12,99843,IX1F0000533C,1723,HFRI Equity Hedge,0.01833,0.001809,0.076979,0.05904
1963,86426,Janchor,Janchor HF,Directional Hedge Funds,Long/Short Equity,Global Equity,TRUE,31-01-2023 00:00:00,,0.038349,0.06131,-0.028343,0.074625,0.047535,0.056325,0.036805,0.038349,0.068391,10.5466,,,,12,99843,IX1F0000533C,1723,HFRI Equity Hedge,0.034563,0.013962,0.073618,0.071907
1963,86426,Janchor,Janchor HF,Directional Hedge Funds,Long/Short Equity,Global Equity,TRUE,31-12-2022 00:00:00,,-0.006619,0.042683,-0.101289,0.057669,0.045738,0.055817,-0.001487,-0.101289,0.066987,10.4486,,,,12,99843,IX1F0000533C,1723,HFRI Equity Hedge,0.01833,0.001809,0.076979,0.05904
1780,9895,Deerfield,Deerfield Partners,Directional Hedge Funds,Long/Short Equity,Global Equity,TRUE,31-01-2023 00:00:00,,0.038349,0.06131,-0.028343,0.074625,0.047535,0.056325,0.036805,0.038349,0.068391,10.5466,,,,12,99843,IX1F0000533C,1723,HFRI Equity Hedge,0.034563,0.013962,0.073618,0.071907
1780,9895,Deerfield,Deerfield Partners,Directional Hedge Funds,Long/Short Equity,Global Equity,TRUE,31-12-2022 00:00:00,,-0.006619,0.042683,-0.101289,0.057669,0.045738,0.055817,-0.001487,-0.101289,0.066987,10.4486,,,,12,99843,IX1F0000533C,1723,HFRI Equity Hedge,0.01833,0.001809,0.076979,0.05904
788,10255,TPG Capital,TPG TPEP HF,Directional Hedge Funds,Long/Short Equity,Global Equity,TRUE,31-01-2023 00:00:00,,0.038349,0.06131,-0.028343,0.074625,0.047535,0.056325,0.036805,0.038349,0.068391,10.5466,,,,12,99843,IX1F0000533C,1723,HFRI Equity Hedge,0.034563,0.013962,0.073618,0.071907
788,10255,TPG Capital,TPG TPEP HF,Directional Hedge Funds,Long/Short Equity,Global Equity,TRUE,31-12-2022 00:00:00,,-0.006619,0.042683,-0.101289,0.057669,0.045738,0.055817,-0.001487,-0.101289,0.066987,10.4486,,,,12,99843,IX1F0000533C,1723,HFRI Equity Hedge,0.01833,0.001809,0.076979,0.05904
590,82766,Axon,Axon,Directional Hedge Funds,Long/Short Equity,Global Equity,TRUE,31-01-2023 00:00:00,,0.038349,0.06131,-0.028343,0.074625,0.047535,0.056325,0.036805,0.038349,0.068391,10.5466,,,,12,99843,IX1F0000533C,1723,HFRI Equity Hedge,0.034563,0.013962,0.073618,0.071907
590,82766,Axon,Axon,Directional Hedge Funds,Long/Short Equity,Global Equity,TRUE,31-12-2022 00:00:00,,-0.006619,0.042683,-0.101289,0.057669,0.045738,0.055817,-0.001487,-0.101289,0.066987,10.4486,,,,12,99843,IX1F0000533C,1723,HFRI Equity Hedge,0.01833,0.001809,0.076979,0.05904
20444,8215,Owl Creek,Owl Creek CI - Yahoo/Alibaba,Directional Hedge Funds,Event-Driven,Global Equity,TRUE,31-01-2023 00:00:00,,0.03116,0.038229,0.000907,0.066198,0.045974,0.049254,0.029047,0.03116,0.067703,9.5532,,,,12,93064,IX1F0000929C,2443,HFRI Event Driven,0.038628,0.039092,0.058639,0.065358
20444,8215,Owl Creek,Owl Creek CI - Yahoo/Alibaba,Directional Hedge Funds,Event-Driven,Global Equity,TRUE,31-12-2022 00:00:00,,-0.003268,0.031404,-0.048309,0.053385,0.042217,0.048408,-0.00205,-0.048309,0.0666,9.4766,,,,12,93064,IX1F0000929C,2443,HFRI Event Driven,0.027379,0.034325,0.058731,0.055836
4217,83967,UTIMCO,Total Directional Hedge Credit,Directional Hedge Funds,Directional Credit,Global Equity,TRUE,31-01-2023 00:00:00,,0.020112,0.033277,-0.00875,0.04281,0.02943,0.034981,0.020717,0.020112,0.039145,6.174,,,,12,100263,IX1F0000607C,2983,HFRI Fund of Funds,0.026321,0.016098,0.047022,0.040154
4217,83967,UTIMCO,Total Directional Hedge Credit,Directional Hedge Funds,Directional Credit,Global Equity,TRUE,31-12-2022 00:00:00,,0.003513,0.017279,-0.053089,0.036881,0.030199,0.035099,0.000593,-0.053089,0.038434,6.1261,,,,12,100263,IX1F0000607C,2983,HFRI Fund of Funds,0.013701,0.002684,0.048439,0.033219
3969,14635,UTIMCO,Total Directional Hedge,Directional Hedge Funds,,Global Equity,TRUE,31-01-2023 00:00:00,,0.020112,0.033277,-0.00875,0.04281,0.02943,0.034981,0.020717,0.020112,0.039145,6.174,,,,12,100263,IX1F0000607C,2983,HFRI Fund of Funds,0.026321,0.016098,0.047022,0.040154
3969,14635,UTIMCO,Total Directional Hedge,Directional Hedge Funds,,Global Equity,TRUE,31-12-2022 00:00:00,,0.003513,0.017279,-0.053089,0.036881,0.030199,0.035099,0.000593,-0.053089,0.038434,6.1261,,,,12,100263,IX1F0000607C,2983,HFRI Fund of Funds,0.013701,0.002684,0.048439,0.033219
3969,3413,UTIMCO,Total Directional Hedge,Directional Hedge Funds,,Global Equity,TRUE,31-01-2023 00:00:00,,0.020112,0.033277,-0.00875,0.04281,0.02943,0.034981,0.020717,0.020112,0.039145,6.174,,,,12,100263,IX1F0000607C,2983,HFRI Fund of Funds,0.026321,0.016098,0.047022,0.040154
3969,3413,UTIMCO,Total Directional Hedge,Directional Hedge Funds,,Global Equity,TRUE,31-12-2022 00:00:00,,0.003513,0.017279,-0.053089,0.036881,0.030199,0.035099,0.000593,-0.053089,0.038434,6.1261,,,,12,100263,IX1F0000607C,2983,HFRI Fund of Funds,0.013701,0.002684,0.048439,0.033219
16873,10555,Marshall Wace,Marshall Wace Eureka,Directional Hedge Funds,Directional Multi-Strat,Global Equity,TRUE,31-01-2023 00:00:00,,0.020112,0.033277,-0.00875,0.04281,0.02943,0.034981,0.020717,0.020112,0.039145,6.174,,,,12,100263,IX1F0000607C,2983,HFRI Fund of Funds,0.026321,0.016098,0.047022,0.040154
16873,10555,Marshall Wace,Marshall Wace Eureka,Directional Hedge Funds,Directional Multi-Strat,Global Equity,TRUE,31-12-2022 00:00:00,,0.003513,0.017279,-0.053089,0.036881,0.030199,0.035099,0.000593,-0.053089,0.038434,6.1261,,,,12,100263,IX1F0000607C,2983,HFRI Fund of Funds,0.013701,0.002684,0.048439,0.033219
8174,83847,UTIMCO,Total Directional Hedge Multi,Directional Hedge Funds,Directional Multi-Strat,Global Equity,TRUE,31-01-2023 00:00:00,,0.020112,0.033277,-0.00875,0.04281,0.02943,0.034981,0.020717,0.020112,0.039145,6.174,,,,12,100263,IX1F0000607C,2983,HFRI Fund of Funds,0.026321,0.016098,0.047022,0.040154
8174,83847,UTIMCO,Total Directional Hedge Multi,Directional Hedge Funds,Directional Multi-Strat,Global Equity,TRUE,31-12-2022 00:00:00,,0.003513,0.017279,-0.053089,0.036881,0.030199,0.035099,0.000593,-0.053089,0.038434,6.1261,,,,12,100263,IX1F0000607C,2983,HFRI Fund of Funds,0.013701,0.002684,0.048439,0.033219
3232,86906,Myriad,Myriad,Directional Hedge Funds,Directional Multi-Strat,Global Equity,TRUE,31-01-2023 00:00:00,,0.020112,0.033277,-0.00875,0.04281,0.02943,0.034981,0.020717,0.020112,0.039145,6.174,,,,12,100263,IX1F0000607C,2983,HFRI Fund of Funds,0.026321,0.016098,0.047022,0.040154
3232,86906,Myriad,Myriad,Directional Hedge Funds,Directional Multi-Strat,Global Equity,TRUE,31-12-2022 00:00:00,,0.003513,0.017279,-0.053089,0.036881,0.030199,0.035099,0.000593,-0.053089,0.038434,6.1261,,,,12,100263,IX1F0000607C,2983,HFRI Fund of Funds,0.013701,0.002684,0.048439,0.033219
2558,11335,Myriad,Myriad Direct - Didi,Directional Hedge Funds,Directional Multi-Strat,Global Equity,TRUE,31-01-2023 00:00:00,,0.020112,0.033277,-0.00875,0.04281,0.02943,0.034981,0.020717,0.020112,0.039145,6.174,,,,12,100263,IX1F0000607C,2983,HFRI Fund of Funds,0.026321,0.016098,0.047022,0.040154
2558,11335,Myriad,Myriad Direct - Didi,Directional Hedge Funds,Directional Multi-Strat,Global Equity,TRUE,31-12-2022 00:00:00,,0.003513,0.017279,-0.053089,0.036881,0.030199,0.035099,0.000593,-0.053089,0.038434,6.1261,,,,12,100263,IX1F0000607C,2983,HFRI Fund of Funds,0.013701,0.002684,0.048439,0.033219
1126,8755,Farallon,Farallon CIP VI,Directional Hedge Funds,Directional Multi-Strat,Global Equity,TRUE,31-01-2023 00:00:00,,0.020112,0.033277,-0.00875,0.04281,0.02943,0.034981,0.020717,0.020112,0.039145,6.174,,,,12,100263,IX1F0000607C,2983,HFRI Fund of Funds,0.026321,0.016098,0.047022,0.040154
1126,8755,Farallon,Farallon CIP VI,Directional Hedge Funds,Directional Multi-Strat,Global Equity,TRUE,31-12-2022 00:00:00,,0.003513,0.017279,-0.053089,0.036881,0.030199,0.035099,0.000593,-0.053089,0.038434,6.1261,,,,12,100263,IX1F0000607C,2983,HFRI Fund of Funds,0.013701,0.002684,0.048439,0.033219
468,7435,Baupost,Baupost,Directional Hedge Funds,Directional Multi-Strat,Global Equity,TRUE,31-01-2023 00:00:00,,0.020112,0.033277,-0.00875,0.04281,0.02943,0.034981,0.020717,0.020112,0.039145,6.174,,,,12,100263,IX1F0000607C,2983,HFRI Fund of Funds,0.026321,0.016098,0.047022,0.040154
468,7435,Baupost,Baupost,Directional Hedge Funds,Directional Multi-Strat,Global Equity,TRUE,31-12-2022 00:00:00,,0.003513,0.017279,-0.053089,0.036881,0.030199,0.035099,0.000593,-0.053089,0.038434,6.1261,,,,12,100263,IX1F0000607C,2983,HFRI Fund of Funds,0.013701,0.002684,0.048439,0.033219
24184,75687,Farallon,FASS III,Directional Hedge Funds,Directional Credit,Global Equity,TRUE,31-01-2023 00:00:00,,0.022605,0.014638,-0.011141,0.084511,0.048143,0.047115,0.004435,0.022605,0.066965,9.7648,,,,12,100143,IX1F0000538C,2623,HFRI Event Driven: Distressed/Restructuring,0.008888,0.043952,0.060511,0.071174
24184,75687,Farallon,FASS III,Directional Hedge Funds,Directional Credit,Global Equity,TRUE,31-12-2022 00:00:00,,-0.005822,0.007633,-0.042733,0.073632,0.046179,0.047162,-0.017768,-0.042733,0.066224,9.7162,,,,12,100143,IX1F0000538C,2623,HFRI Event Driven: Distressed/Restructuring,-0.006355,0.052017,0.062408,0.06295
23465,8455,Farallon,Farallon Special Situations I,Directional Hedge Funds,Directional Credit,Global Equity,TRUE,31-01-2023 00:00:00,,0.022605,0.014638,-0.011141,0.084511,0.048143,0.047115,0.004435,0.022605,0.066965,9.7648,,,,12,100143,IX1F0000538C,2623,HFRI Event Driven: Distressed/Restructuring,0.008888,0.043952,0.060511,0.071174
23465,8455,Farallon,Farallon Special Situations I,Directional Hedge Funds,Directional Credit,Global Equity,TRUE,31-12-2022 00:00:00,,-0.005822,0.007633,-0.042733,0.073632,0.046179,0.047162,-0.017768,-0.042733,0.066224,9.7162,,,,12,100143,IX1F0000538C,2623,HFRI Event Driven: Distressed/Restructuring,-0.006355,0.052017,0.062408,0.06295
7468,10495,Farallon,Farallon Special Situations II,Directional Hedge Funds,Directional Credit,Global Equity,TRUE,31-01-2023 00:00:00,,0.022605,0.014638,-0.011141,0.084511,0.048143,0.047115,0.004435,0.022605,0.066965,9.7648,,,,12,100143,IX1F0000538C,2623,HFRI Event Driven: Distressed/Restructuring,0.008888,0.043952,0.060511,0.071174
7468,10495,Farallon,Farallon Special Situations II,Directional Hedge Funds,Directional Credit,Global Equity,TRUE,31-12-2022 00:00:00,,-0.005822,0.007633,-0.042733,0.073632,0.046179,0.047162,-0.017768,-0.042733,0.066224,9.7162,,,,12,100143,IX1F0000538C,2623,HFRI Event Driven: Distressed/Restructuring,-0.006355,0.052017,0.062408,0.06295
5957,86726,Farallon,FASS II,Directional Hedge Funds,Directional Credit,Global Equity,TRUE,31-01-2023 00:00:00,,0.022605,0.014638,-0.011141,0.084511,0.048143,0.047115,0.004435,0.022605,0.066965,9.7648,,,,12,100143,IX1F0000538C,2623,HFRI Event Driven: Distressed/Restructuring,0.008888,0.043952,0.060511,0.071174
5957,86726,Farallon,FASS II,Directional Hedge Funds,Directional Credit,Global Equity,TRUE,31-12-2022 00:00:00,,-0.005822,0.007633,-0.042733,0.073632,0.046179,0.047162,-0.017768,-0.042733,0.066224,9.7162,,,,12,100143,IX1F0000538C,2623,HFRI Event Driven: Distressed/Restructuring,-0.006355,0.052017,0.062408,0.06295
5684,86006,Farallon,FASS,Directional Hedge Funds,Directional Credit,Global Equity,TRUE,31-01-2023 00:00:00,,0.022605,0.014638,-0.011141,0.084511,0.048143,0.047115,0.004435,0.022605,0.066965,9.7648,,,,12,100143,IX1F0000538C,2623,HFRI Event Driven: Distressed/Restructuring,0.008888,0.043952,0.060511,0.071174
5684,86006,Farallon,FASS,Directional Hedge Funds,Directional Credit,Global Equity,TRUE,31-12-2022 00:00:00,,-0.005822,0.007633,-0.042733,0.073632,0.046179,0.047162,-0.017768,-0.042733,0.066224,9.7162,,,,12,100143,IX1F0000538C,2623,HFRI Event Driven: Distressed/Restructuring,-0.006355,0.052017,0.062408,0.06295
5116,88166,Farallon,Farallon Overflow,Directional Hedge Funds,Directional Credit,Global Equity,TRUE,31-01-2023 00:00:00,,0.022605,0.014638,-0.011141,0.084511,0.048143,0.047115,0.004435,0.022605,0.066965,9.7648,,,,12,100143,IX1F0000538C,2623,HFRI Event Driven: Distressed/Restructuring,0.008888,0.043952,0.060511,0.071174
5116,88166,Farallon,Farallon Overflow,Directional Hedge Funds,Directional Credit,Global Equity,TRUE,31-12-2022 00:00:00,,-0.005822,0.007633,-0.042733,0.073632,0.046179,0.047162,-0.017768,-0.042733,0.066224,9.7162,,,,12,100143,IX1F0000538C,2623,HFRI Event Driven: Distressed/Restructuring,-0.006355,0.052017,0.062408,0.06295
16697,11815,DE Shaw,DE Shaw Diopter Onshore,Directional Hedge Funds,Directional Credit,Global Equity,TRUE,31-01-2023 00:00:00,,0.022605,0.014638,-0.011141,0.084511,0.048143,0.047115,0.004435,0.022605,0.066965,9.7648,,,,12,100143,IX1F0000538C,2623,HFRI Event Driven: Distressed/Restructuring,0.008888,0.043952,0.060511,0.071174
16697,11815,DE Shaw,DE Shaw Diopter Onshore,Directional Hedge Funds,Directional Credit,Global Equity,TRUE,31-12-2022 00:00:00,,-0.005822,0.007633,-0.042733,0.073632,0.046179,0.047162,-0.017768,-0.042733,0.066224,9.7162,,,,12,100143,IX1F0000538C,2623,HFRI Event Driven: Distressed/Restructuring,-0.006355,0.052017,0.062408,0.06295
6251,9175,DE Shaw,DE Shaw Alkali IV,Directional Hedge Funds,Directional Credit,Global Equity,TRUE,31-01-2023 00:00:00,,0.022605,0.014638,-0.011141,0.084511,0.048143,0.047115,0.004435,0.022605,0.066965,9.7648,,,,12,100143,IX1F0000538C,2623,HFRI Event Driven: Distressed/Restructuring,0.008888,0.043952,0.060511,0.071174
6251,9175,DE Shaw,DE Shaw Alkali IV,Directional Hedge Funds,Directional Credit,Global Equity,TRUE,31-12-2022 00:00:00,,-0.005822,0.007633,-0.042733,0.073632,0.046179,0.047162,-0.017768,-0.042733,0.066224,9.7162,,,,12,100143,IX1F0000538C,2623,HFRI Event Driven: Distressed/Restructuring,-0.006355,0.052017,0.062408,0.06295
5834,10375,DE Shaw,DE Shaw Alkali V - Offshore,Directional Hedge Funds,Directional Credit,Global Equity,TRUE,31-01-2023 00:00:00,,0.022605,0.014638,-0.011141,0.084511,0.048143,0.047115,0.004435,0.022605,0.066965,9.7648,,,,12,100143,IX1F0000538C,2623,HFRI Event Driven: Distressed/Restructuring,0.008888,0.043952,0.060511,0.071174
5834,10375,DE Shaw,DE Shaw Alkali V - Offshore,Directional Hedge Funds,Directional Credit,Global Equity,TRUE,31-12-2022 00:00:00,,-0.005822,0.007633,-0.042733,0.073632,0.046179,0.047162,-0.017768,-0.042733,0.066224,9.7162,,,,12,100143,IX1F0000538C,2623,HFRI Event Driven: Distressed/Restructuring,-0.006355,0.052017,0.062408,0.06295
3690,11875,DE Shaw,DE Shaw Diopter Offshore,Directional Hedge Funds,Directional Credit,Global Equity,TRUE,31-01-2023 00:00:00,,0.022605,0.014638,-0.011141,0.084511,0.048143,0.047115,0.004435,0.022605,0.066965,9.7648,,,,12,100143,IX1F0000538C,2623,HFRI Event Driven: Distressed/Restructuring,0.008888,0.043952,0.060511,0.071174
3690,11875,DE Shaw,DE Shaw Diopter Offshore,Directional Hedge Funds,Directional Credit,Global Equity,TRUE,31-12-2022 00:00:00,,-0.005822,0.007633,-0.042733,0.073632,0.046179,0.047162,-0.017768,-0.042733,0.066224,9.7162,,,,12,100143,IX1F0000538C,2623,HFRI Event Driven: Distressed/Restructuring,-0.006355,0.052017,0.062408,0.06295
2509,10315,DE Shaw,DE Shaw Alkali V - Onshore,Directional Hedge Funds,Directional Credit,Global Equity,TRUE,31-01-2023 00:00:00,,0.022605,0.014638,-0.011141,0.084511,0.048143,0.047115,0.004435,0.022605,0.066965,9.7648,,,,12,100143,IX1F0000538C,2623,HFRI Event Driven: Distressed/Restructuring,0.008888,0.043952,0.060511,0.071174
2509,10315,DE Shaw,DE Shaw Alkali V - Onshore,Directional Hedge Funds,Directional Credit,Global Equity,TRUE,31-12-2022 00:00:00,,-0.005822,0.007633,-0.042733,0.073632,0.046179,0.047162,-0.017768,-0.042733,0.066224,9.7162,,,,12,100143,IX1F0000538C,2623,HFRI Event Driven: Distressed/Restructuring,-0.006355,0.052017,0.062408,0.06295
11674,75807,Deerfield,Deerfield PDIV,Directional Hedge Funds,Directional Credit,Global Equity,TRUE,31-01-2023 00:00:00,,0.022605,0.014638,-0.011141,0.084511,0.048143,0.047115,0.004435,0.022605,0.066965,9.7648,,,,12,100143,IX1F0000538C,2623,HFRI Event Driven: Distressed/Restructuring,0.008888,0.043952,0.060511,0.071174
11674,75807,Deerfield,Deerfield PDIV,Directional Hedge Funds,Directional Credit,Global Equity,TRUE,31-12-2022 00:00:00,,-0.005822,0.007633,-0.042733,0.073632,0.046179,0.047162,-0.017768,-0.042733,0.066224,9.7162,,,,12,100143,IX1F0000538C,2623,HFRI Event Driven: Distressed/Restructuring,-0.006355,0.052017,0.062408,0.06295
7477,10435,Deerfield,Deerfield PDV,Directional Hedge Funds,Directional Credit,Global Equity,TRUE,31-01-2023 00:00:00,,0.022605,0.014638,-0.011141,0.084511,0.048143,0.047115,0.004435,0.022605,0.066965,9.7648,,,,12,100143,IX1F0000538C,2623,HFRI Event Driven: Distressed/Restructuring,0.008888,0.043952,0.060511,0.071174
7477,10435,Deerfield,Deerfield PDV,Directional Hedge Funds,Directional Credit,Global Equity,TRUE,31-12-2022 00:00:00,,-0.005822,0.007633,-0.042733,0.073632,0.046179,0.047162,-0.017768,-0.042733,0.066224,9.7162,,,,12,100143,IX1F0000538C,2623,HFRI Event Driven: Distressed/Restructuring,-0.006355,0.052017,0.062408,0.06295
964,85826,Deerfield,Deerfield PDII,Directional Hedge Funds,Directional Credit,Global Equity,TRUE,31-01-2023 00:00:00,,0.022605,0.014638,-0.011141,0.084511,0.048143,0.047115,0.004435,0.022605,0.066965,9.7648,,,,12,100143,IX1F0000538C,2623,HFRI Event Driven: Distressed/Restructuring,0.008888,0.043952,0.060511,0.071174
964,85826,Deerfield,Deerfield PDII,Directional Hedge Funds,Directional Credit,Global Equity,TRUE,31-12-2022 00:00:00,,-0.005822,0.007633,-0.042733,0.073632,0.046179,0.047162,-0.017768,-0.042733,0.066224,9.7162,,,,12,100143,IX1F0000538C,2623,HFRI Event Driven: Distressed/Restructuring,-0.006355,0.052017,0.062408,0.06295
876,85886,Deerfield,Deerfield PDIII,Directional Hedge Funds,Directional Credit,Global Equity,TRUE,31-01-2023 00:00:00,,0.022605,0.014638,-0.011141,0.084511,0.048143,0.047115,0.004435,0.022605,0.066965,9.7648,,,,12,100143,IX1F0000538C,2623,HFRI Event Driven: Distressed/Restructuring,0.008888,0.043952,0.060511,0.071174
876,85886,Deerfield,Deerfield PDIII,Directional Hedge Funds,Directional Credit,Global Equity,TRUE,31-12-2022 00:00:00,,-0.005822,0.007633,-0.042733,0.073632,0.046179,0.047162,-0.017768,-0.042733,0.066224,9.7162,,,,12,100143,IX1F0000538C,2623,HFRI Event Driven: Distressed/Restructuring,-0.006355,0.052017,0.062408,0.06295
11486,86606,Sculptor,Sculptor Credit Opp,Directional Hedge Funds,Directional Credit,Global Equity,TRUE,31-01-2023 00:00:00,,0.022605,0.014638,-0.011141,0.084511,0.048143,0.047115,0.004435,0.022605,0.066965,9.7648,,,,12,100143,IX1F0000538C,2623,HFRI Event Driven: Distressed/Restructuring,0.008888,0.043952,0.060511,0.071174
11486,86606,Sculptor,Sculptor Credit Opp,Directional Hedge Funds,Directional Credit,Global Equity,TRUE,31-12-2022 00:00:00,,-0.005822,0.007633,-0.042733,0.073632,0.046179,0.047162,-0.017768,-0.042733,0.066224,9.7162,,,,12,100143,IX1F0000538C,2623,HFRI Event Driven: Distressed/Restructuring,-0.006355,0.052017,0.062408,0.06295
7977,8335,Contrarian,Contrarian EM II,Directional Hedge Funds,Directional Credit,Global Equity,TRUE,31-01-2023 00:00:00,,0.022605,0.014638,-0.011141,0.084511,0.048143,0.047115,0.004435,0.022605,0.066965,9.7648,,,,12,100143,IX1F0000538C,2623,HFRI Event Driven: Distressed/Restructuring,0.008888,0.043952,0.060511,0.071174
7977,8335,Contrarian,Contrarian EM II,Directional Hedge Funds,Directional Credit,Global Equity,TRUE,31-12-2022 00:00:00,,-0.005822,0.007633,-0.042733,0.073632,0.046179,0.047162,-0.017768,-0.042733,0.066224,9.7162,,,,12,100143,IX1F0000538C,2623,HFRI Event Driven: Distressed/Restructuring,-0.006355,0.052017,0.062408,0.06295
3396,83846,Silver Point,Silver Point HF,Directional Hedge Funds,Directional Credit,Global Equity,TRUE,31-01-2023 00:00:00,,0.022605,0.014638,-0.011141,0.084511,0.048143,0.047115,0.004435,0.022605,0.066965,9.7648,,,,12,100143,IX1F0000538C,2623,HFRI Event Driven: Distressed/Restructuring,0.008888,0.043952,0.060511,0.071174
3396,83846,Silver Point,Silver Point HF,Directional Hedge Funds,Directional Credit,Global Equity,TRUE,31-12-2022 00:00:00,,-0.005822,0.007633,-0.042733,0.073632,0.046179,0.047162,-0.017768,-0.042733,0.066224,9.7162,,,,12,100143,IX1F0000538C,2623,HFRI Event Driven: Distressed/Restructuring,-0.006355,0.052017,0.062408,0.06295
3325,87206,Oaktree,Oaktree TX,Directional Hedge Funds,Directional Credit,Global Equity,TRUE,31-01-2023 00:00:00,,0.022605,0.014638,-0.011141,0.084511,0.048143,0.047115,0.004435,0.022605,0.066965,9.7648,,,,12,100143,IX1F0000538C,2623,HFRI Event Driven: Distressed/Restructuring,0.008888,0.043952,0.060511,0.071174
3325,87206,Oaktree,Oaktree TX,Directional Hedge Funds,Directional Credit,Global Equity,TRUE,31-12-2022 00:00:00,,-0.005822,0.007633,-0.042733,0.073632,0.046179,0.047162,-0.017768,-0.042733,0.066224,9.7162,,,,12,100143,IX1F0000538C,2623,HFRI Event Driven: Distressed/Restructuring,-0.006355,0.052017,0.062408,0.06295
643,7315,Centerbridge,Centerbridge,Directional Hedge Funds,Directional Credit,Global Equity,TRUE,31-01-2023 00:00:00,,0.022605,0.014638,-0.011141,0.084511,0.048143,0.047115,0.004435,0.022605,0.066965,9.7648,,,,12,100143,IX1F0000538C,2623,HFRI Event Driven: Distressed/Restructuring,0.008888,0.043952,0.060511,0.071174
643,7315,Centerbridge,Centerbridge,Directional Hedge Funds,Directional Credit,Global Equity,TRUE,31-12-2022 00:00:00,,-0.005822,0.007633,-0.042733,0.073632,0.046179,0.047162,-0.017768,-0.042733,0.066224,9.7162,,,,12,100143,IX1F0000538C,2623,HFRI Event Driven: Distressed/Restructuring,-0.006355,0.052017,0.062408,0.06295
34957,107177,Indus,Indus Japan LO,Developed Markets Public Equity,Non-U.S. Developed Public Equity,Global Equity,TRUE,31-01-2023 00:00:00,,0.059506,0.172654,-0.051653,0.016493,0.003295,0.062727,,0.059506,,7.4072,,,,12,97815,IX1G00262758,3784,TOPIX,0.059927,-0.039584,0.03822,0.060586
34957,107177,Indus,Indus Japan LO,Developed Markets Public Equity,Non-U.S. Developed Public Equity,Global Equity,TRUE,31-12-2022 00:00:00,,0.009279,0.132752,-0.148676,-0.00918,0.000141,0.060363,0.025259,-0.148676,,7.291,,,,12,97815,IX1G00262758,3784,TOPIX,0.054768,-0.07235,0.037789,0.039361
34957,75395,Indus,Indus Japan LO,Developed Markets Public Equity,Non-U.S. Developed Public Equity,Global Equity,TRUE,31-01-2023 00:00:00,,0.059506,0.172654,-0.051653,0.016493,0.003295,0.062727,,0.059506,,7.4072,,,,12,97815,IX1G00262758,3784,TOPIX,0.059927,-0.039584,0.03822,0.060586
34957,75395,Indus,Indus Japan LO,Developed Markets Public Equity,Non-U.S. Developed Public Equity,Global Equity,TRUE,31-12-2022 00:00:00,,0.009279,0.132752,-0.148676,-0.00918,0.000141,0.060363,0.025259,-0.148676,,7.291,,,,12,97815,IX1G00262758,3784,TOPIX,0.054768,-0.07235,0.037789,0.039361
6060,413,UTIMCO,Total Developed Public Equity,Developed Markets Public Equity,,Global Equity,TRUE,31-01-2023 00:00:00,,0.070756,0.096572,-0.074529,0.075242,0.064755,0.090454,0.066063,0.070756,,,,,,12,99800,UGEGX0903060,4614,Developed Markets Public Equity Custom BM,0.021493,0.038043,0.100019,0.105393
6060,413,UTIMCO,Total Developed Public Equity,Developed Markets Public Equity,,Global Equity,TRUE,31-12-2022 00:00:00,,-0.042467,0.097655,-0.181417,0.048872,0.06116,0.088419,-0.004383,-0.181417,,,,,,12,99800,UGEGX0903060,4614,Developed Markets Public Equity Custom BM,0.029735,-0.001846,0.101856,0.085046
23917,89660,UTIMCO,Total Global Equity,Total Regime,,Global Equity,TRUE,31-01-2023 00:00:00,,0.037107,0.048358,-0.057096,0.1049,0.082426,0.082475,0.019996,0.037107,,,,,,12,101780,UGEGX0903093,1984,PUF GEF Total Global Equity BM,-0.009306,0.06949,0.105548,0.099717
23917,89660,UTIMCO,Total Global Equity,Total Regime,,Global Equity,TRUE,31-12-2022 00:00:00,,-0.017108,0.029819,-0.111641,0.089121,0.082629,0.081191,-0.016499,-0.111641,,,,,,12,101780,UGEGX0903093,1984,PUF GEF Total Global Equity BM,-0.019107,0.049269,0.107258,0.089413
6614,90018,Hillhouse,Hillhouse China Value,Emerging Markets Public Equity,Global EM Public Equity,Global Equity,TRUE,31-01-2023 00:00:00,,0.103965,0.24721,-0.117186,0.056695,0.002807,0.046622,0.035237,0.103965,,,,,,12,99363,IX1F0000462C,3150,MSCI China A Shares,-0.012128,-0.100569,0.105143,0.050737
6614,90018,Hillhouse,Hillhouse China Value,Emerging Markets Public Equity,Global EM Public Equity,Global Equity,TRUE,31-12-2022 00:00:00,,0.018113,0.03752,-0.270871,0.021456,-0.002843,0.042999,-0.062255,-0.270871,,,,,,12,99363,IX1F0000462C,3150,MSCI China A Shares,-0.159215,-0.128387,0.100775,-0.005457
6614,83075,Hillhouse,Hillhouse China Value,Emerging Markets Public Equity,Global EM Public Equity,Global Equity,TRUE,31-01-2023 00:00:00,,0.103965,0.24721,-0.117186,0.056695,0.002807,0.046622,0.035237,0.103965,,,,,,12,99363,IX1F0000462C,3150,MSCI China A Shares,-0.012128,-0.100569,0.105143,0.050737
6614,83075,Hillhouse,Hillhouse China Value,Emerging Markets Public Equity,Global EM Public Equity,Global Equity,TRUE,31-12-2022 00:00:00,,0.018113,0.03752,-0.270871,0.021456,-0.002843,0.042999,-0.062255,-0.270871,,,,,,12,99363,IX1F0000462C,3150,MSCI China A Shares,-0.159215,-0.128387,0.100775,-0.005457
11528,77735,Hillhouse,Hillhouse QFII,Emerging Markets Public Equity,Global EM Public Equity,Global Equity,TRUE,31-01-2023 00:00:00,,0.103965,0.24721,-0.117186,0.056695,0.002807,0.046622,0.035237,0.103965,,,,,,12,99363,IX1F0000462C,3150,MSCI China A Shares,-0.012128,-0.100569,0.105143,0.050737
11528,77735,Hillhouse,Hillhouse QFII,Emerging Markets Public Equity,Global EM Public Equity,Global Equity,TRUE,31-12-2022 00:00:00,,0.018113,0.03752,-0.270871,0.021456,-0.002843,0.042999,-0.062255,-0.270871,,,,,,12,99363,IX1F0000462C,3150,MSCI China A Shares,-0.159215,-0.128387,0.100775,-0.005457
11528,77795,Hillhouse,Hillhouse QFII,Emerging Markets Public Equity,Global EM Public Equity,Global Equity,TRUE,31-01-2023 00:00:00,,0.103965,0.24721,-0.117186,0.056695,0.002807,0.046622,0.035237,0.103965,,,,,,12,99363,IX1F0000462C,3150,MSCI China A Shares,-0.012128,-0.100569,0.105143,0.050737
11528,77795,Hillhouse,Hillhouse QFII,Emerging Markets Public Equity,Global EM Public Equity,Global Equity,TRUE,31-12-2022 00:00:00,,0.018113,0.03752,-0.270871,0.021456,-0.002843,0.042999,-0.062255,-0.270871,,,,,,12,99363,IX1F0000462C,3150,MSCI China A Shares,-0.159215,-0.128387,0.100775,-0.005457
11528,111077,Hillhouse,Hillhouse QFII,Emerging Markets Public Equity,Global EM Public Equity,Global Equity,TRUE,31-01-2023 00:00:00,,0.103965,0.24721,-0.117186,0.056695,0.002807,0.046622,0.035237,0.103965,,,,,,12,99363,IX1F0000462C,3150,MSCI China A Shares,-0.012128,-0.100569,0.105143,0.050737
11528,111077,Hillhouse,Hillhouse QFII,Emerging Markets Public Equity,Global EM Public Equity,Global Equity,TRUE,31-12-2022 00:00:00,,0.018113,0.03752,-0.270871,0.021456,-0.002843,0.042999,-0.062255,-0.270871,,,,,,12,99363,IX1F0000462C,3150,MSCI China A Shares,-0.159215,-0.128387,0.100775,-0.005457
5909,81155,Springs Capital,Springs China,Emerging Markets Public Equity,Global EM Public Equity,Global Equity,TRUE,31-01-2023 00:00:00,,0.102987,0.194643,-0.105488,0.074063,0.008422,0.056354,0.037688,0.102987,,,,,,12,102500,UGEGX0903106,4074,CSI 700 Net,-0.00939,-0.05053,0.123994,0.03684
5909,81155,Springs Capital,Springs China,Emerging Markets Public Equity,Global EM Public Equity,Global Equity,TRUE,31-12-2022 00:00:00,,-0.005723,0.046488,-0.271334,0.047146,-0.00487,0.052461,-0.059202,-0.271334,,,,,,12,102500,UGEGX0903106,4074,CSI 700 Net,-0.138949,-0.08645,0.108925,-0.024116
5909,115937,Springs Capital,Springs China,Emerging Markets Public Equity,Global EM Public Equity,Global Equity,TRUE,31-01-2023 00:00:00,,0.102987,0.194643,-0.105488,0.074063,0.008422,0.056354,0.037688,0.102987,,,,,,12,102500,UGEGX0903106,4074,CSI 700 Net,-0.00939,-0.05053,0.123994,0.03684
5909,115937,Springs Capital,Springs China,Emerging Markets Public Equity,Global EM Public Equity,Global Equity,TRUE,31-12-2022 00:00:00,,-0.005723,0.046488,-0.271334,0.047146,-0.00487,0.052461,-0.059202,-0.271334,,,,,,12,102500,UGEGX0903106,4074,CSI 700 Net,-0.138949,-0.08645,0.108925,-0.024116
10718,116597,PIMCO,PIMCO StocksPlus,Developed Markets Public Equity,U.S. Public Equity,Global Equity,TRUE,31-01-2023 00:00:00,,0.022977,0.045948,-0.080345,0.097525,0.09256,0.121298,0.073034,0.022977,,,,,,12,75561,UGEGX0903132,4254,Custom PIMCO StocksPlus,0.041457,0.052341,0.125021,0.128894
10718,116597,PIMCO,PIMCO StocksPlus,Developed Markets Public Equity,U.S. Public Equity,Global Equity,TRUE,31-12-2022 00:00:00,,-0.035577,0.138617,-0.152115,0.089825,0.099749,0.124495,0.048933,-0.152115,,,,,,12,75561,UGEGX0903132,4254,Custom PIMCO StocksPlus,0.069876,0.035466,0.140859,0.116435
10718,81815,PIMCO,PIMCO StocksPlus,Developed Markets Public Equity,U.S. Public Equity,Global Equity,TRUE,31-01-2023 00:00:00,,0.022977,0.045948,-0.080345,0.097525,0.09256,0.121298,0.073034,0.022977,,,,,,12,75561,UGEGX0903132,4254,Custom PIMCO StocksPlus,0.041457,0.052341,0.125021,0.128894
10718,81815,PIMCO,PIMCO StocksPlus,Developed Markets Public Equity,U.S. Public Equity,Global Equity,TRUE,31-12-2022 00:00:00,,-0.035577,0.138617,-0.152115,0.089825,0.099749,0.124495,0.048933,-0.152115,,,,,,12,75561,UGEGX0903132,4254,Custom PIMCO StocksPlus,0.069876,0.035466,0.140859,0.116435
10567,107237,UTIMCO,Indus Japan Forward,Developed Markets Public Equity,Non-U.S. Developed Public Equity,Global Equity,TRUE,31-01-2023 00:00:00,,0.003155,0.010081,0.01795,0.007881,0.013047,0.007972,0.014233,0.003155,0.018343,,,,,12,100203,IX1F0000572C,750,ICE BofAML 3 Month US T-Bill,0.015895,0.009113,0.011432,0.011171
10567,107237,UTIMCO,Indus Japan Forward,Developed Markets Public Equity,Non-U.S. Developed Public Equity,Global Equity,TRUE,31-12-2022 00:00:00,,0.003643,0.008509,0.014703,0.007272,0.012651,0.007655,0.011043,0.014703,0.018275,,,,,12,100203,IX1F0000572C,750,ICE BofAML 3 Month US T-Bill,0.013244,0.007572,0.011133,0.01072
13805,6300,UTIMCO,Distributed Stock - Venture,Private Equity,PE - Venture Capital,Global Equity,TRUE,31-01-2023 00:00:00,,0.002538,-0.024889,-0.048378,0.177441,0.153016,0.135818,-0.026788,0.002538,0.121293,,,,,12,98000,UGEGX0903019,806,Blended Venture Economics Custom,-0.06081,0.172778,0.157082,0.132998
13805,6300,UTIMCO,Distributed Stock - Venture,Private Equity,PE - Venture Capital,Global Equity,TRUE,31-12-2022 00:00:00,,-0.00291,-0.031541,-0.049403,0.178557,0.156212,0.136925,-0.029252,-0.049403,0.121615,,,,,12,98000,UGEGX0903019,806,Blended Venture Economics Custom,-0.061919,0.170223,0.157363,0.134542
5793,6000,UTIMCO,Distributed Stock - DCE,Private Equity,PE - Buyouts/Growth,Global Equity,TRUE,31-01-2023 00:00:00,,0.002538,-0.024889,-0.048378,0.177441,0.153016,0.135818,-0.026788,0.002538,0.121293,,,,,12,98000,UGEGX0903019,806,Blended Venture Economics Custom,-0.06081,0.172778,0.157082,0.132998
5793,6000,UTIMCO,Distributed Stock - DCE,Private Equity,PE - Buyouts/Growth,Global Equity,TRUE,31-12-2022 00:00:00,,-0.00291,-0.031541,-0.049403,0.178557,0.156212,0.136925,-0.029252,-0.049403,0.121615,,,,,12,98000,UGEGX0903019,806,Blended Venture Economics Custom,-0.061919,0.170223,0.157363,0.134542
3779,84387,UTIMCO,Total Directional HF Pool,Directional Hedge Funds,,Global Equity,TRUE,31-01-2023 00:00:00,,0.029126,0.032277,-0.004132,0.047377,0.031642,0.035697,0.026242,0.029126,0.035286,,,,,12,97760,UGEGX0903006,2923,HFRI FoF Custom,0.028715,0.025633,0.050359,0.041976
3779,84387,UTIMCO,Total Directional HF Pool,Directional Hedge Funds,,Global Equity,TRUE,31-12-2022 00:00:00,,0.004262,0.018764,-0.052638,0.038369,0.030209,0.035151,-0.002802,-0.052638,0.034191,,,,,12,97760,UGEGX0903006,2923,HFRI FoF Custom,0.014525,0.00742,0.04951,0.033401
8709,8700,UTIMCO,Total Private Equity,Private Equity,,Global Equity,TRUE,31-01-2023 00:00:00,,0.002538,-0.024889,-0.048378,0.177441,0.153016,0.135818,-0.026788,0.002538,0.121293,,,,,12,98000,UGEGX0903019,806,Blended Venture Economics Custom,-0.06081,0.172778,0.157082,0.132998
8709,8700,UTIMCO,Total Private Equity,Private Equity,,Global Equity,TRUE,31-12-2022 00:00:00,,-0.00291,-0.031541,-0.049403,0.178557,0.156212,0.136925,-0.029252,-0.049403,0.121615,,,,,12,98000,UGEGX0903019,806,Blended Venture Economics Custom,-0.061919,0.170223,0.157363,0.134542
550,97098,Baker Brothers,Baker Bros Healthcare,Developed Markets Public Equity,U.S. Public Equity,Global Equity,TRUE,31-01-2023 00:00:00,,0.03503,0.062721,0.046287,0.068521,0.039649,0.11116,0.129227,0.03503,0.111604,,,,,12,81732,IX1F00301098,1624,Nasdaq Biotech,0.117302,-0.071373,0.060209,0.065526
550,97098,Baker Brothers,Baker Bros Healthcare,Developed Markets Public Equity,U.S. Public Equity,Global Equity,TRUE,31-12-2022 00:00:00,,-0.030143,0.118253,-0.109076,0.036224,0.046503,0.114044,0.091009,-0.109076,0.110439,,,,,12,81732,IX1F00301098,1624,Nasdaq Biotech,0.123859,-0.059111,0.084684,0.025161
550,13200,Baker Brothers,Baker Bros Healthcare,Developed Markets Public Equity,U.S. Public Equity,Global Equity,TRUE,31-01-2023 00:00:00,,0.03503,0.062721,0.046287,0.068521,0.039649,0.11116,0.129227,0.03503,0.111604,,,,,12,81732,IX1F00301098,1624,Nasdaq Biotech,0.117302,-0.071373,0.060209,0.065526
550,13200,Baker Brothers,Baker Bros Healthcare,Developed Markets Public Equity,U.S. Public Equity,Global Equity,TRUE,31-12-2022 00:00:00,,-0.030143,0.118253,-0.109076,0.036224,0.046503,0.114044,0.091009,-0.109076,0.110439,,,,,12,81732,IX1F00301098,1624,Nasdaq Biotech,0.123859,-0.059111,0.084684,0.025161
6489,6412,Biotech Hedge,Biotech Hedge,Developed Markets Public Equity,Global Developed Public Equity,Global Equity,TRUE,31-01-2023 00:00:00,,0.03503,0.062721,0.046287,0.068521,0.039649,0.11116,0.129227,0.03503,0.111604,,,,,12,81732,IX1F00301098,1624,Nasdaq Biotech,0.117302,-0.071373,0.060209,0.065526
6489,6412,Biotech Hedge,Biotech Hedge,Developed Markets Public Equity,Global Developed Public Equity,Global Equity,TRUE,31-12-2022 00:00:00,,-0.030143,0.118253,-0.109076,0.036224,0.046503,0.114044,0.091009,-0.109076,0.110439,,,,,12,81732,IX1F00301098,1624,Nasdaq Biotech,0.123859,-0.059111,0.084684,0.025161
4445,10672,UTIMCO,Total Public Equity,Total Regime,,Global Equity,TRUE,31-01-2023 00:00:00,,0.072808,0.127808,-0.085531,0.061605,,,0.061121,0.072808,,,,,,12,101180,UGEGX0903083,2104,PUF GEF Total Public Equity BM,0.02954,0.003979,0.078075,
4445,10672,UTIMCO,Total Public Equity,Total Regime,,Global Equity,TRUE,31-12-2022 00:00:00,,-0.035402,0.098066,-0.185711,0.030373,,,-0.010894,-0.185711,,,,,,12,101180,UGEGX0903083,2104,PUF GEF Total Public Equity BM,0.014807,-0.030671,0.080189,